{"type": "FeatureCollection", "features": [{"type": "Feature", "geometry": {"type": "Point", "coordinates": [80.773509, 7.000939]}, "properties": {"name": "Pidurutalagala", "lat": 7.000939, "lon": 80.773509, "elev_m": 2520.7, "prominence_m": 2520.7}}, {"type": "Feature", "geometry": {"type": "Point", "coordinates": [80.750947, 7.454268]}, "properties": {"name": "Gombaniya", "lat": 7.454268, "lon": 80.750947, "elev_m": 1893.0, "prominence_m": 1412.3}}, {"type": "Feature", "geometry": {"type": "Point", "coordinates": [80.57661, 6.436057]}, "properties": {"name": "", "lat": 6.436057, "lon": 80.57661, "elev_m": 1375.8, "prominence_m": 1125.1}}, {"type": "Feature", "geometry": {"type": "Point", "coordinates": [81.113143, 6.932724]}, "properties": {"name": "Namunukula", "lat": 6.932724, "lon": 81.113143, "elev_m": 2033.3, "prominence_m": 1022.6}}, {"type": "Feature", "geometry": {"type": "Point", "coordinates": [81.387812, 6.877652]}, "properties": {"name": "", "lat": 6.877652, "lon": 81.387812, "elev_m": 1109.3, "prominence_m": 928.6}}, {"type": "Feature", "geometry": {"type": "Point", "coordinates": [80.502483, 7.07031]}, "properties": {"name": "Kabaragala", "lat": 7.07031, "lon": 80.502483, "elev_m": 1508.1, "prominence_m": 847.4}}, {"type": "Feature", "geometry": {"type": "Point", "coordinates": [80.517394, 6.612916]}, "properties": {"name": "Kiribathgala", "lat": 6.612916, "lon": 80.517394, "elev_m": 944.7, "prominence_m": 794.0}}, {"type": "Feature", "geometry": {"type": "Point", "coordinates": [80.625363, 6.653113]}, "properties": {"name": "", "lat": 6.653113, "lon": 80.625363, "elev_m": 1522.5, "prominence_m": 761.8}}, {"type": "Feature", "geometry": {"type": "Point", "coordinates": [80.577741, 7.605874]}, "properties": {"name": "", "lat": 7.605874, "lon": 80.577741, "elev_m": 1206.4, "prominence_m": 745.7}}, {"type": "Feature", "geometry": {"type": "Point", "coordinates": [80.581328, 7.490036]}, "properties": {"name": "Brandigala", "lat": 7.490036, "lon": 80.581328, "elev_m": 1247.5, "prominence_m": 736.8}}, {"type": "Feature", "geometry": {"type": "Point", "coordinates": [80.499376, 6.809596]}, "properties": {"name": "Sri Paadaya Peak", "lat": 6.809596, "lon": 80.499376, "elev_m": 2190.0, "prominence_m": 689.3}}, {"type": "Feature", "geometry": {"type": "Point", "coordinates": [81.173758, 7.019761]}, "properties": {"name": "", "lat": 7.019761, "lon": 81.173758, "elev_m": 1510.7, "prominence_m": 670.0}}, {"type": "Feature", "geometry": {"type": "Point", "coordinates": [81.010572, 7.035606]}, "properties": {"name": "Narangala", "lat": 7.035606, "lon": 81.010572, "elev_m": 1565.7, "prominence_m": 665.0}}, {"type": "Feature", "geometry": {"type": "Point", "coordinates": [80.299527, 6.331968]}, "properties": {"name": "", "lat": 6.331968, "lon": 80.299527, "elev_m": 659.7, "prominence_m": 659.7}}, {"type": "Feature", "geometry": {"type": "Point", "coordinates": [81.407065, 7.263927]}, "properties": {"name": "Udaperuwahela", "lat": 7.263927, "lon": 81.407065, "elev_m": 865.0, "prominence_m": 654.3}}, {"type": "Feature", "geometry": {"type": "Point", "coordinates": [80.405434, 7.193407]}, "properties": {"name": "", "lat": 7.193407, "lon": 80.405434, "elev_m": 880.8, "prominence_m": 620.1}}, {"type": "Feature", "geometry": {"type": "Point", "coordinates": [80.361674, 6.600602]}, "properties": {"name": "", "lat": 6.600602, "lon": 80.361674, "elev_m": 926.1, "prominence_m": 615.4}}, {"type": "Feature", "geometry": {"type": "Point", "coordinates": [81.263401, 7.311035]}, "properties": {"name": "", "lat": 7.311035, "lon": 81.263401, "elev_m": 862.6, "prominence_m": 611.9}}, {"type": "Feature", "geometry": {"type": "Point", "coordinates": [80.37249, 6.968482]}, "properties": {"name": "", "lat": 6.968482, "lon": 80.37249, "elev_m": 941.6, "prominence_m": 610.9}}, {"type": "Feature", "geometry": {"type": "Point", "coordinates": [80.41475, 7.432147]}, "properties": {"name": "", "lat": 7.432147, "lon": 80.41475, "elev_m": 786.0, "prominence_m": 605.3}}, {"type": "Feature", "geometry": {"type": "Point", "coordinates": [80.710672, 7.774383]}, "properties": {"name": "", "lat": 7.774383, "lon": 80.710672, "elev_m": 880.3, "prominence_m": 599.6}}, {"type": "Feature", "geometry": {"type": "Point", "coordinates": [81.508147, 7.443084]}, "properties": {"name": "", "lat": 7.443084, "lon": 81.508147, "elev_m": 592.5, "prominence_m": 592.5}}, {"type": "Feature", "geometry": {"type": "Point", "coordinates": [80.656719, 8.109406]}, "properties": {"name": "Ritigala", "lat": 8.109406, "lon": 80.656719, "elev_m": 756.3, "prominence_m": 585.6}}, {"type": "Feature", "geometry": {"type": "Point", "coordinates": [80.802301, 7.165885]}, "properties": {"name": "", "lat": 7.165885, "lon": 80.802301, "elev_m": 1518.5, "prominence_m": 557.8}}, {"type": "Feature", "geometry": {"type": "Point", "coordinates": [81.48712, 7.380997]}, "properties": {"name": "", "lat": 7.380997, "lon": 81.48712, "elev_m": 676.8, "prominence_m": 556.1}}, {"type": "Feature", "geometry": {"type": "Point", "coordinates": [80.766454, 6.799094]}, "properties": {"name": "Kirigalpotta", "lat": 6.799094, "lon": 80.766454, "elev_m": 2380.4, "prominence_m": 549.7}}, {"type": "Feature", "geometry": {"type": "Point", "coordinates": [81.518181, 7.099097]}, "properties": {"name": "Wadinagala Summit", "lat": 7.099097, "lon": 81.518181, "elev_m": 667.8, "prominence_m": 547.1}}, {"type": "Feature", "geometry": {"type": "Point", "coordinates": [81.208891, 7.41662]}, "properties": {"name": "", "lat": 7.41662, "lon": 81.208891, "elev_m": 685.4, "prominence_m": 544.7}}, {"type": "Feature", "geometry": {"type": "Point", "coordinates": [80.402566, 7.04501]}, "properties": {"name": "", "lat": 7.04501, "lon": 80.402566, "elev_m": 1304.9, "prominence_m": 544.2}}, {"type": "Feature", "geometry": {"type": "Point", "coordinates": [80.221176, 6.81017]}, "properties": {"name": "", "lat": 6.81017, "lon": 80.221176, "elev_m": 539.6, "prominence_m": 539.6}}, {"type": "Feature", "geometry": {"type": "Point", "coordinates": [81.144861, 7.859681]}, "properties": {"name": "", "lat": 7.859681, "lon": 81.144861, "elev_m": 532.1, "prominence_m": 532.1}}, {"type": "Feature", "geometry": {"type": "Point", "coordinates": [80.632016, 7.085289]}, "properties": {"name": "Peacock Hill", "lat": 7.085289, "lon": 80.632016, "elev_m": 1499.4, "prominence_m": 528.7}}, {"type": "Feature", "geometry": {"type": "Point", "coordinates": [80.641863, 7.748866]}, "properties": {"name": "", "lat": 7.748866, "lon": 80.641863, "elev_m": 868.2, "prominence_m": 527.5}}, {"type": "Feature", "geometry": {"type": "Point", "coordinates": [81.102679, 7.48616]}, "properties": {"name": "", "lat": 7.48616, "lon": 81.102679, "elev_m": 677.2, "prominence_m": 526.5}}, {"type": "Feature", "geometry": {"type": "Point", "coordinates": [81.017244, 6.804461]}, "properties": {"name": "Nayabedde Peak", "lat": 6.804461, "lon": 81.017244, "elev_m": 1952.7, "prominence_m": 522.0}}, {"type": "Feature", "geometry": {"type": "Point", "coordinates": [80.264213, 6.663451]}, "properties": {"name": "", "lat": 6.663451, "lon": 80.264213, "elev_m": 682.2, "prominence_m": 511.5}}, {"type": "Feature", "geometry": {"type": "Point", "coordinates": [80.410975, 6.32826]}, "properties": {"name": "Mountain Peak Kalubovitiyana", "lat": 6.32826, "lon": 80.410975, "elev_m": 731.6, "prominence_m": 510.9}}, {"type": "Feature", "geometry": {"type": "Point", "coordinates": [80.659524, 6.769509]}, "properties": {"name": "", "lat": 6.769509, "lon": 80.659524, "elev_m": 2048.6, "prominence_m": 497.9}}, {"type": "Feature", "geometry": {"type": "Point", "coordinates": [81.321759, 7.263223]}, "properties": {"name": "", "lat": 7.263223, "lon": 81.321759, "elev_m": 756.0, "prominence_m": 495.3}}, {"type": "Feature", "geometry": {"type": "Point", "coordinates": [80.637412, 6.251592]}, "properties": {"name": "", "lat": 6.251592, "lon": 80.637412, "elev_m": 825.5, "prominence_m": 494.8}}, {"type": "Feature", "geometry": {"type": "Point", "coordinates": [80.411609, 7.612548]}, "properties": {"name": "Dolukanda", "lat": 7.612548, "lon": 80.411609, "elev_m": 623.8, "prominence_m": 493.1}}, {"type": "Feature", "geometry": {"type": "Point", "coordinates": [80.684752, 6.831099]}, "properties": {"name": "", "lat": 6.831099, "lon": 80.684752, "elev_m": 2076.9, "prominence_m": 486.2}}, {"type": "Feature", "geometry": {"type": "Point", "coordinates": [80.470558, 7.296816]}, "properties": {"name": "Alagalla", "lat": 7.296816, "lon": 80.470558, "elev_m": 1006.8, "prominence_m": 486.1}}, {"type": "Feature", "geometry": {"type": "Point", "coordinates": [81.341566, 6.792797]}, "properties": {"name": "", "lat": 6.792797, "lon": 81.341566, "elev_m": 656.6, "prominence_m": 485.9}}, {"type": "Feature", "geometry": {"type": "Point", "coordinates": [80.364106, 6.275865]}, "properties": {"name": "", "lat": 6.275865, "lon": 80.364106, "elev_m": 478.1, "prominence_m": 478.1}}, {"type": "Feature", "geometry": {"type": "Point", "coordinates": [81.387046, 7.124246]}, "properties": {"name": "", "lat": 7.124246, "lon": 81.387046, "elev_m": 664.8, "prominence_m": 474.1}}, {"type": "Feature", "geometry": {"type": "Point", "coordinates": [80.734055, 7.865267]}, "properties": {"name": "", "lat": 7.865267, "lon": 80.734055, "elev_m": 681.3, "prominence_m": 470.6}}, {"type": "Feature", "geometry": {"type": "Point", "coordinates": [81.372326, 7.290016]}, "properties": {"name": "", "lat": 7.290016, "lon": 81.372326, "elev_m": 720.0, "prominence_m": 469.3}}, {"type": "Feature", "geometry": {"type": "Point", "coordinates": [80.464222, 7.025523]}, "properties": {"name": "", "lat": 7.025523, "lon": 80.464222, "elev_m": 1333.5, "prominence_m": 462.8}}, {"type": "Feature", "geometry": {"type": "Point", "coordinates": [81.133328, 6.693701]}, "properties": {"name": "", "lat": 6.693701, "lon": 81.133328, "elev_m": 651.2, "prominence_m": 460.5}}, {"type": "Feature", "geometry": {"type": "Point", "coordinates": [80.587877, 6.763518]}, "properties": {"name": "", "lat": 6.763518, "lon": 80.587877, "elev_m": 2052.2, "prominence_m": 451.5}}, {"type": "Feature", "geometry": {"type": "Point", "coordinates": [80.445587, 6.477226]}, "properties": {"name": "", "lat": 6.477226, "lon": 80.445587, "elev_m": 881.4, "prominence_m": 450.7}}, {"type": "Feature", "geometry": {"type": "Point", "coordinates": [81.312034, 7.077679]}, "properties": {"name": "", "lat": 7.077679, "lon": 81.312034, "elev_m": 719.2, "prominence_m": 448.5}}, {"type": "Feature", "geometry": {"type": "Point", "coordinates": [81.316789, 6.962378]}, "properties": {"name": "", "lat": 6.962378, "lon": 81.316789, "elev_m": 718.9, "prominence_m": 448.2}}, {"type": "Feature", "geometry": {"type": "Point", "coordinates": [80.844693, 7.28742]}, "properties": {"name": "", "lat": 7.28742, "lon": 80.844693, "elev_m": 1328.6, "prominence_m": 447.9}}, {"type": "Feature", "geometry": {"type": "Point", "coordinates": [80.928869, 7.137917]}, "properties": {"name": "", "lat": 7.137917, "lon": 80.928869, "elev_m": 1193.3, "prominence_m": 442.6}}, {"type": "Feature", "geometry": {"type": "Point", "coordinates": [81.549529, 7.328811]}, "properties": {"name": "", "lat": 7.328811, "lon": 81.549529, "elev_m": 612.5, "prominence_m": 441.8}}, {"type": "Feature", "geometry": {"type": "Point", "coordinates": [80.581279, 6.971056]}, "properties": {"name": "", "lat": 6.971056, "lon": 80.581279, "elev_m": 1720.9, "prominence_m": 440.2}}, {"type": "Feature", "geometry": {"type": "Point", "coordinates": [81.424442, 7.444571]}, "properties": {"name": "", "lat": 7.444571, "lon": 81.424442, "elev_m": 540.4, "prominence_m": 439.7}}, {"type": "Feature", "geometry": {"type": "Point", "coordinates": [80.604432, 7.490588]}, "properties": {"name": "", "lat": 7.490588, "lon": 80.604432, "elev_m": 1208.5, "prominence_m": 437.8}}, {"type": "Feature", "geometry": {"type": "Point", "coordinates": [80.692118, 6.612976]}, "properties": {"name": "", "lat": 6.612976, "lon": 80.692118, "elev_m": 967.7, "prominence_m": 437.0}}, {"type": "Feature", "geometry": {"type": "Point", "coordinates": [80.381128, 7.93453]}, "properties": {"name": "Galgiriya Mountain", "lat": 7.93453, "lon": 80.381128, "elev_m": 567.7, "prominence_m": 437.0}}, {"type": "Feature", "geometry": {"type": "Point", "coordinates": [80.979664, 7.147393]}, "properties": {"name": "", "lat": 7.147393, "lon": 80.979664, "elev_m": 785.2, "prominence_m": 434.5}}, {"type": "Feature", "geometry": {"type": "Point", "coordinates": [80.483108, 6.317454]}, "properties": {"name": "", "lat": 6.317454, "lon": 80.483108, "elev_m": 834.7, "prominence_m": 434.0}}, {"type": "Feature", "geometry": {"type": "Point", "coordinates": [80.542394, 7.606941]}, "properties": {"name": "", "lat": 7.606941, "lon": 80.542394, "elev_m": 673.9, "prominence_m": 433.2}}, {"type": "Feature", "geometry": {"type": "Point", "coordinates": [80.249514, 6.450202]}, "properties": {"name": "", "lat": 6.450202, "lon": 80.249514, "elev_m": 432.8, "prominence_m": 432.8}}, {"type": "Feature", "geometry": {"type": "Point", "coordinates": [81.036977, 7.15062]}, "properties": {"name": "", "lat": 7.15062, "lon": 81.036977, "elev_m": 849.4, "prominence_m": 428.7}}, {"type": "Feature", "geometry": {"type": "Point", "coordinates": [80.495975, 7.490803]}, "properties": {"name": "", "lat": 7.490803, "lon": 80.495975, "elev_m": 816.4, "prominence_m": 425.7}}, {"type": "Feature", "geometry": {"type": "Point", "coordinates": [80.409814, 6.80194]}, "properties": {"name": "", "lat": 6.80194, "lon": 80.409814, "elev_m": 969.0, "prominence_m": 418.3}}, {"type": "Feature", "geometry": {"type": "Point", "coordinates": [80.680195, 7.82782]}, "properties": {"name": "", "lat": 7.82782, "lon": 80.680195, "elev_m": 618.6, "prominence_m": 417.9}}, {"type": "Feature", "geometry": {"type": "Point", "coordinates": [80.43611, 7.573774]}, "properties": {"name": "", "lat": 7.573774, "lon": 80.43611, "elev_m": 557.0, "prominence_m": 416.3}}, {"type": "Feature", "geometry": {"type": "Point", "coordinates": [80.855578, 7.383184]}, "properties": {"name": "Dumbaanagala", "lat": 7.383184, "lon": 80.855578, "elev_m": 1626.7, "prominence_m": 416.0}}, {"type": "Feature", "geometry": {"type": "Point", "coordinates": [80.373481, 7.079711]}, "properties": {"name": "", "lat": 7.079711, "lon": 80.373481, "elev_m": 966.6, "prominence_m": 415.9}}, {"type": "Feature", "geometry": {"type": "Point", "coordinates": [80.401628, 6.125594]}, "properties": {"name": "", "lat": 6.125594, "lon": 80.401628, "elev_m": 413.7, "prominence_m": 413.7}}, {"type": "Feature", "geometry": {"type": "Point", "coordinates": [80.431817, 7.148937]}, "properties": {"name": "", "lat": 7.148937, "lon": 80.431817, "elev_m": 1113.5, "prominence_m": 412.8}}, {"type": "Feature", "geometry": {"type": "Point", "coordinates": [80.587983, 7.81097]}, "properties": {"name": "", "lat": 7.81097, "lon": 80.587983, "elev_m": 613.2, "prominence_m": 412.5}}, {"type": "Feature", "geometry": {"type": "Point", "coordinates": [80.245453, 6.945026]}, "properties": {"name": "", "lat": 6.945026, "lon": 80.245453, "elev_m": 412.2, "prominence_m": 412.2}}, {"type": "Feature", "geometry": {"type": "Point", "coordinates": [81.278169, 7.63357]}, "properties": {"name": "", "lat": 7.63357, "lon": 81.278169, "elev_m": 511.8, "prominence_m": 411.1}}, {"type": "Feature", "geometry": {"type": "Point", "coordinates": [80.255465, 6.97515]}, "properties": {"name": "", "lat": 6.97515, "lon": 80.255465, "elev_m": 410.4, "prominence_m": 410.4}}, {"type": "Feature", "geometry": {"type": "Point", "coordinates": [80.405658, 6.912623]}, "properties": {"name": "", "lat": 6.912623, "lon": 80.405658, "elev_m": 720.0, "prominence_m": 409.3}}, {"type": "Feature", "geometry": {"type": "Point", "coordinates": [81.547941, 7.031774]}, "properties": {"name": "Govinda Hela", "lat": 7.031774, "lon": 81.547941, "elev_m": 509.6, "prominence_m": 408.9}}, {"type": "Feature", "geometry": {"type": "Point", "coordinates": [80.251896, 7.010955]}, "properties": {"name": "", "lat": 7.010955, "lon": 80.251896, "elev_m": 408.6, "prominence_m": 408.6}}, {"type": "Feature", "geometry": {"type": "Point", "coordinates": [81.326637, 7.025575]}, "properties": {"name": "", "lat": 7.025575, "lon": 81.326637, "elev_m": 688.0, "prominence_m": 407.3}}, {"type": "Feature", "geometry": {"type": "Point", "coordinates": [81.182605, 7.199617]}, "properties": {"name": "", "lat": 7.199617, "lon": 81.182605, "elev_m": 670.1, "prominence_m": 399.4}}, {"type": "Feature", "geometry": {"type": "Point", "coordinates": [81.431512, 6.875966]}, "properties": {"name": "", "lat": 6.875966, "lon": 81.431512, "elev_m": 555.0, "prominence_m": 394.3}}, {"type": "Feature", "geometry": {"type": "Point", "coordinates": [81.368051, 7.345091]}, "properties": {"name": "", "lat": 7.345091, "lon": 81.368051, "elev_m": 654.6, "prominence_m": 393.9}}, {"type": "Feature", "geometry": {"type": "Point", "coordinates": [81.448894, 6.882724]}, "properties": {"name": "", "lat": 6.882724, "lon": 81.448894, "elev_m": 540.2, "prominence_m": 389.5}}, {"type": "Feature", "geometry": {"type": "Point", "coordinates": [80.699588, 7.387253]}, "properties": {"name": "Hunnasgiriya", "lat": 7.387253, "lon": 80.699588, "elev_m": 1499.8, "prominence_m": 389.1}}, {"type": "Feature", "geometry": {"type": "Point", "coordinates": [81.456177, 7.039512]}, "properties": {"name": "", "lat": 7.039512, "lon": 81.456177, "elev_m": 557.9, "prominence_m": 387.2}}, {"type": "Feature", "geometry": {"type": "Point", "coordinates": [80.638888, 7.696778]}, "properties": {"name": "Arangala", "lat": 7.696778, "lon": 80.638888, "elev_m": 746.9, "prominence_m": 376.2}}, {"type": "Feature", "geometry": {"type": "Point", "coordinates": [81.481453, 7.232621]}, "properties": {"name": "", "lat": 7.232621, "lon": 81.481453, "elev_m": 496.2, "prominence_m": 375.5}}, {"type": "Feature", "geometry": {"type": "Point", "coordinates": [81.336362, 7.208407]}, "properties": {"name": "Yakunnehela Summit", "lat": 7.208407, "lon": 81.336362, "elev_m": 606.1, "prominence_m": 375.4}}, {"type": "Feature", "geometry": {"type": "Point", "coordinates": [81.341803, 6.99219]}, "properties": {"name": "", "lat": 6.99219, "lon": 81.341803, "elev_m": 672.7, "prominence_m": 372.0}}, {"type": "Feature", "geometry": {"type": "Point", "coordinates": [80.552726, 6.474029]}, "properties": {"name": "", "lat": 6.474029, "lon": 80.552726, "elev_m": 1241.6, "prominence_m": 370.9}}, {"type": "Feature", "geometry": {"type": "Point", "coordinates": [80.557844, 6.555963]}, "properties": {"name": "", "lat": 6.555963, "lon": 80.557844, "elev_m": 681.4, "prominence_m": 370.7}}, {"type": "Feature", "geometry": {"type": "Point", "coordinates": [80.407446, 7.390634]}, "properties": {"name": "", "lat": 7.390634, "lon": 80.407446, "elev_m": 701.3, "prominence_m": 370.6}}, {"type": "Feature", "geometry": {"type": "Point", "coordinates": [80.820529, 7.466203]}, "properties": {"name": "", "lat": 7.466203, "lon": 80.820529, "elev_m": 1550.9, "prominence_m": 370.2}}, {"type": "Feature", "geometry": {"type": "Point", "coordinates": [80.858256, 7.164793]}, "properties": {"name": "", "lat": 7.164793, "lon": 80.858256, "elev_m": 790.3, "prominence_m": 369.6}}, {"type": "Feature", "geometry": {"type": "Point", "coordinates": [81.128108, 6.976663]}, "properties": {"name": "", "lat": 6.976663, "lon": 81.128108, "elev_m": 1499.5, "prominence_m": 368.8}}, {"type": "Feature", "geometry": {"type": "Point", "coordinates": [81.427111, 7.4112]}, "properties": {"name": "Yaka Netu Hela", "lat": 7.4112, "lon": 81.427111, "elev_m": 477.9, "prominence_m": 367.2}}, {"type": "Feature", "geometry": {"type": "Point", "coordinates": [80.888196, 7.411119]}, "properties": {"name": "", "lat": 7.411119, "lon": 80.888196, "elev_m": 1494.7, "prominence_m": 364.0}}, {"type": "Feature", "geometry": {"type": "Point", "coordinates": [80.503922, 7.387719]}, "properties": {"name": "", "lat": 7.387719, "lon": 80.503922, "elev_m": 613.9, "prominence_m": 363.2}}, {"type": "Feature", "geometry": {"type": "Point", "coordinates": [80.444335, 7.115306]}, "properties": {"name": "", "lat": 7.115306, "lon": 80.444335, "elev_m": 1262.4, "prominence_m": 361.7}}, {"type": "Feature", "geometry": {"type": "Point", "coordinates": [80.360208, 6.404184]}, "properties": {"name": "", "lat": 6.404184, "lon": 80.360208, "elev_m": 580.1, "prominence_m": 359.4}}, {"type": "Feature", "geometry": {"type": "Point", "coordinates": [81.27173, 6.707146]}, "properties": {"name": "", "lat": 6.707146, "lon": 81.27173, "elev_m": 549.2, "prominence_m": 358.5}}, {"type": "Feature", "geometry": {"type": "Point", "coordinates": [80.460756, 6.929483]}, "properties": {"name": "", "lat": 6.929483, "lon": 80.460756, "elev_m": 1048.2, "prominence_m": 357.5}}, {"type": "Feature", "geometry": {"type": "Point", "coordinates": [81.266932, 6.793692]}, "properties": {"name": "", "lat": 6.793692, "lon": 81.266932, "elev_m": 643.3, "prominence_m": 352.6}}, {"type": "Feature", "geometry": {"type": "Point", "coordinates": [81.573588, 6.944382]}, "properties": {"name": "", "lat": 6.944382, "lon": 81.573588, "elev_m": 442.5, "prominence_m": 351.8}}, {"type": "Feature", "geometry": {"type": "Point", "coordinates": [80.71125, 7.551928]}, "properties": {"name": "", "lat": 7.551928, "lon": 80.71125, "elev_m": 1381.2, "prominence_m": 350.5}}, {"type": "Feature", "geometry": {"type": "Point", "coordinates": [80.547246, 7.161217]}, "properties": {"name": "Ambuluwaawa", "lat": 7.161217, "lon": 80.547246, "elev_m": 1068.2, "prominence_m": 347.5}}, {"type": "Feature", "geometry": {"type": "Point", "coordinates": [80.350809, 6.615786]}, "properties": {"name": "", "lat": 6.615786, "lon": 80.350809, "elev_m": 846.5, "prominence_m": 345.8}}, {"type": "Feature", "geometry": {"type": "Point", "coordinates": [80.450247, 6.813363]}, "properties": {"name": "", "lat": 6.813363, "lon": 80.450247, "elev_m": 1555.0, "prominence_m": 344.3}}, {"type": "Feature", "geometry": {"type": "Point", "coordinates": [81.479458, 7.346829]}, "properties": {"name": "Mahabaliaula", "lat": 7.346829, "lon": 81.479458, "elev_m": 594.5, "prominence_m": 343.8}}, {"type": "Feature", "geometry": {"type": "Point", "coordinates": [80.536611, 7.737969]}, "properties": {"name": "", "lat": 7.737969, "lon": 80.536611, "elev_m": 630.6, "prominence_m": 339.9}}, {"type": "Feature", "geometry": {"type": "Point", "coordinates": [81.478811, 7.104042]}, "properties": {"name": "", "lat": 7.104042, "lon": 81.478811, "elev_m": 560.2, "prominence_m": 339.5}}, {"type": "Feature", "geometry": {"type": "Point", "coordinates": [80.436592, 6.542331]}, "properties": {"name": "", "lat": 6.542331, "lon": 80.436592, "elev_m": 689.8, "prominence_m": 339.1}}, {"type": "Feature", "geometry": {"type": "Point", "coordinates": [80.242131, 6.759463]}, "properties": {"name": "", "lat": 6.759463, "lon": 80.242131, "elev_m": 489.5, "prominence_m": 338.8}}, {"type": "Feature", "geometry": {"type": "Point", "coordinates": [80.638491, 7.227991]}, "properties": {"name": "Hantana 1", "lat": 7.227991, "lon": 80.638491, "elev_m": 1307.4, "prominence_m": 336.7}}, {"type": "Feature", "geometry": {"type": "Point", "coordinates": [81.634991, 7.119783]}, "properties": {"name": "", "lat": 7.119783, "lon": 81.634991, "elev_m": 437.3, "prominence_m": 336.6}}, {"type": "Feature", "geometry": {"type": "Point", "coordinates": [81.335955, 6.386687]}, "properties": {"name": "Wedasitikanda", "lat": 6.386687, "lon": 81.335955, "elev_m": 416.1, "prominence_m": 335.4}}, {"type": "Feature", "geometry": {"type": "Point", "coordinates": [80.172844, 6.827745]}, "properties": {"name": "", "lat": 6.827745, "lon": 80.172844, "elev_m": 456.0, "prominence_m": 335.3}}, {"type": "Feature", "geometry": {"type": "Point", "coordinates": [80.840371, 7.465116]}, "properties": {"name": "Lakegala", "lat": 7.465116, "lon": 80.840371, "elev_m": 1245.2, "prominence_m": 334.5}}, {"type": "Feature", "geometry": {"type": "Point", "coordinates": [80.810739, 7.400823]}, "properties": {"name": "Knuckles", "lat": 7.400823, "lon": 80.810739, "elev_m": 1854.4, "prominence_m": 333.7}}, {"type": "Feature", "geometry": {"type": "Point", "coordinates": [80.890182, 7.731238]}, "properties": {"name": "", "lat": 7.731238, "lon": 80.890182, "elev_m": 502.7, "prominence_m": 332.0}}, {"type": "Feature", "geometry": {"type": "Point", "coordinates": [80.645922, 6.886163]}, "properties": {"name": "Dell Hill", "lat": 6.886163, "lon": 80.645922, "elev_m": 1882.6, "prominence_m": 331.9}}, {"type": "Feature", "geometry": {"type": "Point", "coordinates": [80.494923, 6.527988]}, "properties": {"name": "Iharakanda", "lat": 6.527988, "lon": 80.494923, "elev_m": 762.3, "prominence_m": 331.6}}, {"type": "Feature", "geometry": {"type": "Point", "coordinates": [80.613295, 6.210889]}, "properties": {"name": "", "lat": 6.210889, "lon": 80.613295, "elev_m": 742.0, "prominence_m": 331.3}}, {"type": "Feature", "geometry": {"type": "Point", "coordinates": [81.576655, 7.455444]}, "properties": {"name": "", "lat": 7.455444, "lon": 81.576655, "elev_m": 331.2, "prominence_m": 331.2}}, {"type": "Feature", "geometry": {"type": "Point", "coordinates": [80.43894, 6.679879]}, "properties": {"name": "", "lat": 6.679879, "lon": 80.43894, "elev_m": 480.8, "prominence_m": 330.1}}, {"type": "Feature", "geometry": {"type": "Point", "coordinates": [80.702065, 7.198706]}, "properties": {"name": "", "lat": 7.198706, "lon": 80.702065, "elev_m": 1339.8, "prominence_m": 329.1}}, {"type": "Feature", "geometry": {"type": "Point", "coordinates": [80.322731, 7.583166]}, "properties": {"name": "Yakdessagala", "lat": 7.583166, "lon": 80.322731, "elev_m": 458.4, "prominence_m": 327.7}}, {"type": "Feature", "geometry": {"type": "Point", "coordinates": [81.235994, 7.604862]}, "properties": {"name": "", "lat": 7.604862, "lon": 81.235994, "elev_m": 428.0, "prominence_m": 327.3}}, {"type": "Feature", "geometry": {"type": "Point", "coordinates": [81.434821, 6.71455]}, "properties": {"name": "", "lat": 6.71455, "lon": 81.434821, "elev_m": 436.9, "prominence_m": 326.2}}, {"type": "Feature", "geometry": {"type": "Point", "coordinates": [80.438291, 6.435984]}, "properties": {"name": "", "lat": 6.435984, "lon": 80.438291, "elev_m": 736.2, "prominence_m": 325.5}}, {"type": "Feature", "geometry": {"type": "Point", "coordinates": [80.606316, 7.538607]}, "properties": {"name": "", "lat": 7.538607, "lon": 80.606316, "elev_m": 916.1, "prominence_m": 325.4}}, {"type": "Feature", "geometry": {"type": "Point", "coordinates": [81.278565, 7.264901]}, "properties": {"name": "", "lat": 7.264901, "lon": 81.278565, "elev_m": 596.0, "prominence_m": 325.3}}, {"type": "Feature", "geometry": {"type": "Point", "coordinates": [80.28032, 7.340595]}, "properties": {"name": "", "lat": 7.340595, "lon": 80.28032, "elev_m": 416.0, "prominence_m": 325.3}}, {"type": "Feature", "geometry": {"type": "Point", "coordinates": [81.461631, 6.676263]}, "properties": {"name": "", "lat": 6.676263, "lon": 81.461631, "elev_m": 435.8, "prominence_m": 325.1}}, {"type": "Feature", "geometry": {"type": "Point", "coordinates": [81.161605, 7.100073]}, "properties": {"name": "", "lat": 7.100073, "lon": 81.161605, "elev_m": 1505.5, "prominence_m": 324.8}}, {"type": "Feature", "geometry": {"type": "Point", "coordinates": [80.893335, 7.320236]}, "properties": {"name": "", "lat": 7.320236, "lon": 80.893335, "elev_m": 1113.7, "prominence_m": 323.0}}, {"type": "Feature", "geometry": {"type": "Point", "coordinates": [80.670207, 6.304503]}, "properties": {"name": "", "lat": 6.304503, "lon": 80.670207, "elev_m": 713.7, "prominence_m": 323.0}}, {"type": "Feature", "geometry": {"type": "Point", "coordinates": [80.758867, 6.451017]}, "properties": {"name": "", "lat": 6.451017, "lon": 80.758867, "elev_m": 503.7, "prominence_m": 323.0}}, {"type": "Feature", "geometry": {"type": "Point", "coordinates": [81.296871, 7.117574]}, "properties": {"name": "", "lat": 7.117574, "lon": 81.296871, "elev_m": 542.9, "prominence_m": 322.2}}, {"type": "Feature", "geometry": {"type": "Point", "coordinates": [80.903324, 7.088007]}, "properties": {"name": "", "lat": 7.088007, "lon": 80.903324, "elev_m": 1391.9, "prominence_m": 321.2}}, {"type": "Feature", "geometry": {"type": "Point", "coordinates": [80.771593, 8.442283]}, "properties": {"name": "", "lat": 8.442283, "lon": 80.771593, "elev_m": 411.7, "prominence_m": 321.0}}, {"type": "Feature", "geometry": {"type": "Point", "coordinates": [80.41394, 6.728423]}, "properties": {"name": "", "lat": 6.728423, "lon": 80.41394, "elev_m": 571.4, "prominence_m": 320.7}}, {"type": "Feature", "geometry": {"type": "Point", "coordinates": [81.551262, 7.542565]}, "properties": {"name": "", "lat": 7.542565, "lon": 81.551262, "elev_m": 319.8, "prominence_m": 319.8}}, {"type": "Feature", "geometry": {"type": "Point", "coordinates": [80.514578, 6.285186]}, "properties": {"name": "", "lat": 6.285186, "lon": 80.514578, "elev_m": 719.8, "prominence_m": 319.1}}, {"type": "Feature", "geometry": {"type": "Point", "coordinates": [81.13266, 7.246863]}, "properties": {"name": "", "lat": 7.246863, "lon": 81.13266, "elev_m": 598.4, "prominence_m": 317.7}}, {"type": "Feature", "geometry": {"type": "Point", "coordinates": [80.196995, 6.602608]}, "properties": {"name": "Thunkadulla", "lat": 6.602608, "lon": 80.196995, "elev_m": 317.6, "prominence_m": 317.6}}, {"type": "Feature", "geometry": {"type": "Point", "coordinates": [81.539956, 7.450083]}, "properties": {"name": "", "lat": 7.450083, "lon": 81.539956, "elev_m": 317.4, "prominence_m": 317.4}}, {"type": "Feature", "geometry": {"type": "Point", "coordinates": [80.325656, 6.218047]}, "properties": {"name": "", "lat": 6.218047, "lon": 80.325656, "elev_m": 315.3, "prominence_m": 315.3}}, {"type": "Feature", "geometry": {"type": "Point", "coordinates": [80.453217, 6.837239]}, "properties": {"name": "", "lat": 6.837239, "lon": 80.453217, "elev_m": 1525.7, "prominence_m": 315.0}}, {"type": "Feature", "geometry": {"type": "Point", "coordinates": [80.127271, 7.574238]}, "properties": {"name": "", "lat": 7.574238, "lon": 80.127271, "elev_m": 313.4, "prominence_m": 313.4}}, {"type": "Feature", "geometry": {"type": "Point", "coordinates": [80.729465, 7.548946]}, "properties": {"name": "Patanagala", "lat": 7.548946, "lon": 80.729465, "elev_m": 1503.1, "prominence_m": 312.4}}, {"type": "Feature", "geometry": {"type": "Point", "coordinates": [81.621564, 7.490081]}, "properties": {"name": "Rajagala", "lat": 7.490081, "lon": 81.621564, "elev_m": 312.1, "prominence_m": 312.1}}, {"type": "Feature", "geometry": {"type": "Point", "coordinates": [80.33622, 6.545508]}, "properties": {"name": "", "lat": 6.545508, "lon": 80.33622, "elev_m": 561.8, "prominence_m": 311.1}}, {"type": "Feature", "geometry": {"type": "Point", "coordinates": [81.251416, 7.282292]}, "properties": {"name": "", "lat": 7.282292, "lon": 81.251416, "elev_m": 661.7, "prominence_m": 311.0}}, {"type": "Feature", "geometry": {"type": "Point", "coordinates": [80.38315, 7.810015]}, "properties": {"name": "", "lat": 7.810015, "lon": 80.38315, "elev_m": 441.2, "prominence_m": 310.5}}, {"type": "Feature", "geometry": {"type": "Point", "coordinates": [81.536304, 7.219783]}, "properties": {"name": "Inginiyagala Summit", "lat": 7.219783, "lon": 81.536304, "elev_m": 310.2, "prominence_m": 310.2}}, {"type": "Feature", "geometry": {"type": "Point", "coordinates": [80.443353, 6.96908]}, "properties": {"name": "", "lat": 6.96908, "lon": 80.443353, "elev_m": 850.6, "prominence_m": 309.9}}, {"type": "Feature", "geometry": {"type": "Point", "coordinates": [80.45176, 6.145974]}, "properties": {"name": "", "lat": 6.145974, "lon": 80.45176, "elev_m": 309.4, "prominence_m": 309.4}}, {"type": "Feature", "geometry": {"type": "Point", "coordinates": [80.217348, 7.064629]}, "properties": {"name": "", "lat": 7.064629, "lon": 80.217348, "elev_m": 409.3, "prominence_m": 308.6}}, {"type": "Feature", "geometry": {"type": "Point", "coordinates": [81.317704, 7.279505]}, "properties": {"name": "", "lat": 7.279505, "lon": 81.317704, "elev_m": 699.1, "prominence_m": 308.4}}, {"type": "Feature", "geometry": {"type": "Point", "coordinates": [80.418119, 6.947629]}, "properties": {"name": "", "lat": 6.947629, "lon": 80.418119, "elev_m": 698.9, "prominence_m": 308.2}}, {"type": "Feature", "geometry": {"type": "Point", "coordinates": [80.547214, 6.665834]}, "properties": {"name": "Thoppikanda", "lat": 6.665834, "lon": 80.547214, "elev_m": 918.8, "prominence_m": 308.1}}, {"type": "Feature", "geometry": {"type": "Point", "coordinates": [80.433959, 7.189903]}, "properties": {"name": "Bible Rock", "lat": 7.189903, "lon": 80.433959, "elev_m": 788.7, "prominence_m": 308.0}}, {"type": "Feature", "geometry": {"type": "Point", "coordinates": [80.30458, 6.440218]}, "properties": {"name": "", "lat": 6.440218, "lon": 80.30458, "elev_m": 397.7, "prominence_m": 307.0}}, {"type": "Feature", "geometry": {"type": "Point", "coordinates": [81.364038, 7.183957]}, "properties": {"name": "Bulupitihela Summit", "lat": 7.183957, "lon": 81.364038, "elev_m": 497.6, "prominence_m": 306.9}}, {"type": "Feature", "geometry": {"type": "Point", "coordinates": [81.51777, 7.508986]}, "properties": {"name": "", "lat": 7.508986, "lon": 81.51777, "elev_m": 385.0, "prominence_m": 304.3}}, {"type": "Feature", "geometry": {"type": "Point", "coordinates": [80.351118, 6.244655]}, "properties": {"name": "", "lat": 6.244655, "lon": 80.351118, "elev_m": 474.9, "prominence_m": 304.2}}, {"type": "Feature", "geometry": {"type": "Point", "coordinates": [81.368999, 7.644577]}, "properties": {"name": "Thuduvila", "lat": 7.644577, "lon": 81.368999, "elev_m": 304.0, "prominence_m": 304.0}}, {"type": "Feature", "geometry": {"type": "Point", "coordinates": [80.196386, 6.659035]}, "properties": {"name": "", "lat": 6.659035, "lon": 80.196386, "elev_m": 304.0, "prominence_m": 304.0}}, {"type": "Feature", "geometry": {"type": "Point", "coordinates": [80.291611, 6.669989]}, "properties": {"name": "", "lat": 6.669989, "lon": 80.291611, "elev_m": 424.0, "prominence_m": 303.3}}, {"type": "Feature", "geometry": {"type": "Point", "coordinates": [81.433755, 7.492843]}, "properties": {"name": "", "lat": 7.492843, "lon": 81.433755, "elev_m": 383.7, "prominence_m": 303.0}}, {"type": "Feature", "geometry": {"type": "Point", "coordinates": [81.325068, 7.735784]}, "properties": {"name": "", "lat": 7.735784, "lon": 81.325068, "elev_m": 382.1, "prominence_m": 301.4}}, {"type": "Feature", "geometry": {"type": "Point", "coordinates": [80.664773, 6.354422]}, "properties": {"name": "", "lat": 6.354422, "lon": 80.664773, "elev_m": 992.0, "prominence_m": 301.3}}, {"type": "Feature", "geometry": {"type": "Point", "coordinates": [81.218868, 7.05743]}, "properties": {"name": "", "lat": 7.05743, "lon": 81.218868, "elev_m": 1041.5, "prominence_m": 300.8}}, {"type": "Feature", "geometry": {"type": "Point", "coordinates": [81.034503, 7.099076]}, "properties": {"name": "", "lat": 7.099076, "lon": 81.034503, "elev_m": 919.8, "prominence_m": 299.1}}, {"type": "Feature", "geometry": {"type": "Point", "coordinates": [80.36934, 6.842058]}, "properties": {"name": "", "lat": 6.842058, "lon": 80.36934, "elev_m": 599.8, "prominence_m": 299.1}}, {"type": "Feature", "geometry": {"type": "Point", "coordinates": [80.443425, 7.607962]}, "properties": {"name": "", "lat": 7.607962, "lon": 80.443425, "elev_m": 449.1, "prominence_m": 298.4}}, {"type": "Feature", "geometry": {"type": "Point", "coordinates": [80.705263, 7.589093]}, "properties": {"name": "Opalgala", "lat": 7.589093, "lon": 80.705263, "elev_m": 1309.0, "prominence_m": 298.3}}, {"type": "Feature", "geometry": {"type": "Point", "coordinates": [80.811789, 6.917921]}, "properties": {"name": "Hakgala Peak", "lat": 6.917921, "lon": 80.811789, "elev_m": 2166.4, "prominence_m": 295.7}}, {"type": "Feature", "geometry": {"type": "Point", "coordinates": [80.733316, 7.076086]}, "properties": {"name": "", "lat": 7.076086, "lon": 80.733316, "elev_m": 2126.3, "prominence_m": 295.6}}, {"type": "Feature", "geometry": {"type": "Point", "coordinates": [81.487226, 7.276287]}, "properties": {"name": "", "lat": 7.276287, "lon": 81.487226, "elev_m": 426.1, "prominence_m": 295.4}}, {"type": "Feature", "geometry": {"type": "Point", "coordinates": [80.967515, 6.65337]}, "properties": {"name": "", "lat": 6.65337, "lon": 80.967515, "elev_m": 635.5, "prominence_m": 294.8}}, {"type": "Feature", "geometry": {"type": "Point", "coordinates": [80.449903, 6.080318]}, "properties": {"name": "", "lat": 6.080318, "lon": 80.449903, "elev_m": 293.6, "prominence_m": 293.6}}, {"type": "Feature", "geometry": {"type": "Point", "coordinates": [81.461174, 6.737573]}, "properties": {"name": "", "lat": 6.737573, "lon": 81.461174, "elev_m": 424.1, "prominence_m": 293.4}}, {"type": "Feature", "geometry": {"type": "Point", "coordinates": [80.764256, 7.77276]}, "properties": {"name": "", "lat": 7.77276, "lon": 80.764256, "elev_m": 513.8, "prominence_m": 293.1}}, {"type": "Feature", "geometry": {"type": "Point", "coordinates": [81.370545, 7.174725]}, "properties": {"name": "Nilgala Summit", "lat": 7.174725, "lon": 81.370545, "elev_m": 493.0, "prominence_m": 292.3}}, {"type": "Feature", "geometry": {"type": "Point", "coordinates": [81.005065, 6.87853]}, "properties": {"name": "", "lat": 6.87853, "lon": 81.005065, "elev_m": 1472.9, "prominence_m": 292.2}}, {"type": "Feature", "geometry": {"type": "Point", "coordinates": [80.619858, 6.895379]}, "properties": {"name": "Kotagala", "lat": 6.895379, "lon": 80.619858, "elev_m": 1742.8, "prominence_m": 292.1}}, {"type": "Feature", "geometry": {"type": "Point", "coordinates": [81.331632, 7.763988]}, "properties": {"name": "", "lat": 7.763988, "lon": 81.331632, "elev_m": 372.6, "prominence_m": 291.9}}, {"type": "Feature", "geometry": {"type": "Point", "coordinates": [80.260286, 6.785255]}, "properties": {"name": "", "lat": 6.785255, "lon": 80.260286, "elev_m": 391.5, "prominence_m": 290.8}}, {"type": "Feature", "geometry": {"type": "Point", "coordinates": [80.429752, 6.626699]}, "properties": {"name": "", "lat": 6.626699, "lon": 80.429752, "elev_m": 287.8, "prominence_m": 287.8}}, {"type": "Feature", "geometry": {"type": "Point", "coordinates": [80.844113, 7.043256]}, "properties": {"name": "Mahakudugala", "lat": 7.043256, "lon": 80.844113, "elev_m": 2098.1, "prominence_m": 287.4}}, {"type": "Feature", "geometry": {"type": "Point", "coordinates": [81.004511, 7.404021]}, "properties": {"name": "", "lat": 7.404021, "lon": 81.004511, "elev_m": 387.8, "prominence_m": 287.1}}, {"type": "Feature", "geometry": {"type": "Point", "coordinates": [80.182533, 6.89395]}, "properties": {"name": "", "lat": 6.89395, "lon": 80.182533, "elev_m": 397.6, "prominence_m": 286.9}}, {"type": "Feature", "geometry": {"type": "Point", "coordinates": [81.534405, 7.056482]}, "properties": {"name": "", "lat": 7.056482, "lon": 81.534405, "elev_m": 417.2, "prominence_m": 286.5}}, {"type": "Feature", "geometry": {"type": "Point", "coordinates": [80.766975, 7.825661]}, "properties": {"name": "", "lat": 7.825661, "lon": 80.766975, "elev_m": 565.6, "prominence_m": 284.9}}, {"type": "Feature", "geometry": {"type": "Point", "coordinates": [80.477882, 6.446589]}, "properties": {"name": "", "lat": 6.446589, "lon": 80.477882, "elev_m": 845.2, "prominence_m": 284.5}}, {"type": "Feature", "geometry": {"type": "Point", "coordinates": [80.653918, 6.38589]}, "properties": {"name": "Gongala", "lat": 6.38589, "lon": 80.653918, "elev_m": 1355.1, "prominence_m": 284.4}}, {"type": "Feature", "geometry": {"type": "Point", "coordinates": [81.393893, 7.748439]}, "properties": {"name": "", "lat": 7.748439, "lon": 81.393893, "elev_m": 283.5, "prominence_m": 283.5}}, {"type": "Feature", "geometry": {"type": "Point", "coordinates": [80.100163, 6.588922]}, "properties": {"name": "", "lat": 6.588922, "lon": 80.100163, "elev_m": 281.5, "prominence_m": 281.5}}, {"type": "Feature", "geometry": {"type": "Point", "coordinates": [81.407078, 7.465212]}, "properties": {"name": "Gorikana Mountain", "lat": 7.465212, "lon": 81.407078, "elev_m": 391.7, "prominence_m": 281.0}}, {"type": "Feature", "geometry": {"type": "Point", "coordinates": [80.518561, 8.329077]}, "properties": {"name": "Katupotha Kanda", "lat": 8.329077, "lon": 80.518561, "elev_m": 391.5, "prominence_m": 280.8}}, {"type": "Feature", "geometry": {"type": "Point", "coordinates": [81.024489, 6.640594]}, "properties": {"name": "", "lat": 6.640594, "lon": 81.024489, "elev_m": 561.3, "prominence_m": 280.6}}, {"type": "Feature", "geometry": {"type": "Point", "coordinates": [80.733544, 7.532669]}, "properties": {"name": "", "lat": 7.532669, "lon": 80.733544, "elev_m": 1470.7, "prominence_m": 280.0}}, {"type": "Feature", "geometry": {"type": "Point", "coordinates": [80.794972, 7.301532]}, "properties": {"name": "", "lat": 7.301532, "lon": 80.794972, "elev_m": 940.2, "prominence_m": 279.5}}, {"type": "Feature", "geometry": {"type": "Point", "coordinates": [81.274242, 6.776322]}, "properties": {"name": "", "lat": 6.776322, "lon": 81.274242, "elev_m": 480.0, "prominence_m": 279.3}}, {"type": "Feature", "geometry": {"type": "Point", "coordinates": [81.526223, 6.50635]}, "properties": {"name": "", "lat": 6.50635, "lon": 81.526223, "elev_m": 278.9, "prominence_m": 278.9}}, {"type": "Feature", "geometry": {"type": "Point", "coordinates": [80.338085, 6.267433]}, "properties": {"name": "", "lat": 6.267433, "lon": 80.338085, "elev_m": 469.5, "prominence_m": 278.8}}, {"type": "Feature", "geometry": {"type": "Point", "coordinates": [80.302289, 6.849593]}, "properties": {"name": "", "lat": 6.849593, "lon": 80.302289, "elev_m": 379.4, "prominence_m": 278.7}}, {"type": "Feature", "geometry": {"type": "Point", "coordinates": [80.401671, 6.44464]}, "properties": {"name": "", "lat": 6.44464, "lon": 80.401671, "elev_m": 688.9, "prominence_m": 278.2}}, {"type": "Feature", "geometry": {"type": "Point", "coordinates": [80.874651, 7.606179]}, "properties": {"name": "", "lat": 7.606179, "lon": 80.874651, "elev_m": 528.8, "prominence_m": 278.1}}, {"type": "Feature", "geometry": {"type": "Point", "coordinates": [80.347906, 6.520559]}, "properties": {"name": "", "lat": 6.520559, "lon": 80.347906, "elev_m": 538.5, "prominence_m": 277.8}}, {"type": "Feature", "geometry": {"type": "Point", "coordinates": [80.386706, 6.849398]}, "properties": {"name": "", "lat": 6.849398, "lon": 80.386706, "elev_m": 738.4, "prominence_m": 277.7}}, {"type": "Feature", "geometry": {"type": "Point", "coordinates": [81.491261, 7.076353]}, "properties": {"name": "", "lat": 7.076353, "lon": 81.491261, "elev_m": 538.4, "prominence_m": 277.7}}, {"type": "Feature", "geometry": {"type": "Point", "coordinates": [81.60792, 7.167847]}, "properties": {"name": "", "lat": 7.167847, "lon": 81.60792, "elev_m": 277.3, "prominence_m": 277.3}}, {"type": "Feature", "geometry": {"type": "Point", "coordinates": [80.916703, 7.318873]}, "properties": {"name": "", "lat": 7.318873, "lon": 80.916703, "elev_m": 1107.1, "prominence_m": 276.4}}, {"type": "Feature", "geometry": {"type": "Point", "coordinates": [80.974006, 7.252656]}, "properties": {"name": "", "lat": 7.252656, "lon": 80.974006, "elev_m": 617.0, "prominence_m": 276.3}}, {"type": "Feature", "geometry": {"type": "Point", "coordinates": [80.357494, 7.039818]}, "properties": {"name": "", "lat": 7.039818, "lon": 80.357494, "elev_m": 816.7, "prominence_m": 276.0}}, {"type": "Feature", "geometry": {"type": "Point", "coordinates": [80.342077, 6.672478]}, "properties": {"name": "", "lat": 6.672478, "lon": 80.342077, "elev_m": 275.8, "prominence_m": 275.8}}, {"type": "Feature", "geometry": {"type": "Point", "coordinates": [81.458743, 7.481412]}, "properties": {"name": "Maha Seethala Wanniya", "lat": 7.481412, "lon": 81.458743, "elev_m": 466.4, "prominence_m": 275.7}}, {"type": "Feature", "geometry": {"type": "Point", "coordinates": [80.498519, 6.883658]}, "properties": {"name": "Saptha Kanya 7", "lat": 6.883658, "lon": 80.498519, "elev_m": 1566.0, "prominence_m": 275.3}}, {"type": "Feature", "geometry": {"type": "Point", "coordinates": [80.774593, 7.524261]}, "properties": {"name": "Maningala", "lat": 7.524261, "lon": 80.774593, "elev_m": 1095.5, "prominence_m": 274.8}}, {"type": "Feature", "geometry": {"type": "Point", "coordinates": [80.174219, 6.592001]}, "properties": {"name": "", "lat": 6.592001, "lon": 80.174219, "elev_m": 274.8, "prominence_m": 274.8}}, {"type": "Feature", "geometry": {"type": "Point", "coordinates": [80.784377, 7.347923]}, "properties": {"name": "", "lat": 7.347923, "lon": 80.784377, "elev_m": 1304.8, "prominence_m": 274.1}}, {"type": "Feature", "geometry": {"type": "Point", "coordinates": [81.23302, 7.359356]}, "properties": {"name": "", "lat": 7.359356, "lon": 81.23302, "elev_m": 454.4, "prominence_m": 273.7}}, {"type": "Feature", "geometry": {"type": "Point", "coordinates": [81.483614, 6.866126]}, "properties": {"name": "", "lat": 6.866126, "lon": 81.483614, "elev_m": 413.5, "prominence_m": 272.8}}, {"type": "Feature", "geometry": {"type": "Point", "coordinates": [81.340076, 7.354351]}, "properties": {"name": "", "lat": 7.354351, "lon": 81.340076, "elev_m": 503.4, "prominence_m": 272.7}}, {"type": "Feature", "geometry": {"type": "Point", "coordinates": [81.208922, 7.165682]}, "properties": {"name": "", "lat": 7.165682, "lon": 81.208922, "elev_m": 553.3, "prominence_m": 272.6}}, {"type": "Feature", "geometry": {"type": "Point", "coordinates": [81.108754, 7.609861]}, "properties": {"name": "", "lat": 7.609861, "lon": 81.108754, "elev_m": 403.0, "prominence_m": 272.3}}, {"type": "Feature", "geometry": {"type": "Point", "coordinates": [81.604511, 7.084303]}, "properties": {"name": "", "lat": 7.084303, "lon": 81.604511, "elev_m": 382.7, "prominence_m": 272.0}}, {"type": "Feature", "geometry": {"type": "Point", "coordinates": [80.797716, 7.832443]}, "properties": {"name": "", "lat": 7.832443, "lon": 80.797716, "elev_m": 542.6, "prominence_m": 271.9}}, {"type": "Feature", "geometry": {"type": "Point", "coordinates": [80.693957, 6.96702]}, "properties": {"name": "Great Western Peak", "lat": 6.96702, "lon": 80.693957, "elev_m": 2202.5, "prominence_m": 271.8}}, {"type": "Feature", "geometry": {"type": "Point", "coordinates": [80.161167, 6.393404]}, "properties": {"name": "", "lat": 6.393404, "lon": 80.161167, "elev_m": 270.6, "prominence_m": 270.6}}, {"type": "Feature", "geometry": {"type": "Point", "coordinates": [80.674243, 7.691634]}, "properties": {"name": "", "lat": 7.691634, "lon": 80.674243, "elev_m": 570.9, "prominence_m": 270.2}}, {"type": "Feature", "geometry": {"type": "Point", "coordinates": [81.186034, 7.08486]}, "properties": {"name": "", "lat": 7.08486, "lon": 81.186034, "elev_m": 1380.7, "prominence_m": 270.0}}, {"type": "Feature", "geometry": {"type": "Point", "coordinates": [80.547645, 7.444986]}, "properties": {"name": "Kuda gala", "lat": 7.444986, "lon": 80.547645, "elev_m": 880.5, "prominence_m": 269.8}}, {"type": "Feature", "geometry": {"type": "Point", "coordinates": [80.138158, 7.565302]}, "properties": {"name": "", "lat": 7.565302, "lon": 80.138158, "elev_m": 269.6, "prominence_m": 269.6}}, {"type": "Feature", "geometry": {"type": "Point", "coordinates": [80.882558, 7.697872]}, "properties": {"name": "", "lat": 7.697872, "lon": 80.882558, "elev_m": 469.0, "prominence_m": 268.3}}, {"type": "Feature", "geometry": {"type": "Point", "coordinates": [80.236953, 6.530219]}, "properties": {"name": "", "lat": 6.530219, "lon": 80.236953, "elev_m": 268.3, "prominence_m": 268.3}}, {"type": "Feature", "geometry": {"type": "Point", "coordinates": [80.330559, 6.504809]}, "properties": {"name": "", "lat": 6.504809, "lon": 80.330559, "elev_m": 598.9, "prominence_m": 268.2}}, {"type": "Feature", "geometry": {"type": "Point", "coordinates": [80.309344, 6.270122]}, "properties": {"name": "", "lat": 6.270122, "lon": 80.309344, "elev_m": 398.4, "prominence_m": 267.7}}, {"type": "Feature", "geometry": {"type": "Point", "coordinates": [80.353405, 6.431308]}, "properties": {"name": "", "lat": 6.431308, "lon": 80.353405, "elev_m": 638.0, "prominence_m": 267.3}}, {"type": "Feature", "geometry": {"type": "Point", "coordinates": [81.046722, 6.611283]}, "properties": {"name": "", "lat": 6.611283, "lon": 81.046722, "elev_m": 428.0, "prominence_m": 267.3}}, {"type": "Feature", "geometry": {"type": "Point", "coordinates": [80.549032, 6.239895]}, "properties": {"name": "", "lat": 6.239895, "lon": 80.549032, "elev_m": 477.5, "prominence_m": 266.8}}, {"type": "Feature", "geometry": {"type": "Point", "coordinates": [80.52819, 6.168533]}, "properties": {"name": "", "lat": 6.168533, "lon": 80.52819, "elev_m": 437.2, "prominence_m": 266.5}}, {"type": "Feature", "geometry": {"type": "Point", "coordinates": [81.241129, 7.050626]}, "properties": {"name": "", "lat": 7.050626, "lon": 81.241129, "elev_m": 866.8, "prominence_m": 266.1}}, {"type": "Feature", "geometry": {"type": "Point", "coordinates": [80.776225, 6.912768]}, "properties": {"name": "Conical Hill", "lat": 6.912768, "lon": 80.776225, "elev_m": 2166.4, "prominence_m": 265.7}}, {"type": "Feature", "geometry": {"type": "Point", "coordinates": [80.286204, 7.176747]}, "properties": {"name": "", "lat": 7.176747, "lon": 80.286204, "elev_m": 265.5, "prominence_m": 265.5}}, {"type": "Feature", "geometry": {"type": "Point", "coordinates": [81.202185, 7.22293]}, "properties": {"name": "", "lat": 7.22293, "lon": 81.202185, "elev_m": 535.4, "prominence_m": 264.7}}, {"type": "Feature", "geometry": {"type": "Point", "coordinates": [80.320328, 6.419614]}, "properties": {"name": "", "lat": 6.419614, "lon": 80.320328, "elev_m": 405.4, "prominence_m": 264.7}}, {"type": "Feature", "geometry": {"type": "Point", "coordinates": [80.460039, 6.351895]}, "properties": {"name": "", "lat": 6.351895, "lon": 80.460039, "elev_m": 713.7, "prominence_m": 263.0}}, {"type": "Feature", "geometry": {"type": "Point", "coordinates": [81.060202, 6.930046]}, "properties": {"name": "", "lat": 6.930046, "lon": 81.060202, "elev_m": 1233.4, "prominence_m": 262.7}}, {"type": "Feature", "geometry": {"type": "Point", "coordinates": [80.330163, 6.645067]}, "properties": {"name": "", "lat": 6.645067, "lon": 80.330163, "elev_m": 743.2, "prominence_m": 262.5}}, {"type": "Feature", "geometry": {"type": "Point", "coordinates": [80.560968, 6.855205]}, "properties": {"name": "", "lat": 6.855205, "lon": 80.560968, "elev_m": 1552.9, "prominence_m": 262.2}}, {"type": "Feature", "geometry": {"type": "Point", "coordinates": [80.90956, 7.050024]}, "properties": {"name": "", "lat": 7.050024, "lon": 80.90956, "elev_m": 1162.1, "prominence_m": 261.4}}, {"type": "Feature", "geometry": {"type": "Point", "coordinates": [80.288399, 6.625495]}, "properties": {"name": "", "lat": 6.625495, "lon": 80.288399, "elev_m": 501.3, "prominence_m": 260.6}}, {"type": "Feature", "geometry": {"type": "Point", "coordinates": [81.364867, 7.402877]}, "properties": {"name": "", "lat": 7.402877, "lon": 81.364867, "elev_m": 421.0, "prominence_m": 260.3}}, {"type": "Feature", "geometry": {"type": "Point", "coordinates": [80.649878, 6.275469]}, "properties": {"name": "", "lat": 6.275469, "lon": 80.649878, "elev_m": 659.9, "prominence_m": 259.2}}, {"type": "Feature", "geometry": {"type": "Point", "coordinates": [80.390028, 6.418315]}, "properties": {"name": "", "lat": 6.418315, "lon": 80.390028, "elev_m": 789.1, "prominence_m": 258.4}}, {"type": "Feature", "geometry": {"type": "Point", "coordinates": [81.055218, 6.763203]}, "properties": {"name": "", "lat": 6.763203, "lon": 81.055218, "elev_m": 1468.9, "prominence_m": 258.2}}, {"type": "Feature", "geometry": {"type": "Point", "coordinates": [80.655506, 6.553826]}, "properties": {"name": "", "lat": 6.553826, "lon": 80.655506, "elev_m": 518.7, "prominence_m": 258.0}}, {"type": "Feature", "geometry": {"type": "Point", "coordinates": [81.10191, 7.548285]}, "properties": {"name": "", "lat": 7.548285, "lon": 81.10191, "elev_m": 398.6, "prominence_m": 257.9}}, {"type": "Feature", "geometry": {"type": "Point", "coordinates": [81.422045, 7.290491]}, "properties": {"name": "", "lat": 7.290491, "lon": 81.422045, "elev_m": 518.1, "prominence_m": 257.4}}, {"type": "Feature", "geometry": {"type": "Point", "coordinates": [80.336708, 6.293748]}, "properties": {"name": "", "lat": 6.293748, "lon": 80.336708, "elev_m": 417.7, "prominence_m": 257.0}}, {"type": "Feature", "geometry": {"type": "Point", "coordinates": [80.602821, 6.714961]}, "properties": {"name": "", "lat": 6.714961, "lon": 80.602821, "elev_m": 1297.6, "prominence_m": 256.9}}, {"type": "Feature", "geometry": {"type": "Point", "coordinates": [80.639278, 8.165013]}, "properties": {"name": "Labunoruwa Kanda", "lat": 8.165013, "lon": 80.639278, "elev_m": 417.6, "prominence_m": 256.9}}, {"type": "Feature", "geometry": {"type": "Point", "coordinates": [81.411013, 6.558052]}, "properties": {"name": "", "lat": 6.558052, "lon": 81.411013, "elev_m": 347.6, "prominence_m": 256.9}}, {"type": "Feature", "geometry": {"type": "Point", "coordinates": [80.27734, 7.573079]}, "properties": {"name": "", "lat": 7.573079, "lon": 80.27734, "elev_m": 367.5, "prominence_m": 256.8}}, {"type": "Feature", "geometry": {"type": "Point", "coordinates": [81.293319, 6.325962]}, "properties": {"name": "", "lat": 6.325962, "lon": 81.293319, "elev_m": 256.1, "prominence_m": 256.1}}, {"type": "Feature", "geometry": {"type": "Point", "coordinates": [80.259325, 6.403008]}, "properties": {"name": "", "lat": 6.403008, "lon": 80.259325, "elev_m": 366.7, "prominence_m": 256.0}}, {"type": "Feature", "geometry": {"type": "Point", "coordinates": [80.370393, 7.780976]}, "properties": {"name": "", "lat": 7.780976, "lon": 80.370393, "elev_m": 366.4, "prominence_m": 255.7}}, {"type": "Feature", "geometry": {"type": "Point", "coordinates": [80.749026, 7.743732]}, "properties": {"name": "", "lat": 7.743732, "lon": 80.749026, "elev_m": 485.4, "prominence_m": 254.7}}, {"type": "Feature", "geometry": {"type": "Point", "coordinates": [81.389773, 6.925123]}, "properties": {"name": "", "lat": 6.925123, "lon": 81.389773, "elev_m": 465.3, "prominence_m": 254.6}}, {"type": "Feature", "geometry": {"type": "Point", "coordinates": [81.575443, 7.386273]}, "properties": {"name": "", "lat": 7.386273, "lon": 81.575443, "elev_m": 334.8, "prominence_m": 254.1}}, {"type": "Feature", "geometry": {"type": "Point", "coordinates": [81.535093, 7.144915]}, "properties": {"name": "Walasgala Summit", "lat": 7.144915, "lon": 81.535093, "elev_m": 354.7, "prominence_m": 254.0}}, {"type": "Feature", "geometry": {"type": "Point", "coordinates": [81.274422, 6.686254]}, "properties": {"name": "", "lat": 6.686254, "lon": 81.274422, "elev_m": 404.2, "prominence_m": 253.5}}, {"type": "Feature", "geometry": {"type": "Point", "coordinates": [80.143204, 7.268535]}, "properties": {"name": "", "lat": 7.268535, "lon": 80.143204, "elev_m": 253.2, "prominence_m": 253.2}}, {"type": "Feature", "geometry": {"type": "Point", "coordinates": [80.495022, 6.829126]}, "properties": {"name": "", "lat": 6.829126, "lon": 80.495022, "elev_m": 1973.7, "prominence_m": 253.0}}, {"type": "Feature", "geometry": {"type": "Point", "coordinates": [81.411727, 7.485009]}, "properties": {"name": "", "lat": 7.485009, "lon": 81.411727, "elev_m": 343.1, "prominence_m": 252.4}}, {"type": "Feature", "geometry": {"type": "Point", "coordinates": [80.309718, 7.024038]}, "properties": {"name": "", "lat": 7.024038, "lon": 80.309718, "elev_m": 252.4, "prominence_m": 252.4}}, {"type": "Feature", "geometry": {"type": "Point", "coordinates": [81.118463, 7.152737]}, "properties": {"name": "Kalugala", "lat": 7.152737, "lon": 81.118463, "elev_m": 1472.9, "prominence_m": 252.2}}, {"type": "Feature", "geometry": {"type": "Point", "coordinates": [80.207543, 7.08849]}, "properties": {"name": "", "lat": 7.08849, "lon": 80.207543, "elev_m": 402.5, "prominence_m": 251.8}}, {"type": "Feature", "geometry": {"type": "Point", "coordinates": [80.385029, 6.213482]}, "properties": {"name": "", "lat": 6.213482, "lon": 80.385029, "elev_m": 381.8, "prominence_m": 251.1}}, {"type": "Feature", "geometry": {"type": "Point", "coordinates": [81.10444, 6.910756]}, "properties": {"name": "", "lat": 6.910756, "lon": 81.10444, "elev_m": 1721.6, "prominence_m": 250.9}}, {"type": "Feature", "geometry": {"type": "Point", "coordinates": [81.152228, 6.92103]}, "properties": {"name": "", "lat": 6.92103, "lon": 81.152228, "elev_m": 1311.6, "prominence_m": 250.9}}, {"type": "Feature", "geometry": {"type": "Point", "coordinates": [80.848483, 7.201962]}, "properties": {"name": "", "lat": 7.201962, "lon": 80.848483, "elev_m": 611.6, "prominence_m": 250.9}}, {"type": "Feature", "geometry": {"type": "Point", "coordinates": [80.242849, 7.31885]}, "properties": {"name": "", "lat": 7.31885, "lon": 80.242849, "elev_m": 331.5, "prominence_m": 250.8}}, {"type": "Feature", "geometry": {"type": "Point", "coordinates": [81.370682, 7.68174]}, "properties": {"name": "", "lat": 7.68174, "lon": 81.370682, "elev_m": 250.6, "prominence_m": 250.6}}, {"type": "Feature", "geometry": {"type": "Point", "coordinates": [80.164047, 6.479405]}, "properties": {"name": "", "lat": 6.479405, "lon": 80.164047, "elev_m": 250.3, "prominence_m": 250.3}}, {"type": "Feature", "geometry": {"type": "Point", "coordinates": [81.514884, 7.408893]}, "properties": {"name": "", "lat": 7.408893, "lon": 81.514884, "elev_m": 340.9, "prominence_m": 250.2}}, {"type": "Feature", "geometry": {"type": "Point", "coordinates": [80.407434, 7.405284]}, "properties": {"name": "", "lat": 7.405284, "lon": 80.407434, "elev_m": 670.7, "prominence_m": 250.0}}, {"type": "Feature", "geometry": {"type": "Point", "coordinates": [80.229925, 6.754024]}, "properties": {"name": "", "lat": 6.754024, "lon": 80.229925, "elev_m": 380.4, "prominence_m": 249.7}}, {"type": "Feature", "geometry": {"type": "Point", "coordinates": [80.545534, 7.323719]}, "properties": {"name": "", "lat": 7.323719, "lon": 80.545534, "elev_m": 800.3, "prominence_m": 249.6}}, {"type": "Feature", "geometry": {"type": "Point", "coordinates": [80.680733, 6.562784]}, "properties": {"name": "", "lat": 6.562784, "lon": 80.680733, "elev_m": 549.5, "prominence_m": 248.8}}, {"type": "Feature", "geometry": {"type": "Point", "coordinates": [80.290538, 6.375366]}, "properties": {"name": "", "lat": 6.375366, "lon": 80.290538, "elev_m": 389.3, "prominence_m": 248.6}}, {"type": "Feature", "geometry": {"type": "Point", "coordinates": [80.486945, 6.244205]}, "properties": {"name": "", "lat": 6.244205, "lon": 80.486945, "elev_m": 369.1, "prominence_m": 248.4}}, {"type": "Feature", "geometry": {"type": "Point", "coordinates": [80.186021, 6.475905]}, "properties": {"name": "", "lat": 6.475905, "lon": 80.186021, "elev_m": 247.8, "prominence_m": 247.8}}, {"type": "Feature", "geometry": {"type": "Point", "coordinates": [81.410545, 7.226757]}, "properties": {"name": "", "lat": 7.226757, "lon": 81.410545, "elev_m": 728.2, "prominence_m": 247.5}}, {"type": "Feature", "geometry": {"type": "Point", "coordinates": [80.180602, 6.698081]}, "properties": {"name": "", "lat": 6.698081, "lon": 80.180602, "elev_m": 247.4, "prominence_m": 247.4}}, {"type": "Feature", "geometry": {"type": "Point", "coordinates": [80.979439, 6.615384]}, "properties": {"name": "", "lat": 6.615384, "lon": 80.979439, "elev_m": 438.0, "prominence_m": 247.3}}, {"type": "Feature", "geometry": {"type": "Point", "coordinates": [81.398473, 7.718322]}, "properties": {"name": "", "lat": 7.718322, "lon": 81.398473, "elev_m": 247.0, "prominence_m": 247.0}}, {"type": "Feature", "geometry": {"type": "Point", "coordinates": [81.356401, 7.777518]}, "properties": {"name": "", "lat": 7.777518, "lon": 81.356401, "elev_m": 246.1, "prominence_m": 246.1}}, {"type": "Feature", "geometry": {"type": "Point", "coordinates": [80.504272, 7.258315]}, "properties": {"name": "", "lat": 7.258315, "lon": 80.504272, "elev_m": 785.8, "prominence_m": 245.1}}, {"type": "Feature", "geometry": {"type": "Point", "coordinates": [81.272677, 6.837634]}, "properties": {"name": "", "lat": 6.837634, "lon": 81.272677, "elev_m": 615.8, "prominence_m": 245.1}}, {"type": "Feature", "geometry": {"type": "Point", "coordinates": [80.171784, 7.020625]}, "properties": {"name": "", "lat": 7.020625, "lon": 80.171784, "elev_m": 245.1, "prominence_m": 245.1}}, {"type": "Feature", "geometry": {"type": "Point", "coordinates": [80.961544, 7.338932]}, "properties": {"name": "", "lat": 7.338932, "lon": 80.961544, "elev_m": 525.5, "prominence_m": 244.8}}, {"type": "Feature", "geometry": {"type": "Point", "coordinates": [81.371099, 7.784822]}, "properties": {"name": "", "lat": 7.784822, "lon": 81.371099, "elev_m": 244.8, "prominence_m": 244.8}}, {"type": "Feature", "geometry": {"type": "Point", "coordinates": [80.53506, 6.548085]}, "properties": {"name": "", "lat": 6.548085, "lon": 80.53506, "elev_m": 554.5, "prominence_m": 243.8}}, {"type": "Feature", "geometry": {"type": "Point", "coordinates": [80.416538, 7.570774]}, "properties": {"name": "", "lat": 7.570774, "lon": 80.416538, "elev_m": 373.7, "prominence_m": 243.0}}, {"type": "Feature", "geometry": {"type": "Point", "coordinates": [81.170505, 7.342053]}, "properties": {"name": "", "lat": 7.342053, "lon": 81.170505, "elev_m": 413.5, "prominence_m": 242.8}}, {"type": "Feature", "geometry": {"type": "Point", "coordinates": [80.530384, 6.678577]}, "properties": {"name": "", "lat": 6.678577, "lon": 80.530384, "elev_m": 693.4, "prominence_m": 242.7}}, {"type": "Feature", "geometry": {"type": "Point", "coordinates": [80.473697, 6.639478]}, "properties": {"name": "Singappulikanda", "lat": 6.639478, "lon": 80.473697, "elev_m": 843.0, "prominence_m": 242.3}}, {"type": "Feature", "geometry": {"type": "Point", "coordinates": [81.132276, 6.739279]}, "properties": {"name": "", "lat": 6.739279, "lon": 81.132276, "elev_m": 473.0, "prominence_m": 242.3}}, {"type": "Feature", "geometry": {"type": "Point", "coordinates": [81.561779, 7.185832]}, "properties": {"name": "Pallanhela Summit", "lat": 7.185832, "lon": 81.561779, "elev_m": 323.0, "prominence_m": 242.3}}, {"type": "Feature", "geometry": {"type": "Point", "coordinates": [80.947668, 7.290377]}, "properties": {"name": "", "lat": 7.290377, "lon": 80.947668, "elev_m": 1092.8, "prominence_m": 242.1}}, {"type": "Feature", "geometry": {"type": "Point", "coordinates": [81.471137, 6.682761]}, "properties": {"name": "", "lat": 6.682761, "lon": 81.471137, "elev_m": 362.1, "prominence_m": 241.4}}, {"type": "Feature", "geometry": {"type": "Point", "coordinates": [81.522865, 7.468558]}, "properties": {"name": "", "lat": 7.468558, "lon": 81.522865, "elev_m": 331.5, "prominence_m": 240.8}}, {"type": "Feature", "geometry": {"type": "Point", "coordinates": [80.260468, 7.11568]}, "properties": {"name": "", "lat": 7.11568, "lon": 80.260468, "elev_m": 361.3, "prominence_m": 240.6}}, {"type": "Feature", "geometry": {"type": "Point", "coordinates": [80.304179, 6.285581]}, "properties": {"name": "", "lat": 6.285581, "lon": 80.304179, "elev_m": 400.7, "prominence_m": 240.0}}, {"type": "Feature", "geometry": {"type": "Point", "coordinates": [81.311726, 7.723322]}, "properties": {"name": "", "lat": 7.723322, "lon": 81.311726, "elev_m": 350.2, "prominence_m": 239.5}}, {"type": "Feature", "geometry": {"type": "Point", "coordinates": [80.224998, 6.548654]}, "properties": {"name": "", "lat": 6.548654, "lon": 80.224998, "elev_m": 239.4, "prominence_m": 239.4}}, {"type": "Feature", "geometry": {"type": "Point", "coordinates": [80.746629, 6.984932]}, "properties": {"name": "Kikiliyamana", "lat": 6.984932, "lon": 80.746629, "elev_m": 2240.0, "prominence_m": 239.3}}, {"type": "Feature", "geometry": {"type": "Point", "coordinates": [80.408707, 6.08002]}, "properties": {"name": "", "lat": 6.08002, "lon": 80.408707, "elev_m": 239.2, "prominence_m": 239.2}}, {"type": "Feature", "geometry": {"type": "Point", "coordinates": [81.564818, 7.056703]}, "properties": {"name": "", "lat": 7.056703, "lon": 81.564818, "elev_m": 349.8, "prominence_m": 239.1}}, {"type": "Feature", "geometry": {"type": "Point", "coordinates": [81.467345, 7.244307]}, "properties": {"name": "", "lat": 7.244307, "lon": 81.467345, "elev_m": 349.4, "prominence_m": 238.7}}, {"type": "Feature", "geometry": {"type": "Point", "coordinates": [80.094059, 7.25056]}, "properties": {"name": "", "lat": 7.25056, "lon": 80.094059, "elev_m": 238.4, "prominence_m": 238.4}}, {"type": "Feature", "geometry": {"type": "Point", "coordinates": [80.514874, 7.247741]}, "properties": {"name": "", "lat": 7.247741, "lon": 80.514874, "elev_m": 768.2, "prominence_m": 237.5}}, {"type": "Feature", "geometry": {"type": "Point", "coordinates": [80.147432, 6.749584]}, "properties": {"name": "", "lat": 6.749584, "lon": 80.147432, "elev_m": 237.4, "prominence_m": 237.4}}, {"type": "Feature", "geometry": {"type": "Point", "coordinates": [81.502727, 7.452859]}, "properties": {"name": "", "lat": 7.452859, "lon": 81.502727, "elev_m": 467.3, "prominence_m": 236.6}}, {"type": "Feature", "geometry": {"type": "Point", "coordinates": [80.311746, 6.894093]}, "properties": {"name": "", "lat": 6.894093, "lon": 80.311746, "elev_m": 417.3, "prominence_m": 236.6}}, {"type": "Feature", "geometry": {"type": "Point", "coordinates": [80.20325, 6.589594]}, "properties": {"name": "", "lat": 6.589594, "lon": 80.20325, "elev_m": 236.6, "prominence_m": 236.6}}, {"type": "Feature", "geometry": {"type": "Point", "coordinates": [80.161515, 7.188262]}, "properties": {"name": "", "lat": 7.188262, "lon": 80.161515, "elev_m": 236.6, "prominence_m": 236.6}}, {"type": "Feature", "geometry": {"type": "Point", "coordinates": [80.549454, 7.091225]}, "properties": {"name": "", "lat": 7.091225, "lon": 80.549454, "elev_m": 957.1, "prominence_m": 236.4}}, {"type": "Feature", "geometry": {"type": "Point", "coordinates": [80.340537, 6.572913]}, "properties": {"name": "", "lat": 6.572913, "lon": 80.340537, "elev_m": 517.0, "prominence_m": 236.3}}, {"type": "Feature", "geometry": {"type": "Point", "coordinates": [80.878993, 7.573624]}, "properties": {"name": "", "lat": 7.573624, "lon": 80.878993, "elev_m": 517.0, "prominence_m": 236.3}}, {"type": "Feature", "geometry": {"type": "Point", "coordinates": [81.078716, 7.013321]}, "properties": {"name": "", "lat": 7.013321, "lon": 81.078716, "elev_m": 1256.5, "prominence_m": 235.8}}, {"type": "Feature", "geometry": {"type": "Point", "coordinates": [81.318703, 6.733411]}, "properties": {"name": "Ulgala", "lat": 6.733411, "lon": 81.318703, "elev_m": 376.4, "prominence_m": 235.7}}, {"type": "Feature", "geometry": {"type": "Point", "coordinates": [80.931377, 7.322395]}, "properties": {"name": "", "lat": 7.322395, "lon": 80.931377, "elev_m": 1046.2, "prominence_m": 235.5}}, {"type": "Feature", "geometry": {"type": "Point", "coordinates": [80.819926, 6.833005]}, "properties": {"name": "Thotupola Kanda", "lat": 6.833005, "lon": 80.819926, "elev_m": 2355.1, "prominence_m": 234.4}}, {"type": "Feature", "geometry": {"type": "Point", "coordinates": [81.129042, 6.770752]}, "properties": {"name": "", "lat": 6.770752, "lon": 81.129042, "elev_m": 525.0, "prominence_m": 234.3}}, {"type": "Feature", "geometry": {"type": "Point", "coordinates": [80.849862, 7.332724]}, "properties": {"name": "Dothalugala", "lat": 7.332724, "lon": 80.849862, "elev_m": 1574.5, "prominence_m": 233.8}}, {"type": "Feature", "geometry": {"type": "Point", "coordinates": [81.309261, 6.784423]}, "properties": {"name": "", "lat": 6.784423, "lon": 81.309261, "elev_m": 414.4, "prominence_m": 233.7}}, {"type": "Feature", "geometry": {"type": "Point", "coordinates": [80.076842, 6.581837]}, "properties": {"name": "", "lat": 6.581837, "lon": 80.076842, "elev_m": 233.5, "prominence_m": 233.5}}, {"type": "Feature", "geometry": {"type": "Point", "coordinates": [80.640341, 7.398362]}, "properties": {"name": "", "lat": 7.398362, "lon": 80.640341, "elev_m": 814.1, "prominence_m": 233.4}}, {"type": "Feature", "geometry": {"type": "Point", "coordinates": [80.632622, 7.732043]}, "properties": {"name": "", "lat": 7.732043, "lon": 80.632622, "elev_m": 693.9, "prominence_m": 233.2}}, {"type": "Feature", "geometry": {"type": "Point", "coordinates": [80.619342, 7.603449]}, "properties": {"name": "", "lat": 7.603449, "lon": 80.619342, "elev_m": 653.9, "prominence_m": 233.2}}, {"type": "Feature", "geometry": {"type": "Point", "coordinates": [80.179031, 6.422724]}, "properties": {"name": "", "lat": 6.422724, "lon": 80.179031, "elev_m": 233.1, "prominence_m": 233.1}}, {"type": "Feature", "geometry": {"type": "Point", "coordinates": [81.032048, 8.429992]}, "properties": {"name": "", "lat": 8.429992, "lon": 81.032048, "elev_m": 233.0, "prominence_m": 233.0}}, {"type": "Feature", "geometry": {"type": "Point", "coordinates": [81.352711, 7.03097]}, "properties": {"name": "", "lat": 7.03097, "lon": 81.352711, "elev_m": 513.4, "prominence_m": 232.7}}, {"type": "Feature", "geometry": {"type": "Point", "coordinates": [81.484386, 6.837912]}, "properties": {"name": "", "lat": 6.837912, "lon": 81.484386, "elev_m": 343.4, "prominence_m": 232.7}}, {"type": "Feature", "geometry": {"type": "Point", "coordinates": [80.225301, 6.266513]}, "properties": {"name": "", "lat": 6.266513, "lon": 80.225301, "elev_m": 232.7, "prominence_m": 232.7}}, {"type": "Feature", "geometry": {"type": "Point", "coordinates": [80.533121, 8.125085]}, "properties": {"name": "", "lat": 8.125085, "lon": 80.533121, "elev_m": 372.2, "prominence_m": 231.5}}, {"type": "Feature", "geometry": {"type": "Point", "coordinates": [81.533505, 7.003857]}, "properties": {"name": "", "lat": 7.003857, "lon": 81.533505, "elev_m": 362.2, "prominence_m": 231.5}}, {"type": "Feature", "geometry": {"type": "Point", "coordinates": [80.2509, 7.40377]}, "properties": {"name": "", "lat": 7.40377, "lon": 80.2509, "elev_m": 332.1, "prominence_m": 231.4}}, {"type": "Feature", "geometry": {"type": "Point", "coordinates": [80.797159, 7.565497]}, "properties": {"name": "", "lat": 7.565497, "lon": 80.797159, "elev_m": 742.0, "prominence_m": 231.3}}, {"type": "Feature", "geometry": {"type": "Point", "coordinates": [80.169457, 6.714616]}, "properties": {"name": "", "lat": 6.714616, "lon": 80.169457, "elev_m": 231.3, "prominence_m": 231.3}}, {"type": "Feature", "geometry": {"type": "Point", "coordinates": [81.172068, 6.947329]}, "properties": {"name": "", "lat": 6.947329, "lon": 81.172068, "elev_m": 1341.7, "prominence_m": 231.0}}, {"type": "Feature", "geometry": {"type": "Point", "coordinates": [81.501422, 7.318854]}, "properties": {"name": "Namal Oya Kanda", "lat": 7.318854, "lon": 81.501422, "elev_m": 511.1, "prominence_m": 230.4}}, {"type": "Feature", "geometry": {"type": "Point", "coordinates": [80.509884, 7.85379]}, "properties": {"name": "", "lat": 7.85379, "lon": 80.509884, "elev_m": 421.1, "prominence_m": 230.4}}, {"type": "Feature", "geometry": {"type": "Point", "coordinates": [80.743389, 6.722587]}, "properties": {"name": "Hagala", "lat": 6.722587, "lon": 80.743389, "elev_m": 1410.9, "prominence_m": 230.2}}, {"type": "Feature", "geometry": {"type": "Point", "coordinates": [81.614456, 7.177329]}, "properties": {"name": "", "lat": 7.177329, "lon": 81.614456, "elev_m": 230.2, "prominence_m": 230.2}}, {"type": "Feature", "geometry": {"type": "Point", "coordinates": [81.389454, 7.687681]}, "properties": {"name": "", "lat": 7.687681, "lon": 81.389454, "elev_m": 229.9, "prominence_m": 229.9}}, {"type": "Feature", "geometry": {"type": "Point", "coordinates": [81.263778, 6.340912]}, "properties": {"name": "", "lat": 6.340912, "lon": 81.263778, "elev_m": 229.4, "prominence_m": 229.4}}, {"type": "Feature", "geometry": {"type": "Point", "coordinates": [81.104513, 7.39365]}, "properties": {"name": "Mawaralagala", "lat": 7.39365, "lon": 81.104513, "elev_m": 379.0, "prominence_m": 228.3}}, {"type": "Feature", "geometry": {"type": "Point", "coordinates": [81.465141, 7.401106]}, "properties": {"name": "", "lat": 7.401106, "lon": 81.465141, "elev_m": 578.8, "prominence_m": 228.1}}, {"type": "Feature", "geometry": {"type": "Point", "coordinates": [81.036959, 8.440026]}, "properties": {"name": "", "lat": 8.440026, "lon": 81.036959, "elev_m": 228.0, "prominence_m": 228.0}}, {"type": "Feature", "geometry": {"type": "Point", "coordinates": [80.680007, 6.090175]}, "properties": {"name": "", "lat": 6.090175, "lon": 80.680007, "elev_m": 227.9, "prominence_m": 227.9}}, {"type": "Feature", "geometry": {"type": "Point", "coordinates": [80.317315, 6.145333]}, "properties": {"name": "", "lat": 6.145333, "lon": 80.317315, "elev_m": 227.8, "prominence_m": 227.8}}, {"type": "Feature", "geometry": {"type": "Point", "coordinates": [81.208879, 7.677864]}, "properties": {"name": "Danigala", "lat": 7.677864, "lon": 81.208879, "elev_m": 318.3, "prominence_m": 227.6}}, {"type": "Feature", "geometry": {"type": "Point", "coordinates": [81.302449, 7.006342]}, "properties": {"name": "", "lat": 7.006342, "lon": 81.302449, "elev_m": 548.1, "prominence_m": 227.4}}, {"type": "Feature", "geometry": {"type": "Point", "coordinates": [80.371525, 6.147818]}, "properties": {"name": "", "lat": 6.147818, "lon": 80.371525, "elev_m": 337.8, "prominence_m": 227.1}}, {"type": "Feature", "geometry": {"type": "Point", "coordinates": [80.261455, 6.959693]}, "properties": {"name": "", "lat": 6.959693, "lon": 80.261455, "elev_m": 226.9, "prominence_m": 226.9}}, {"type": "Feature", "geometry": {"type": "Point", "coordinates": [80.1317, 6.743866]}, "properties": {"name": "", "lat": 6.743866, "lon": 80.1317, "elev_m": 226.4, "prominence_m": 226.4}}, {"type": "Feature", "geometry": {"type": "Point", "coordinates": [80.202442, 6.815845]}, "properties": {"name": "", "lat": 6.815845, "lon": 80.202442, "elev_m": 386.6, "prominence_m": 225.9}}, {"type": "Feature", "geometry": {"type": "Point", "coordinates": [81.365627, 7.761772]}, "properties": {"name": "", "lat": 7.761772, "lon": 81.365627, "elev_m": 225.6, "prominence_m": 225.6}}, {"type": "Feature", "geometry": {"type": "Point", "coordinates": [80.835917, 6.640924]}, "properties": {"name": "", "lat": 6.640924, "lon": 80.835917, "elev_m": 755.3, "prominence_m": 224.6}}, {"type": "Feature", "geometry": {"type": "Point", "coordinates": [81.666897, 7.047567]}, "properties": {"name": "", "lat": 7.047567, "lon": 81.666897, "elev_m": 305.1, "prominence_m": 224.4}}, {"type": "Feature", "geometry": {"type": "Point", "coordinates": [80.500765, 7.218162]}, "properties": {"name": "", "lat": 7.218162, "lon": 80.500765, "elev_m": 665.0, "prominence_m": 224.3}}, {"type": "Feature", "geometry": {"type": "Point", "coordinates": [80.347223, 7.279083]}, "properties": {"name": "Managala", "lat": 7.279083, "lon": 80.347223, "elev_m": 404.9, "prominence_m": 224.2}}, {"type": "Feature", "geometry": {"type": "Point", "coordinates": [81.3302, 7.053784]}, "properties": {"name": "", "lat": 7.053784, "lon": 81.3302, "elev_m": 664.8, "prominence_m": 224.1}}, {"type": "Feature", "geometry": {"type": "Point", "coordinates": [81.308876, 7.164764]}, "properties": {"name": "", "lat": 7.164764, "lon": 81.308876, "elev_m": 474.8, "prominence_m": 224.1}}, {"type": "Feature", "geometry": {"type": "Point", "coordinates": [80.809064, 6.766538]}, "properties": {"name": "Gommolli Kanda", "lat": 6.766538, "lon": 80.809064, "elev_m": 2014.6, "prominence_m": 223.9}}, {"type": "Feature", "geometry": {"type": "Point", "coordinates": [81.424097, 6.812226]}, "properties": {"name": "", "lat": 6.812226, "lon": 81.424097, "elev_m": 394.5, "prominence_m": 223.8}}, {"type": "Feature", "geometry": {"type": "Point", "coordinates": [80.086077, 6.573711]}, "properties": {"name": "", "lat": 6.573711, "lon": 80.086077, "elev_m": 223.8, "prominence_m": 223.8}}, {"type": "Feature", "geometry": {"type": "Point", "coordinates": [81.491485, 7.045427]}, "properties": {"name": "Buddama Kanda", "lat": 7.045427, "lon": 81.491485, "elev_m": 364.2, "prominence_m": 223.5}}, {"type": "Feature", "geometry": {"type": "Point", "coordinates": [81.412407, 7.000509]}, "properties": {"name": "", "lat": 7.000509, "lon": 81.412407, "elev_m": 423.9, "prominence_m": 223.2}}, {"type": "Feature", "geometry": {"type": "Point", "coordinates": [80.203014, 7.235247]}, "properties": {"name": "", "lat": 7.235247, "lon": 80.203014, "elev_m": 303.7, "prominence_m": 223.0}}, {"type": "Feature", "geometry": {"type": "Point", "coordinates": [81.208084, 7.425031]}, "properties": {"name": "", "lat": 7.425031, "lon": 81.208084, "elev_m": 653.4, "prominence_m": 222.7}}, {"type": "Feature", "geometry": {"type": "Point", "coordinates": [81.360658, 7.301696]}, "properties": {"name": "", "lat": 7.301696, "lon": 81.360658, "elev_m": 673.2, "prominence_m": 222.5}}, {"type": "Feature", "geometry": {"type": "Point", "coordinates": [81.576952, 7.469278]}, "properties": {"name": "", "lat": 7.469278, "lon": 81.576952, "elev_m": 222.5, "prominence_m": 222.5}}, {"type": "Feature", "geometry": {"type": "Point", "coordinates": [81.025086, 7.262127]}, "properties": {"name": "", "lat": 7.262127, "lon": 81.025086, "elev_m": 332.9, "prominence_m": 222.2}}, {"type": "Feature", "geometry": {"type": "Point", "coordinates": [80.241451, 6.380201]}, "properties": {"name": "", "lat": 6.380201, "lon": 80.241451, "elev_m": 222.0, "prominence_m": 222.0}}, {"type": "Feature", "geometry": {"type": "Point", "coordinates": [80.602771, 6.058413]}, "properties": {"name": "", "lat": 6.058413, "lon": 80.602771, "elev_m": 221.6, "prominence_m": 221.6}}, {"type": "Feature", "geometry": {"type": "Point", "coordinates": [80.914639, 6.773573]}, "properties": {"name": "", "lat": 6.773573, "lon": 80.914639, "elev_m": 1772.2, "prominence_m": 221.5}}, {"type": "Feature", "geometry": {"type": "Point", "coordinates": [81.341503, 6.968588]}, "properties": {"name": "", "lat": 6.968588, "lon": 81.341503, "elev_m": 612.0, "prominence_m": 221.3}}, {"type": "Feature", "geometry": {"type": "Point", "coordinates": [81.316261, 7.434136]}, "properties": {"name": "", "lat": 7.434136, "lon": 81.316261, "elev_m": 331.9, "prominence_m": 221.2}}, {"type": "Feature", "geometry": {"type": "Point", "coordinates": [80.418209, 6.453062]}, "properties": {"name": "", "lat": 6.453062, "lon": 80.418209, "elev_m": 601.8, "prominence_m": 221.1}}, {"type": "Feature", "geometry": {"type": "Point", "coordinates": [80.127513, 7.222125]}, "properties": {"name": "", "lat": 7.222125, "lon": 80.127513, "elev_m": 221.1, "prominence_m": 221.1}}, {"type": "Feature", "geometry": {"type": "Point", "coordinates": [81.105539, 7.671987]}, "properties": {"name": "", "lat": 7.671987, "lon": 81.105539, "elev_m": 321.5, "prominence_m": 220.8}}, {"type": "Feature", "geometry": {"type": "Point", "coordinates": [80.165182, 6.876295]}, "properties": {"name": "", "lat": 6.876295, "lon": 80.165182, "elev_m": 321.5, "prominence_m": 220.8}}, {"type": "Feature", "geometry": {"type": "Point", "coordinates": [80.503414, 6.86874]}, "properties": {"name": "", "lat": 6.86874, "lon": 80.503414, "elev_m": 1551.4, "prominence_m": 220.7}}, {"type": "Feature", "geometry": {"type": "Point", "coordinates": [81.236341, 7.417949]}, "properties": {"name": "", "lat": 7.417949, "lon": 81.236341, "elev_m": 351.1, "prominence_m": 220.4}}, {"type": "Feature", "geometry": {"type": "Point", "coordinates": [80.459561, 7.090901]}, "properties": {"name": "", "lat": 7.090901, "lon": 80.459561, "elev_m": 1210.5, "prominence_m": 219.8}}, {"type": "Feature", "geometry": {"type": "Point", "coordinates": [80.29747, 6.78258]}, "properties": {"name": "", "lat": 6.78258, "lon": 80.29747, "elev_m": 219.8, "prominence_m": 219.8}}, {"type": "Feature", "geometry": {"type": "Point", "coordinates": [80.100044, 6.870782]}, "properties": {"name": "", "lat": 6.870782, "lon": 80.100044, "elev_m": 219.6, "prominence_m": 219.6}}, {"type": "Feature", "geometry": {"type": "Point", "coordinates": [80.78193, 7.22557]}, "properties": {"name": "", "lat": 7.22557, "lon": 80.78193, "elev_m": 830.0, "prominence_m": 219.3}}, {"type": "Feature", "geometry": {"type": "Point", "coordinates": [81.587153, 7.400087]}, "properties": {"name": "", "lat": 7.400087, "lon": 81.587153, "elev_m": 299.8, "prominence_m": 219.1}}, {"type": "Feature", "geometry": {"type": "Point", "coordinates": [81.237893, 7.341717]}, "properties": {"name": "", "lat": 7.341717, "lon": 81.237893, "elev_m": 419.6, "prominence_m": 218.9}}, {"type": "Feature", "geometry": {"type": "Point", "coordinates": [80.161492, 7.205081]}, "properties": {"name": "", "lat": 7.205081, "lon": 80.161492, "elev_m": 218.9, "prominence_m": 218.9}}, {"type": "Feature", "geometry": {"type": "Point", "coordinates": [80.978658, 6.69596]}, "properties": {"name": "", "lat": 6.69596, "lon": 80.978658, "elev_m": 719.2, "prominence_m": 218.5}}, {"type": "Feature", "geometry": {"type": "Point", "coordinates": [80.317807, 6.80159]}, "properties": {"name": "", "lat": 6.80159, "lon": 80.317807, "elev_m": 218.1, "prominence_m": 218.1}}, {"type": "Feature", "geometry": {"type": "Point", "coordinates": [80.282356, 6.42392]}, "properties": {"name": "", "lat": 6.42392, "lon": 80.282356, "elev_m": 217.8, "prominence_m": 217.8}}, {"type": "Feature", "geometry": {"type": "Point", "coordinates": [80.233133, 6.295007]}, "properties": {"name": "", "lat": 6.295007, "lon": 80.233133, "elev_m": 217.3, "prominence_m": 217.3}}, {"type": "Feature", "geometry": {"type": "Point", "coordinates": [81.303521, 7.462635]}, "properties": {"name": "", "lat": 7.462635, "lon": 81.303521, "elev_m": 327.7, "prominence_m": 217.0}}, {"type": "Feature", "geometry": {"type": "Point", "coordinates": [80.184621, 6.960417]}, "properties": {"name": "", "lat": 6.960417, "lon": 80.184621, "elev_m": 216.9, "prominence_m": 216.9}}, {"type": "Feature", "geometry": {"type": "Point", "coordinates": [80.444547, 6.407502]}, "properties": {"name": "", "lat": 6.407502, "lon": 80.444547, "elev_m": 817.3, "prominence_m": 216.6}}, {"type": "Feature", "geometry": {"type": "Point", "coordinates": [80.358066, 7.007535]}, "properties": {"name": "", "lat": 7.007535, "lon": 80.358066, "elev_m": 347.3, "prominence_m": 216.6}}, {"type": "Feature", "geometry": {"type": "Point", "coordinates": [81.713975, 7.099286]}, "properties": {"name": "", "lat": 7.099286, "lon": 81.713975, "elev_m": 216.5, "prominence_m": 216.5}}, {"type": "Feature", "geometry": {"type": "Point", "coordinates": [80.419457, 6.97286]}, "properties": {"name": "", "lat": 6.97286, "lon": 80.419457, "elev_m": 586.6, "prominence_m": 215.9}}, {"type": "Feature", "geometry": {"type": "Point", "coordinates": [80.795243, 7.266264]}, "properties": {"name": "", "lat": 7.266264, "lon": 80.795243, "elev_m": 716.4, "prominence_m": 215.7}}, {"type": "Feature", "geometry": {"type": "Point", "coordinates": [81.562821, 7.470388]}, "properties": {"name": "", "lat": 7.470388, "lon": 81.562821, "elev_m": 215.7, "prominence_m": 215.7}}, {"type": "Feature", "geometry": {"type": "Point", "coordinates": [81.091089, 7.239569]}, "properties": {"name": "", "lat": 7.239569, "lon": 81.091089, "elev_m": 526.1, "prominence_m": 215.4}}, {"type": "Feature", "geometry": {"type": "Point", "coordinates": [80.477166, 7.164432]}, "properties": {"name": "", "lat": 7.164432, "lon": 80.477166, "elev_m": 486.0, "prominence_m": 215.3}}, {"type": "Feature", "geometry": {"type": "Point", "coordinates": [80.465664, 6.896118]}, "properties": {"name": "", "lat": 6.896118, "lon": 80.465664, "elev_m": 1215.9, "prominence_m": 215.2}}, {"type": "Feature", "geometry": {"type": "Point", "coordinates": [81.02218, 6.904023]}, "properties": {"name": "", "lat": 6.904023, "lon": 81.02218, "elev_m": 1405.5, "prominence_m": 214.8}}, {"type": "Feature", "geometry": {"type": "Point", "coordinates": [80.152509, 6.597943]}, "properties": {"name": "", "lat": 6.597943, "lon": 80.152509, "elev_m": 214.8, "prominence_m": 214.8}}, {"type": "Feature", "geometry": {"type": "Point", "coordinates": [80.236987, 6.989236]}, "properties": {"name": "", "lat": 6.989236, "lon": 80.236987, "elev_m": 214.8, "prominence_m": 214.8}}, {"type": "Feature", "geometry": {"type": "Point", "coordinates": [80.367003, 7.033587]}, "properties": {"name": "", "lat": 7.033587, "lon": 80.367003, "elev_m": 765.4, "prominence_m": 214.7}}, {"type": "Feature", "geometry": {"type": "Point", "coordinates": [80.198189, 6.266484]}, "properties": {"name": "", "lat": 6.266484, "lon": 80.198189, "elev_m": 214.4, "prominence_m": 214.4}}, {"type": "Feature", "geometry": {"type": "Point", "coordinates": [80.366012, 7.527596]}, "properties": {"name": "", "lat": 7.527596, "lon": 80.366012, "elev_m": 394.9, "prominence_m": 214.2}}, {"type": "Feature", "geometry": {"type": "Point", "coordinates": [80.581414, 6.637362]}, "properties": {"name": "", "lat": 6.637362, "lon": 80.581414, "elev_m": 804.5, "prominence_m": 213.8}}, {"type": "Feature", "geometry": {"type": "Point", "coordinates": [80.51841, 7.703234]}, "properties": {"name": "", "lat": 7.703234, "lon": 80.51841, "elev_m": 564.3, "prominence_m": 213.6}}, {"type": "Feature", "geometry": {"type": "Point", "coordinates": [80.847815, 8.082018]}, "properties": {"name": "", "lat": 8.082018, "lon": 80.847815, "elev_m": 354.0, "prominence_m": 213.3}}, {"type": "Feature", "geometry": {"type": "Point", "coordinates": [81.362917, 7.367071]}, "properties": {"name": "", "lat": 7.367071, "lon": 81.362917, "elev_m": 573.7, "prominence_m": 213.0}}, {"type": "Feature", "geometry": {"type": "Point", "coordinates": [80.246345, 7.349237]}, "properties": {"name": "", "lat": 7.349237, "lon": 80.246345, "elev_m": 313.5, "prominence_m": 212.8}}, {"type": "Feature", "geometry": {"type": "Point", "coordinates": [81.544803, 7.424305]}, "properties": {"name": "", "lat": 7.424305, "lon": 81.544803, "elev_m": 293.5, "prominence_m": 212.8}}, {"type": "Feature", "geometry": {"type": "Point", "coordinates": [80.212651, 6.905381]}, "properties": {"name": "", "lat": 6.905381, "lon": 80.212651, "elev_m": 363.1, "prominence_m": 212.4}}, {"type": "Feature", "geometry": {"type": "Point", "coordinates": [80.166093, 6.581954]}, "properties": {"name": "", "lat": 6.581954, "lon": 80.166093, "elev_m": 211.9, "prominence_m": 211.9}}, {"type": "Feature", "geometry": {"type": "Point", "coordinates": [80.378895, 6.436755]}, "properties": {"name": "", "lat": 6.436755, "lon": 80.378895, "elev_m": 732.4, "prominence_m": 211.7}}, {"type": "Feature", "geometry": {"type": "Point", "coordinates": [80.380345, 6.314401]}, "properties": {"name": "", "lat": 6.314401, "lon": 80.380345, "elev_m": 372.4, "prominence_m": 211.7}}, {"type": "Feature", "geometry": {"type": "Point", "coordinates": [80.634259, 7.715767]}, "properties": {"name": "", "lat": 7.715767, "lon": 80.634259, "elev_m": 672.2, "prominence_m": 211.5}}, {"type": "Feature", "geometry": {"type": "Point", "coordinates": [80.143193, 6.454964]}, "properties": {"name": "", "lat": 6.454964, "lon": 80.143193, "elev_m": 211.1, "prominence_m": 211.1}}, {"type": "Feature", "geometry": {"type": "Point", "coordinates": [80.19132, 6.347863]}, "properties": {"name": "", "lat": 6.347863, "lon": 80.19132, "elev_m": 211.0, "prominence_m": 211.0}}, {"type": "Feature", "geometry": {"type": "Point", "coordinates": [80.445973, 6.298169]}, "properties": {"name": "", "lat": 6.298169, "lon": 80.445973, "elev_m": 511.5, "prominence_m": 210.8}}, {"type": "Feature", "geometry": {"type": "Point", "coordinates": [80.229589, 6.314265]}, "properties": {"name": "", "lat": 6.314265, "lon": 80.229589, "elev_m": 210.8, "prominence_m": 210.8}}, {"type": "Feature", "geometry": {"type": "Point", "coordinates": [80.843439, 7.960484]}, "properties": {"name": "", "lat": 7.960484, "lon": 80.843439, "elev_m": 381.4, "prominence_m": 210.7}}, {"type": "Feature", "geometry": {"type": "Point", "coordinates": [81.742805, 7.120927]}, "properties": {"name": "", "lat": 7.120927, "lon": 81.742805, "elev_m": 210.6, "prominence_m": 210.6}}, {"type": "Feature", "geometry": {"type": "Point", "coordinates": [80.633648, 7.913533]}, "properties": {"name": "", "lat": 7.913533, "lon": 80.633648, "elev_m": 370.9, "prominence_m": 210.2}}, {"type": "Feature", "geometry": {"type": "Point", "coordinates": [81.48745, 7.416804]}, "properties": {"name": "", "lat": 7.416804, "lon": 81.48745, "elev_m": 470.6, "prominence_m": 209.9}}, {"type": "Feature", "geometry": {"type": "Point", "coordinates": [80.162642, 6.951165]}, "properties": {"name": "", "lat": 6.951165, "lon": 80.162642, "elev_m": 209.6, "prominence_m": 209.6}}, {"type": "Feature", "geometry": {"type": "Point", "coordinates": [80.586245, 7.432253]}, "properties": {"name": "", "lat": 7.432253, "lon": 80.586245, "elev_m": 840.0, "prominence_m": 209.3}}, {"type": "Feature", "geometry": {"type": "Point", "coordinates": [81.442685, 7.466788]}, "properties": {"name": "Kuda Seethala Wanniya", "lat": 7.466788, "lon": 81.442685, "elev_m": 450.0, "prominence_m": 209.3}}, {"type": "Feature", "geometry": {"type": "Point", "coordinates": [80.136446, 6.42837]}, "properties": {"name": "", "lat": 6.42837, "lon": 80.136446, "elev_m": 209.3, "prominence_m": 209.3}}, {"type": "Feature", "geometry": {"type": "Point", "coordinates": [81.072368, 7.275934]}, "properties": {"name": "", "lat": 7.275934, "lon": 81.072368, "elev_m": 359.8, "prominence_m": 209.1}}, {"type": "Feature", "geometry": {"type": "Point", "coordinates": [80.169598, 7.030931]}, "properties": {"name": "", "lat": 7.030931, "lon": 80.169598, "elev_m": 209.1, "prominence_m": 209.1}}, {"type": "Feature", "geometry": {"type": "Point", "coordinates": [80.284829, 6.935031]}, "properties": {"name": "", "lat": 6.935031, "lon": 80.284829, "elev_m": 339.5, "prominence_m": 208.8}}, {"type": "Feature", "geometry": {"type": "Point", "coordinates": [81.646855, 7.07446]}, "properties": {"name": "", "lat": 7.07446, "lon": 81.646855, "elev_m": 309.4, "prominence_m": 208.7}}, {"type": "Feature", "geometry": {"type": "Point", "coordinates": [80.25044, 6.602125]}, "properties": {"name": "", "lat": 6.602125, "lon": 80.25044, "elev_m": 369.1, "prominence_m": 208.4}}, {"type": "Feature", "geometry": {"type": "Point", "coordinates": [80.697647, 7.606726]}, "properties": {"name": "", "lat": 7.606726, "lon": 80.697647, "elev_m": 1059.0, "prominence_m": 208.3}}, {"type": "Feature", "geometry": {"type": "Point", "coordinates": [80.868079, 8.598527]}, "properties": {"name": "", "lat": 8.598527, "lon": 80.868079, "elev_m": 207.8, "prominence_m": 207.8}}, {"type": "Feature", "geometry": {"type": "Point", "coordinates": [80.649562, 6.455342]}, "properties": {"name": "", "lat": 6.455342, "lon": 80.649562, "elev_m": 1108.3, "prominence_m": 207.6}}, {"type": "Feature", "geometry": {"type": "Point", "coordinates": [81.475077, 6.782043]}, "properties": {"name": "", "lat": 6.782043, "lon": 81.475077, "elev_m": 338.3, "prominence_m": 207.6}}, {"type": "Feature", "geometry": {"type": "Point", "coordinates": [80.236393, 6.794452]}, "properties": {"name": "", "lat": 6.794452, "lon": 80.236393, "elev_m": 358.1, "prominence_m": 207.4}}, {"type": "Feature", "geometry": {"type": "Point", "coordinates": [80.61287, 6.689463]}, "properties": {"name": "", "lat": 6.689463, "lon": 80.61287, "elev_m": 1108.0, "prominence_m": 207.3}}, {"type": "Feature", "geometry": {"type": "Point", "coordinates": [80.809383, 7.440432]}, "properties": {"name": "", "lat": 7.440432, "lon": 80.809383, "elev_m": 1557.8, "prominence_m": 207.1}}, {"type": "Feature", "geometry": {"type": "Point", "coordinates": [81.070329, 6.616967]}, "properties": {"name": "", "lat": 6.616967, "lon": 81.070329, "elev_m": 397.8, "prominence_m": 207.1}}, {"type": "Feature", "geometry": {"type": "Point", "coordinates": [81.502124, 7.41651]}, "properties": {"name": "", "lat": 7.41651, "lon": 81.502124, "elev_m": 287.7, "prominence_m": 207.0}}, {"type": "Feature", "geometry": {"type": "Point", "coordinates": [80.741753, 6.834904]}, "properties": {"name": "", "lat": 6.834904, "lon": 80.741753, "elev_m": 1867.6, "prominence_m": 206.9}}, {"type": "Feature", "geometry": {"type": "Point", "coordinates": [80.750932, 7.713348]}, "properties": {"name": "", "lat": 7.713348, "lon": 80.750932, "elev_m": 457.1, "prominence_m": 206.4}}, {"type": "Feature", "geometry": {"type": "Point", "coordinates": [80.497836, 7.119953]}, "properties": {"name": "", "lat": 7.119953, "lon": 80.497836, "elev_m": 946.8, "prominence_m": 206.1}}, {"type": "Feature", "geometry": {"type": "Point", "coordinates": [80.51758, 6.774066]}, "properties": {"name": "", "lat": 6.774066, "lon": 80.51758, "elev_m": 1846.7, "prominence_m": 206.0}}, {"type": "Feature", "geometry": {"type": "Point", "coordinates": [81.588552, 7.119596]}, "properties": {"name": "", "lat": 7.119596, "lon": 81.588552, "elev_m": 306.4, "prominence_m": 205.7}}, {"type": "Feature", "geometry": {"type": "Point", "coordinates": [80.325791, 6.969525]}, "properties": {"name": "", "lat": 6.969525, "lon": 80.325791, "elev_m": 375.8, "prominence_m": 205.1}}, {"type": "Feature", "geometry": {"type": "Point", "coordinates": [80.752081, 6.561707]}, "properties": {"name": "", "lat": 6.561707, "lon": 80.752081, "elev_m": 565.0, "prominence_m": 204.3}}, {"type": "Feature", "geometry": {"type": "Point", "coordinates": [81.313744, 7.375543]}, "properties": {"name": "", "lat": 7.375543, "lon": 81.313744, "elev_m": 304.8, "prominence_m": 204.1}}, {"type": "Feature", "geometry": {"type": "Point", "coordinates": [81.231111, 7.080749]}, "properties": {"name": "", "lat": 7.080749, "lon": 81.231111, "elev_m": 814.6, "prominence_m": 203.9}}, {"type": "Feature", "geometry": {"type": "Point", "coordinates": [80.393408, 6.609852]}, "properties": {"name": "", "lat": 6.609852, "lon": 80.393408, "elev_m": 334.6, "prominence_m": 203.9}}, {"type": "Feature", "geometry": {"type": "Point", "coordinates": [80.521024, 6.933318]}, "properties": {"name": "Benachie", "lat": 6.933318, "lon": 80.521024, "elev_m": 1284.1, "prominence_m": 203.4}}, {"type": "Feature", "geometry": {"type": "Point", "coordinates": [80.409743, 7.884641]}, "properties": {"name": "", "lat": 7.884641, "lon": 80.409743, "elev_m": 343.4, "prominence_m": 202.7}}, {"type": "Feature", "geometry": {"type": "Point", "coordinates": [81.112005, 6.858391]}, "properties": {"name": "", "lat": 6.858391, "lon": 81.112005, "elev_m": 1543.2, "prominence_m": 202.5}}, {"type": "Feature", "geometry": {"type": "Point", "coordinates": [80.513707, 6.90944]}, "properties": {"name": "", "lat": 6.90944, "lon": 80.513707, "elev_m": 1282.7, "prominence_m": 202.0}}, {"type": "Feature", "geometry": {"type": "Point", "coordinates": [80.155322, 6.733588]}, "properties": {"name": "", "lat": 6.733588, "lon": 80.155322, "elev_m": 202.0, "prominence_m": 202.0}}, {"type": "Feature", "geometry": {"type": "Point", "coordinates": [80.182681, 6.314756]}, "properties": {"name": "", "lat": 6.314756, "lon": 80.182681, "elev_m": 201.8, "prominence_m": 201.8}}, {"type": "Feature", "geometry": {"type": "Point", "coordinates": [81.447984, 7.006699]}, "properties": {"name": "", "lat": 7.006699, "lon": 81.447984, "elev_m": 532.3, "prominence_m": 201.6}}, {"type": "Feature", "geometry": {"type": "Point", "coordinates": [80.416717, 7.999398]}, "properties": {"name": "", "lat": 7.999398, "lon": 80.416717, "elev_m": 342.3, "prominence_m": 201.6}}, {"type": "Feature", "geometry": {"type": "Point", "coordinates": [80.407569, 6.15734]}, "properties": {"name": "", "lat": 6.15734, "lon": 80.407569, "elev_m": 282.3, "prominence_m": 201.6}}, {"type": "Feature", "geometry": {"type": "Point", "coordinates": [81.584119, 6.749592]}, "properties": {"name": "", "lat": 6.749592, "lon": 81.584119, "elev_m": 201.6, "prominence_m": 201.6}}, {"type": "Feature", "geometry": {"type": "Point", "coordinates": [80.874658, 7.63792]}, "properties": {"name": "", "lat": 7.63792, "lon": 80.874658, "elev_m": 471.9, "prominence_m": 201.2}}, {"type": "Feature", "geometry": {"type": "Point", "coordinates": [80.339605, 7.004263]}, "properties": {"name": "", "lat": 7.004263, "lon": 80.339605, "elev_m": 301.7, "prominence_m": 201.0}}, {"type": "Feature", "geometry": {"type": "Point", "coordinates": [80.361472, 6.177653]}, "properties": {"name": "", "lat": 6.177653, "lon": 80.361472, "elev_m": 281.2, "prominence_m": 200.5}}, {"type": "Feature", "geometry": {"type": "Point", "coordinates": [81.492524, 6.649363]}, "properties": {"name": "", "lat": 6.649363, "lon": 81.492524, "elev_m": 281.2, "prominence_m": 200.5}}, {"type": "Feature", "geometry": {"type": "Point", "coordinates": [80.368284, 7.42234]}, "properties": {"name": "", "lat": 7.42234, "lon": 80.368284, "elev_m": 381.1, "prominence_m": 200.4}}, {"type": "Feature", "geometry": {"type": "Point", "coordinates": [80.516965, 8.269937]}, "properties": {"name": "Gatalagama Kanda", "lat": 8.269937, "lon": 80.516965, "elev_m": 321.0, "prominence_m": 200.3}}, {"type": "Feature", "geometry": {"type": "Point", "coordinates": [80.120785, 7.365619]}, "properties": {"name": "", "lat": 7.365619, "lon": 80.120785, "elev_m": 200.3, "prominence_m": 200.3}}, {"type": "Feature", "geometry": {"type": "Point", "coordinates": [80.759923, 7.286068]}, "properties": {"name": "Pettigala", "lat": 7.286068, "lon": 80.759923, "elev_m": 670.7, "prominence_m": 200.0}}, {"type": "Feature", "geometry": {"type": "Point", "coordinates": [80.613299, 7.022614]}, "properties": {"name": "", "lat": 7.022614, "lon": 80.613299, "elev_m": 1520.6, "prominence_m": 199.9}}, {"type": "Feature", "geometry": {"type": "Point", "coordinates": [80.721278, 7.788491]}, "properties": {"name": "", "lat": 7.788491, "lon": 80.721278, "elev_m": 740.6, "prominence_m": 199.9}}, {"type": "Feature", "geometry": {"type": "Point", "coordinates": [80.399679, 6.569976]}, "properties": {"name": "", "lat": 6.569976, "lon": 80.399679, "elev_m": 660.5, "prominence_m": 199.8}}, {"type": "Feature", "geometry": {"type": "Point", "coordinates": [80.469782, 6.384457]}, "properties": {"name": "", "lat": 6.384457, "lon": 80.469782, "elev_m": 780.4, "prominence_m": 199.7}}, {"type": "Feature", "geometry": {"type": "Point", "coordinates": [81.020875, 7.004402]}, "properties": {"name": "", "lat": 7.004402, "lon": 81.020875, "elev_m": 1170.3, "prominence_m": 199.6}}, {"type": "Feature", "geometry": {"type": "Point", "coordinates": [80.922129, 7.292556]}, "properties": {"name": "", "lat": 7.292556, "lon": 80.922129, "elev_m": 1060.2, "prominence_m": 199.5}}, {"type": "Feature", "geometry": {"type": "Point", "coordinates": [80.664029, 7.223115]}, "properties": {"name": "Ambalammana Peak", "lat": 7.223115, "lon": 80.664029, "elev_m": 1190.0, "prominence_m": 199.3}}, {"type": "Feature", "geometry": {"type": "Point", "coordinates": [80.4553, 7.356489]}, "properties": {"name": "", "lat": 7.356489, "lon": 80.4553, "elev_m": 449.8, "prominence_m": 199.1}}, {"type": "Feature", "geometry": {"type": "Point", "coordinates": [81.414272, 7.172497]}, "properties": {"name": "Endagala Summit", "lat": 7.172497, "lon": 81.414272, "elev_m": 379.5, "prominence_m": 198.8}}, {"type": "Feature", "geometry": {"type": "Point", "coordinates": [81.424421, 7.049865]}, "properties": {"name": "", "lat": 7.049865, "lon": 81.424421, "elev_m": 529.4, "prominence_m": 198.7}}, {"type": "Feature", "geometry": {"type": "Point", "coordinates": [80.321898, 7.063929]}, "properties": {"name": "", "lat": 7.063929, "lon": 80.321898, "elev_m": 389.4, "prominence_m": 198.7}}, {"type": "Feature", "geometry": {"type": "Point", "coordinates": [81.552384, 7.408287]}, "properties": {"name": "", "lat": 7.408287, "lon": 81.552384, "elev_m": 279.0, "prominence_m": 198.3}}, {"type": "Feature", "geometry": {"type": "Point", "coordinates": [80.713321, 6.289589]}, "properties": {"name": "", "lat": 6.289589, "lon": 80.713321, "elev_m": 398.9, "prominence_m": 198.2}}, {"type": "Feature", "geometry": {"type": "Point", "coordinates": [80.527279, 7.412963]}, "properties": {"name": "", "lat": 7.412963, "lon": 80.527279, "elev_m": 738.7, "prominence_m": 198.0}}, {"type": "Feature", "geometry": {"type": "Point", "coordinates": [80.657309, 7.952876]}, "properties": {"name": "", "lat": 7.952876, "lon": 80.657309, "elev_m": 388.2, "prominence_m": 197.5}}, {"type": "Feature", "geometry": {"type": "Point", "coordinates": [81.475594, 7.308586]}, "properties": {"name": "", "lat": 7.308586, "lon": 81.475594, "elev_m": 337.6, "prominence_m": 196.9}}, {"type": "Feature", "geometry": {"type": "Point", "coordinates": [80.322365, 6.567742]}, "properties": {"name": "", "lat": 6.567742, "lon": 80.322365, "elev_m": 547.5, "prominence_m": 196.8}}, {"type": "Feature", "geometry": {"type": "Point", "coordinates": [81.047287, 6.653605]}, "properties": {"name": "", "lat": 6.653605, "lon": 81.047287, "elev_m": 427.5, "prominence_m": 196.8}}, {"type": "Feature", "geometry": {"type": "Point", "coordinates": [81.449715, 7.077771]}, "properties": {"name": "", "lat": 7.077771, "lon": 81.449715, "elev_m": 396.9, "prominence_m": 196.2}}, {"type": "Feature", "geometry": {"type": "Point", "coordinates": [80.508599, 6.313398]}, "properties": {"name": "", "lat": 6.313398, "lon": 80.508599, "elev_m": 606.8, "prominence_m": 196.1}}, {"type": "Feature", "geometry": {"type": "Point", "coordinates": [80.768632, 6.388889]}, "properties": {"name": "", "lat": 6.388889, "lon": 80.768632, "elev_m": 496.6, "prominence_m": 195.9}}, {"type": "Feature", "geometry": {"type": "Point", "coordinates": [80.587848, 6.838124]}, "properties": {"name": "", "lat": 6.838124, "lon": 80.587848, "elev_m": 1576.3, "prominence_m": 195.6}}, {"type": "Feature", "geometry": {"type": "Point", "coordinates": [80.415028, 7.083815]}, "properties": {"name": "", "lat": 7.083815, "lon": 80.415028, "elev_m": 1036.3, "prominence_m": 195.6}}, {"type": "Feature", "geometry": {"type": "Point", "coordinates": [80.998386, 7.105334]}, "properties": {"name": "", "lat": 7.105334, "lon": 80.998386, "elev_m": 516.3, "prominence_m": 195.6}}, {"type": "Feature", "geometry": {"type": "Point", "coordinates": [80.338899, 6.584034]}, "properties": {"name": "", "lat": 6.584034, "lon": 80.338899, "elev_m": 516.0, "prominence_m": 195.3}}, {"type": "Feature", "geometry": {"type": "Point", "coordinates": [81.248676, 7.516411]}, "properties": {"name": "", "lat": 7.516411, "lon": 81.248676, "elev_m": 295.8, "prominence_m": 195.1}}, {"type": "Feature", "geometry": {"type": "Point", "coordinates": [80.579938, 6.240992]}, "properties": {"name": "", "lat": 6.240992, "lon": 80.579938, "elev_m": 395.5, "prominence_m": 194.8}}, {"type": "Feature", "geometry": {"type": "Point", "coordinates": [80.516677, 7.417569]}, "properties": {"name": "", "lat": 7.417569, "lon": 80.516677, "elev_m": 734.2, "prominence_m": 193.5}}, {"type": "Feature", "geometry": {"type": "Point", "coordinates": [81.308349, 6.694629]}, "properties": {"name": "", "lat": 6.694629, "lon": 81.308349, "elev_m": 354.2, "prominence_m": 193.5}}, {"type": "Feature", "geometry": {"type": "Point", "coordinates": [81.409777, 7.063721]}, "properties": {"name": "", "lat": 7.063721, "lon": 81.409777, "elev_m": 353.7, "prominence_m": 193.0}}, {"type": "Feature", "geometry": {"type": "Point", "coordinates": [80.408882, 6.218654]}, "properties": {"name": "", "lat": 6.218654, "lon": 80.408882, "elev_m": 363.6, "prominence_m": 192.9}}, {"type": "Feature", "geometry": {"type": "Point", "coordinates": [81.023355, 6.541571]}, "properties": {"name": "", "lat": 6.541571, "lon": 81.023355, "elev_m": 343.6, "prominence_m": 192.9}}, {"type": "Feature", "geometry": {"type": "Point", "coordinates": [80.398737, 7.079461]}, "properties": {"name": "", "lat": 7.079461, "lon": 80.398737, "elev_m": 953.5, "prominence_m": 192.8}}, {"type": "Feature", "geometry": {"type": "Point", "coordinates": [80.337111, 6.456796]}, "properties": {"name": "", "lat": 6.456796, "lon": 80.337111, "elev_m": 473.3, "prominence_m": 192.6}}, {"type": "Feature", "geometry": {"type": "Point", "coordinates": [80.97397, 7.170184]}, "properties": {"name": "", "lat": 7.170184, "lon": 80.97397, "elev_m": 713.2, "prominence_m": 192.5}}, {"type": "Feature", "geometry": {"type": "Point", "coordinates": [80.165209, 6.855135]}, "properties": {"name": "", "lat": 6.855135, "lon": 80.165209, "elev_m": 283.1, "prominence_m": 192.4}}, {"type": "Feature", "geometry": {"type": "Point", "coordinates": [81.237546, 6.997729]}, "properties": {"name": "", "lat": 6.997729, "lon": 81.237546, "elev_m": 712.6, "prominence_m": 191.9}}, {"type": "Feature", "geometry": {"type": "Point", "coordinates": [80.711553, 7.339508]}, "properties": {"name": "", "lat": 7.339508, "lon": 80.711553, "elev_m": 922.3, "prominence_m": 191.6}}, {"type": "Feature", "geometry": {"type": "Point", "coordinates": [80.532781, 6.205161]}, "properties": {"name": "", "lat": 6.205161, "lon": 80.532781, "elev_m": 312.3, "prominence_m": 191.6}}, {"type": "Feature", "geometry": {"type": "Point", "coordinates": [80.596904, 7.286847]}, "properties": {"name": "", "lat": 7.286847, "lon": 80.596904, "elev_m": 762.1, "prominence_m": 191.4}}, {"type": "Feature", "geometry": {"type": "Point", "coordinates": [81.126218, 6.991856]}, "properties": {"name": "", "lat": 6.991856, "lon": 81.126218, "elev_m": 1331.8, "prominence_m": 191.1}}, {"type": "Feature", "geometry": {"type": "Point", "coordinates": [80.723247, 7.252154]}, "properties": {"name": "", "lat": 7.252154, "lon": 80.723247, "elev_m": 741.5, "prominence_m": 190.8}}, {"type": "Feature", "geometry": {"type": "Point", "coordinates": [80.96476, 7.2315]}, "properties": {"name": "", "lat": 7.2315, "lon": 80.96476, "elev_m": 451.4, "prominence_m": 190.7}}, {"type": "Feature", "geometry": {"type": "Point", "coordinates": [80.372033, 7.483654]}, "properties": {"name": "", "lat": 7.483654, "lon": 80.372033, "elev_m": 331.1, "prominence_m": 190.4}}, {"type": "Feature", "geometry": {"type": "Point", "coordinates": [81.58796, 7.092199]}, "properties": {"name": "", "lat": 7.092199, "lon": 81.58796, "elev_m": 321.0, "prominence_m": 190.3}}, {"type": "Feature", "geometry": {"type": "Point", "coordinates": [81.529499, 7.373875]}, "properties": {"name": "", "lat": 7.373875, "lon": 81.529499, "elev_m": 290.9, "prominence_m": 190.2}}, {"type": "Feature", "geometry": {"type": "Point", "coordinates": [80.402195, 6.469599]}, "properties": {"name": "", "lat": 6.469599, "lon": 80.402195, "elev_m": 570.7, "prominence_m": 190.0}}, {"type": "Feature", "geometry": {"type": "Point", "coordinates": [80.377036, 7.050686]}, "properties": {"name": "", "lat": 7.050686, "lon": 80.377036, "elev_m": 1060.3, "prominence_m": 189.6}}, {"type": "Feature", "geometry": {"type": "Point", "coordinates": [81.410546, 7.030081]}, "properties": {"name": "", "lat": 7.030081, "lon": 81.410546, "elev_m": 510.1, "prominence_m": 189.4}}, {"type": "Feature", "geometry": {"type": "Point", "coordinates": [80.361472, 7.145895]}, "properties": {"name": "", "lat": 7.145895, "lon": 80.361472, "elev_m": 439.8, "prominence_m": 189.1}}, {"type": "Feature", "geometry": {"type": "Point", "coordinates": [80.829831, 7.942581]}, "properties": {"name": "", "lat": 7.942581, "lon": 80.829831, "elev_m": 359.6, "prominence_m": 188.9}}, {"type": "Feature", "geometry": {"type": "Point", "coordinates": [80.281106, 7.367453]}, "properties": {"name": "", "lat": 7.367453, "lon": 80.281106, "elev_m": 379.5, "prominence_m": 188.8}}, {"type": "Feature", "geometry": {"type": "Point", "coordinates": [81.285318, 7.700296]}, "properties": {"name": "", "lat": 7.700296, "lon": 81.285318, "elev_m": 278.9, "prominence_m": 188.2}}, {"type": "Feature", "geometry": {"type": "Point", "coordinates": [81.05344, 6.973728]}, "properties": {"name": "Eladaluwa", "lat": 6.973728, "lon": 81.05344, "elev_m": 998.7, "prominence_m": 188.0}}, {"type": "Feature", "geometry": {"type": "Point", "coordinates": [80.170226, 7.173353]}, "properties": {"name": "", "lat": 7.173353, "lon": 80.170226, "elev_m": 268.7, "prominence_m": 188.0}}, {"type": "Feature", "geometry": {"type": "Point", "coordinates": [80.234597, 6.450186]}, "properties": {"name": "", "lat": 6.450186, "lon": 80.234597, "elev_m": 398.2, "prominence_m": 187.5}}, {"type": "Feature", "geometry": {"type": "Point", "coordinates": [80.545895, 6.584173]}, "properties": {"name": "", "lat": 6.584173, "lon": 80.545895, "elev_m": 417.9, "prominence_m": 187.2}}, {"type": "Feature", "geometry": {"type": "Point", "coordinates": [80.586859, 6.588802]}, "properties": {"name": "", "lat": 6.588802, "lon": 80.586859, "elev_m": 347.9, "prominence_m": 187.2}}, {"type": "Feature", "geometry": {"type": "Point", "coordinates": [80.470735, 6.603394]}, "properties": {"name": "", "lat": 6.603394, "lon": 80.470735, "elev_m": 267.8, "prominence_m": 187.1}}, {"type": "Feature", "geometry": {"type": "Point", "coordinates": [81.518088, 7.374708]}, "properties": {"name": "", "lat": 7.374708, "lon": 81.518088, "elev_m": 387.6, "prominence_m": 186.9}}, {"type": "Feature", "geometry": {"type": "Point", "coordinates": [80.601942, 6.10969]}, "properties": {"name": "", "lat": 6.10969, "lon": 80.601942, "elev_m": 277.6, "prominence_m": 186.9}}, {"type": "Feature", "geometry": {"type": "Point", "coordinates": [81.221892, 7.639871]}, "properties": {"name": "", "lat": 7.639871, "lon": 81.221892, "elev_m": 277.6, "prominence_m": 186.9}}, {"type": "Feature", "geometry": {"type": "Point", "coordinates": [80.221623, 7.12296]}, "properties": {"name": "", "lat": 7.12296, "lon": 80.221623, "elev_m": 337.5, "prominence_m": 186.8}}, {"type": "Feature", "geometry": {"type": "Point", "coordinates": [81.281453, 7.416815]}, "properties": {"name": "", "lat": 7.416815, "lon": 81.281453, "elev_m": 297.5, "prominence_m": 186.8}}, {"type": "Feature", "geometry": {"type": "Point", "coordinates": [81.427572, 6.972276]}, "properties": {"name": "", "lat": 6.972276, "lon": 81.427572, "elev_m": 357.3, "prominence_m": 186.6}}, {"type": "Feature", "geometry": {"type": "Point", "coordinates": [81.392254, 6.954147]}, "properties": {"name": "", "lat": 6.954147, "lon": 81.392254, "elev_m": 406.7, "prominence_m": 186.0}}, {"type": "Feature", "geometry": {"type": "Point", "coordinates": [80.723174, 7.852515]}, "properties": {"name": "", "lat": 7.852515, "lon": 80.723174, "elev_m": 596.3, "prominence_m": 185.6}}, {"type": "Feature", "geometry": {"type": "Point", "coordinates": [80.240841, 7.178595]}, "properties": {"name": "", "lat": 7.178595, "lon": 80.240841, "elev_m": 336.2, "prominence_m": 185.5}}, {"type": "Feature", "geometry": {"type": "Point", "coordinates": [80.316732, 6.498286]}, "properties": {"name": "", "lat": 6.498286, "lon": 80.316732, "elev_m": 386.1, "prominence_m": 185.4}}, {"type": "Feature", "geometry": {"type": "Point", "coordinates": [80.800368, 6.540003]}, "properties": {"name": "", "lat": 6.540003, "lon": 80.800368, "elev_m": 356.1, "prominence_m": 185.4}}, {"type": "Feature", "geometry": {"type": "Point", "coordinates": [80.955375, 6.84274]}, "properties": {"name": "", "lat": 6.84274, "lon": 80.955375, "elev_m": 1426.0, "prominence_m": 185.3}}, {"type": "Feature", "geometry": {"type": "Point", "coordinates": [81.44627, 7.500963]}, "properties": {"name": "", "lat": 7.500963, "lon": 81.44627, "elev_m": 335.8, "prominence_m": 185.1}}, {"type": "Feature", "geometry": {"type": "Point", "coordinates": [80.34957, 6.476883]}, "properties": {"name": "", "lat": 6.476883, "lon": 80.34957, "elev_m": 615.7, "prominence_m": 185.0}}, {"type": "Feature", "geometry": {"type": "Point", "coordinates": [80.647645, 6.529678]}, "properties": {"name": "", "lat": 6.529678, "lon": 80.647645, "elev_m": 505.5, "prominence_m": 184.8}}, {"type": "Feature", "geometry": {"type": "Point", "coordinates": [80.512556, 8.347519]}, "properties": {"name": "Eth Vehara", "lat": 8.347519, "lon": 80.512556, "elev_m": 295.5, "prominence_m": 184.8}}, {"type": "Feature", "geometry": {"type": "Point", "coordinates": [81.123689, 7.585976]}, "properties": {"name": "", "lat": 7.585976, "lon": 81.123689, "elev_m": 325.3, "prominence_m": 184.6}}, {"type": "Feature", "geometry": {"type": "Point", "coordinates": [81.15272, 7.194217]}, "properties": {"name": "", "lat": 7.194217, "lon": 81.15272, "elev_m": 485.2, "prominence_m": 184.5}}, {"type": "Feature", "geometry": {"type": "Point", "coordinates": [80.601186, 7.450707]}, "properties": {"name": "", "lat": 7.450707, "lon": 80.601186, "elev_m": 674.9, "prominence_m": 184.2}}, {"type": "Feature", "geometry": {"type": "Point", "coordinates": [80.430074, 7.297059]}, "properties": {"name": "", "lat": 7.297059, "lon": 80.430074, "elev_m": 344.9, "prominence_m": 184.2}}, {"type": "Feature", "geometry": {"type": "Point", "coordinates": [80.265104, 6.318913]}, "properties": {"name": "", "lat": 6.318913, "lon": 80.265104, "elev_m": 304.9, "prominence_m": 184.2}}, {"type": "Feature", "geometry": {"type": "Point", "coordinates": [80.181566, 7.225725]}, "properties": {"name": "", "lat": 7.225725, "lon": 80.181566, "elev_m": 284.9, "prominence_m": 184.2}}, {"type": "Feature", "geometry": {"type": "Point", "coordinates": [80.440887, 7.000005]}, "properties": {"name": "", "lat": 7.000005, "lon": 80.440887, "elev_m": 604.7, "prominence_m": 184.0}}, {"type": "Feature", "geometry": {"type": "Point", "coordinates": [80.513273, 7.196738]}, "properties": {"name": "", "lat": 7.196738, "lon": 80.513273, "elev_m": 714.6, "prominence_m": 183.9}}, {"type": "Feature", "geometry": {"type": "Point", "coordinates": [80.40155, 6.236826]}, "properties": {"name": "", "lat": 6.236826, "lon": 80.40155, "elev_m": 384.6, "prominence_m": 183.9}}, {"type": "Feature", "geometry": {"type": "Point", "coordinates": [80.269771, 7.052753]}, "properties": {"name": "", "lat": 7.052753, "lon": 80.269771, "elev_m": 274.6, "prominence_m": 183.9}}, {"type": "Feature", "geometry": {"type": "Point", "coordinates": [80.854958, 6.937449]}, "properties": {"name": "", "lat": 6.937449, "lon": 80.854958, "elev_m": 1404.5, "prominence_m": 183.8}}, {"type": "Feature", "geometry": {"type": "Point", "coordinates": [81.135635, 7.566705]}, "properties": {"name": "", "lat": 7.566705, "lon": 81.135635, "elev_m": 324.3, "prominence_m": 183.6}}, {"type": "Feature", "geometry": {"type": "Point", "coordinates": [80.542825, 7.308254]}, "properties": {"name": "", "lat": 7.308254, "lon": 80.542825, "elev_m": 783.8, "prominence_m": 183.1}}, {"type": "Feature", "geometry": {"type": "Point", "coordinates": [81.350782, 6.782748]}, "properties": {"name": "", "lat": 6.782748, "lon": 81.350782, "elev_m": 643.8, "prominence_m": 183.1}}, {"type": "Feature", "geometry": {"type": "Point", "coordinates": [81.075377, 6.885816]}, "properties": {"name": "", "lat": 6.885816, "lon": 81.075377, "elev_m": 1213.4, "prominence_m": 182.7}}, {"type": "Feature", "geometry": {"type": "Point", "coordinates": [80.375765, 6.948952]}, "properties": {"name": "", "lat": 6.948952, "lon": 80.375765, "elev_m": 593.4, "prominence_m": 182.7}}, {"type": "Feature", "geometry": {"type": "Point", "coordinates": [81.367635, 7.023355]}, "properties": {"name": "", "lat": 7.023355, "lon": 81.367635, "elev_m": 423.2, "prominence_m": 182.5}}, {"type": "Feature", "geometry": {"type": "Point", "coordinates": [80.365529, 6.855077]}, "properties": {"name": "", "lat": 6.855077, "lon": 80.365529, "elev_m": 593.1, "prominence_m": 182.4}}, {"type": "Feature", "geometry": {"type": "Point", "coordinates": [81.065708, 6.602862]}, "properties": {"name": "", "lat": 6.602862, "lon": 81.065708, "elev_m": 332.7, "prominence_m": 182.0}}, {"type": "Feature", "geometry": {"type": "Point", "coordinates": [80.675355, 6.319697]}, "properties": {"name": "", "lat": 6.319697, "lon": 80.675355, "elev_m": 572.6, "prominence_m": 181.9}}, {"type": "Feature", "geometry": {"type": "Point", "coordinates": [80.71317, 7.431747]}, "properties": {"name": "", "lat": 7.431747, "lon": 80.71317, "elev_m": 1452.4, "prominence_m": 181.7}}, {"type": "Feature", "geometry": {"type": "Point", "coordinates": [81.154541, 6.75554]}, "properties": {"name": "", "lat": 6.75554, "lon": 81.154541, "elev_m": 402.2, "prominence_m": 181.5}}, {"type": "Feature", "geometry": {"type": "Point", "coordinates": [81.147777, 6.781861]}, "properties": {"name": "", "lat": 6.781861, "lon": 81.147777, "elev_m": 471.8, "prominence_m": 181.1}}, {"type": "Feature", "geometry": {"type": "Point", "coordinates": [81.107177, 7.680667]}, "properties": {"name": "", "lat": 7.680667, "lon": 81.107177, "elev_m": 301.6, "prominence_m": 180.9}}, {"type": "Feature", "geometry": {"type": "Point", "coordinates": [80.238453, 7.358994]}, "properties": {"name": "", "lat": 7.358994, "lon": 80.238453, "elev_m": 271.6, "prominence_m": 180.9}}, {"type": "Feature", "geometry": {"type": "Point", "coordinates": [81.06818, 6.653321]}, "properties": {"name": "", "lat": 6.653321, "lon": 81.06818, "elev_m": 491.4, "prominence_m": 180.7}}, {"type": "Feature", "geometry": {"type": "Point", "coordinates": [81.406761, 6.83802]}, "properties": {"name": "", "lat": 6.83802, "lon": 81.406761, "elev_m": 351.4, "prominence_m": 180.7}}, {"type": "Feature", "geometry": {"type": "Point", "coordinates": [80.221518, 7.210041]}, "properties": {"name": "", "lat": 7.210041, "lon": 80.221518, "elev_m": 331.1, "prominence_m": 180.4}}, {"type": "Feature", "geometry": {"type": "Point", "coordinates": [80.950709, 7.42385]}, "properties": {"name": "", "lat": 7.42385, "lon": 80.950709, "elev_m": 321.0, "prominence_m": 180.3}}, {"type": "Feature", "geometry": {"type": "Point", "coordinates": [80.656714, 8.125411]}, "properties": {"name": "", "lat": 8.125411, "lon": 80.656714, "elev_m": 740.8, "prominence_m": 180.1}}, {"type": "Feature", "geometry": {"type": "Point", "coordinates": [80.742215, 7.890768]}, "properties": {"name": "", "lat": 7.890768, "lon": 80.742215, "elev_m": 430.5, "prominence_m": 179.8}}, {"type": "Feature", "geometry": {"type": "Point", "coordinates": [81.19369, 6.836082]}, "properties": {"name": "", "lat": 6.836082, "lon": 81.19369, "elev_m": 629.9, "prominence_m": 179.2}}, {"type": "Feature", "geometry": {"type": "Point", "coordinates": [80.253927, 6.892406]}, "properties": {"name": "", "lat": 6.892406, "lon": 80.253927, "elev_m": 289.8, "prominence_m": 179.1}}, {"type": "Feature", "geometry": {"type": "Point", "coordinates": [80.469212, 7.667121]}, "properties": {"name": "", "lat": 7.667121, "lon": 80.469212, "elev_m": 329.6, "prominence_m": 178.9}}, {"type": "Feature", "geometry": {"type": "Point", "coordinates": [81.399865, 6.536905]}, "properties": {"name": "", "lat": 6.536905, "lon": 81.399865, "elev_m": 259.6, "prominence_m": 178.9}}, {"type": "Feature", "geometry": {"type": "Point", "coordinates": [80.545339, 7.17261]}, "properties": {"name": "", "lat": 7.17261, "lon": 80.545339, "elev_m": 909.3, "prominence_m": 178.6}}, {"type": "Feature", "geometry": {"type": "Point", "coordinates": [80.498845, 7.67962]}, "properties": {"name": "", "lat": 7.67962, "lon": 80.498845, "elev_m": 349.3, "prominence_m": 178.6}}, {"type": "Feature", "geometry": {"type": "Point", "coordinates": [81.113596, 7.543121]}, "properties": {"name": "", "lat": 7.543121, "lon": 81.113596, "elev_m": 329.3, "prominence_m": 178.6}}, {"type": "Feature", "geometry": {"type": "Point", "coordinates": [80.485127, 6.581157]}, "properties": {"name": "", "lat": 6.581157, "lon": 80.485127, "elev_m": 319.3, "prominence_m": 178.6}}, {"type": "Feature", "geometry": {"type": "Point", "coordinates": [80.830258, 6.985743]}, "properties": {"name": "", "lat": 6.985743, "lon": 80.830258, "elev_m": 2099.2, "prominence_m": 178.5}}, {"type": "Feature", "geometry": {"type": "Point", "coordinates": [80.440145, 6.899084]}, "properties": {"name": "", "lat": 6.899084, "lon": 80.440145, "elev_m": 579.0, "prominence_m": 178.3}}, {"type": "Feature", "geometry": {"type": "Point", "coordinates": [80.879902, 6.783891]}, "properties": {"name": "", "lat": 6.783891, "lon": 80.879902, "elev_m": 1978.9, "prominence_m": 178.2}}, {"type": "Feature", "geometry": {"type": "Point", "coordinates": [80.76046, 7.448843]}, "properties": {"name": "", "lat": 7.448843, "lon": 80.76046, "elev_m": 1868.7, "prominence_m": 178.0}}, {"type": "Feature", "geometry": {"type": "Point", "coordinates": [81.148623, 6.824182]}, "properties": {"name": "", "lat": 6.824182, "lon": 81.148623, "elev_m": 708.7, "prominence_m": 178.0}}, {"type": "Feature", "geometry": {"type": "Point", "coordinates": [80.33533, 6.631236]}, "properties": {"name": "", "lat": 6.631236, "lon": 80.33533, "elev_m": 838.6, "prominence_m": 177.9}}, {"type": "Feature", "geometry": {"type": "Point", "coordinates": [81.619985, 7.081834]}, "properties": {"name": "", "lat": 7.081834, "lon": 81.619985, "elev_m": 298.5, "prominence_m": 177.8}}, {"type": "Feature", "geometry": {"type": "Point", "coordinates": [81.241587, 6.389765]}, "properties": {"name": "", "lat": 6.389765, "lon": 81.241587, "elev_m": 258.5, "prominence_m": 177.8}}, {"type": "Feature", "geometry": {"type": "Point", "coordinates": [80.606598, 7.513106]}, "properties": {"name": "", "lat": 7.513106, "lon": 80.606598, "elev_m": 788.3, "prominence_m": 177.6}}, {"type": "Feature", "geometry": {"type": "Point", "coordinates": [80.311832, 7.606213]}, "properties": {"name": "", "lat": 7.606213, "lon": 80.311832, "elev_m": 348.3, "prominence_m": 177.6}}, {"type": "Feature", "geometry": {"type": "Point", "coordinates": [80.131379, 8.085042]}, "properties": {"name": "", "lat": 8.085042, "lon": 80.131379, "elev_m": 258.3, "prominence_m": 177.6}}, {"type": "Feature", "geometry": {"type": "Point", "coordinates": [80.456317, 6.230894]}, "properties": {"name": "", "lat": 6.230894, "lon": 80.456317, "elev_m": 308.2, "prominence_m": 177.5}}, {"type": "Feature", "geometry": {"type": "Point", "coordinates": [80.393861, 6.369485]}, "properties": {"name": "", "lat": 6.369485, "lon": 80.393861, "elev_m": 268.1, "prominence_m": 177.4}}, {"type": "Feature", "geometry": {"type": "Point", "coordinates": [81.35689, 7.737369]}, "properties": {"name": "", "lat": 7.737369, "lon": 81.35689, "elev_m": 268.1, "prominence_m": 177.4}}, {"type": "Feature", "geometry": {"type": "Point", "coordinates": [80.709471, 6.697082]}, "properties": {"name": "", "lat": 6.697082, "lon": 80.709471, "elev_m": 777.7, "prominence_m": 177.0}}, {"type": "Feature", "geometry": {"type": "Point", "coordinates": [81.39182, 7.240618]}, "properties": {"name": "", "lat": 7.240618, "lon": 81.39182, "elev_m": 707.5, "prominence_m": 176.8}}, {"type": "Feature", "geometry": {"type": "Point", "coordinates": [81.184016, 7.258756]}, "properties": {"name": "", "lat": 7.258756, "lon": 81.184016, "elev_m": 397.4, "prominence_m": 176.7}}, {"type": "Feature", "geometry": {"type": "Point", "coordinates": [80.342115, 6.311658]}, "properties": {"name": "", "lat": 6.311658, "lon": 80.342115, "elev_m": 347.3, "prominence_m": 176.6}}, {"type": "Feature", "geometry": {"type": "Point", "coordinates": [80.822966, 7.371251]}, "properties": {"name": "Aliyawetunaela", "lat": 7.371251, "lon": 80.822966, "elev_m": 1687.1, "prominence_m": 176.4}}, {"type": "Feature", "geometry": {"type": "Point", "coordinates": [80.528129, 6.843523]}, "properties": {"name": "", "lat": 6.843523, "lon": 80.528129, "elev_m": 1797.0, "prominence_m": 176.3}}, {"type": "Feature", "geometry": {"type": "Point", "coordinates": [80.380873, 6.679564]}, "properties": {"name": "", "lat": 6.679564, "lon": 80.380873, "elev_m": 256.8, "prominence_m": 176.1}}, {"type": "Feature", "geometry": {"type": "Point", "coordinates": [80.541734, 6.776249]}, "properties": {"name": "", "lat": 6.776249, "lon": 80.541734, "elev_m": 1966.6, "prominence_m": 175.9}}, {"type": "Feature", "geometry": {"type": "Point", "coordinates": [80.482669, 7.053478]}, "properties": {"name": "", "lat": 7.053478, "lon": 80.482669, "elev_m": 1236.6, "prominence_m": 175.9}}, {"type": "Feature", "geometry": {"type": "Point", "coordinates": [80.671136, 8.150373]}, "properties": {"name": "", "lat": 8.150373, "lon": 80.671136, "elev_m": 356.6, "prominence_m": 175.9}}, {"type": "Feature", "geometry": {"type": "Point", "coordinates": [81.407384, 7.297564]}, "properties": {"name": "", "lat": 7.297564, "lon": 81.407384, "elev_m": 446.2, "prominence_m": 175.5}}, {"type": "Feature", "geometry": {"type": "Point", "coordinates": [80.800988, 7.965914]}, "properties": {"name": "", "lat": 7.965914, "lon": 80.800988, "elev_m": 366.2, "prominence_m": 175.5}}, {"type": "Feature", "geometry": {"type": "Point", "coordinates": [81.288204, 6.363134]}, "properties": {"name": "", "lat": 6.363134, "lon": 81.288204, "elev_m": 276.0, "prominence_m": 175.3}}, {"type": "Feature", "geometry": {"type": "Point", "coordinates": [81.511804, 7.353831]}, "properties": {"name": "", "lat": 7.353831, "lon": 81.511804, "elev_m": 515.6, "prominence_m": 174.9}}, {"type": "Feature", "geometry": {"type": "Point", "coordinates": [80.647542, 7.857924]}, "properties": {"name": "", "lat": 7.857924, "lon": 80.647542, "elev_m": 345.5, "prominence_m": 174.8}}, {"type": "Feature", "geometry": {"type": "Point", "coordinates": [80.242554, 6.61975]}, "properties": {"name": "", "lat": 6.61975, "lon": 80.242554, "elev_m": 275.4, "prominence_m": 174.7}}, {"type": "Feature", "geometry": {"type": "Point", "coordinates": [81.513822, 6.557911]}, "properties": {"name": "", "lat": 6.557911, "lon": 81.513822, "elev_m": 265.3, "prominence_m": 174.6}}, {"type": "Feature", "geometry": {"type": "Point", "coordinates": [80.866721, 7.39132]}, "properties": {"name": "", "lat": 7.39132, "lon": 80.866721, "elev_m": 1565.2, "prominence_m": 174.5}}, {"type": "Feature", "geometry": {"type": "Point", "coordinates": [80.920675, 6.987895]}, "properties": {"name": "", "lat": 6.987895, "lon": 80.920675, "elev_m": 1674.9, "prominence_m": 174.2}}, {"type": "Feature", "geometry": {"type": "Point", "coordinates": [80.347737, 7.309738]}, "properties": {"name": "", "lat": 7.309738, "lon": 80.347737, "elev_m": 364.6, "prominence_m": 173.9}}, {"type": "Feature", "geometry": {"type": "Point", "coordinates": [81.213328, 7.228888]}, "properties": {"name": "", "lat": 7.228888, "lon": 81.213328, "elev_m": 484.5, "prominence_m": 173.8}}, {"type": "Feature", "geometry": {"type": "Point", "coordinates": [81.029509, 7.396954]}, "properties": {"name": "", "lat": 7.396954, "lon": 81.029509, "elev_m": 284.5, "prominence_m": 173.8}}, {"type": "Feature", "geometry": {"type": "Point", "coordinates": [80.246805, 8.073001]}, "properties": {"name": "", "lat": 8.073001, "lon": 80.246805, "elev_m": 274.5, "prominence_m": 173.8}}, {"type": "Feature", "geometry": {"type": "Point", "coordinates": [80.418962, 7.261783]}, "properties": {"name": "Uthuwankanda", "lat": 7.261783, "lon": 80.418962, "elev_m": 394.4, "prominence_m": 173.7}}, {"type": "Feature", "geometry": {"type": "Point", "coordinates": [80.376431, 7.42913]}, "properties": {"name": "", "lat": 7.42913, "lon": 80.376431, "elev_m": 364.2, "prominence_m": 173.5}}, {"type": "Feature", "geometry": {"type": "Point", "coordinates": [80.198993, 6.749105]}, "properties": {"name": "", "lat": 6.749105, "lon": 80.198993, "elev_m": 304.2, "prominence_m": 173.5}}, {"type": "Feature", "geometry": {"type": "Point", "coordinates": [81.229342, 7.214494]}, "properties": {"name": "", "lat": 7.214494, "lon": 81.229342, "elev_m": 434.1, "prominence_m": 173.4}}, {"type": "Feature", "geometry": {"type": "Point", "coordinates": [81.142424, 7.227594]}, "properties": {"name": "", "lat": 7.227594, "lon": 81.142424, "elev_m": 584.0, "prominence_m": 173.3}}, {"type": "Feature", "geometry": {"type": "Point", "coordinates": [80.575933, 7.397795]}, "properties": {"name": "", "lat": 7.397795, "lon": 80.575933, "elev_m": 773.8, "prominence_m": 173.1}}, {"type": "Feature", "geometry": {"type": "Point", "coordinates": [81.286296, 6.623032]}, "properties": {"name": "", "lat": 6.623032, "lon": 81.286296, "elev_m": 313.7, "prominence_m": 173.0}}, {"type": "Feature", "geometry": {"type": "Point", "coordinates": [80.229589, 7.046197]}, "properties": {"name": "", "lat": 7.046197, "lon": 80.229589, "elev_m": 263.6, "prominence_m": 172.9}}, {"type": "Feature", "geometry": {"type": "Point", "coordinates": [80.847251, 7.973234]}, "properties": {"name": "", "lat": 7.973234, "lon": 80.847251, "elev_m": 312.9, "prominence_m": 172.2}}, {"type": "Feature", "geometry": {"type": "Point", "coordinates": [80.471129, 7.256124]}, "properties": {"name": "", "lat": 7.256124, "lon": 80.471129, "elev_m": 402.8, "prominence_m": 172.1}}, {"type": "Feature", "geometry": {"type": "Point", "coordinates": [80.153181, 8.067715]}, "properties": {"name": "", "lat": 8.067715, "lon": 80.153181, "elev_m": 262.6, "prominence_m": 171.9}}, {"type": "Feature", "geometry": {"type": "Point", "coordinates": [80.442461, 6.689105]}, "properties": {"name": "", "lat": 6.689105, "lon": 80.442461, "elev_m": 472.5, "prominence_m": 171.8}}, {"type": "Feature", "geometry": {"type": "Point", "coordinates": [80.839092, 8.007145]}, "properties": {"name": "", "lat": 8.007145, "lon": 80.839092, "elev_m": 312.5, "prominence_m": 171.8}}, {"type": "Feature", "geometry": {"type": "Point", "coordinates": [81.306113, 6.374781]}, "properties": {"name": "", "lat": 6.374781, "lon": 81.306113, "elev_m": 282.5, "prominence_m": 171.8}}, {"type": "Feature", "geometry": {"type": "Point", "coordinates": [80.511407, 7.135154]}, "properties": {"name": "", "lat": 7.135154, "lon": 80.511407, "elev_m": 882.4, "prominence_m": 171.7}}, {"type": "Feature", "geometry": {"type": "Point", "coordinates": [80.812429, 8.096943]}, "properties": {"name": "", "lat": 8.096943, "lon": 80.812429, "elev_m": 322.2, "prominence_m": 171.5}}, {"type": "Feature", "geometry": {"type": "Point", "coordinates": [80.576326, 6.467527]}, "properties": {"name": "", "lat": 6.467527, "lon": 80.576326, "elev_m": 1162.0, "prominence_m": 171.3}}, {"type": "Feature", "geometry": {"type": "Point", "coordinates": [81.204433, 7.302685]}, "properties": {"name": "", "lat": 7.302685, "lon": 81.204433, "elev_m": 362.0, "prominence_m": 171.3}}, {"type": "Feature", "geometry": {"type": "Point", "coordinates": [81.256389, 7.608366]}, "properties": {"name": "", "lat": 7.608366, "lon": 81.256389, "elev_m": 282.0, "prominence_m": 171.3}}, {"type": "Feature", "geometry": {"type": "Point", "coordinates": [81.550357, 7.014951]}, "properties": {"name": "", "lat": 7.014951, "lon": 81.550357, "elev_m": 391.9, "prominence_m": 171.2}}, {"type": "Feature", "geometry": {"type": "Point", "coordinates": [80.692354, 6.820791]}, "properties": {"name": "Green Mount", "lat": 6.820791, "lon": 80.692354, "elev_m": 1941.8, "prominence_m": 171.1}}, {"type": "Feature", "geometry": {"type": "Point", "coordinates": [81.196395, 7.129884]}, "properties": {"name": "", "lat": 7.129884, "lon": 81.196395, "elev_m": 501.7, "prominence_m": 171.0}}, {"type": "Feature", "geometry": {"type": "Point", "coordinates": [81.047881, 7.217079]}, "properties": {"name": "", "lat": 7.217079, "lon": 81.047881, "elev_m": 301.7, "prominence_m": 171.0}}, {"type": "Feature", "geometry": {"type": "Point", "coordinates": [80.873866, 7.742636]}, "properties": {"name": "", "lat": 7.742636, "lon": 80.873866, "elev_m": 351.3, "prominence_m": 170.6}}, {"type": "Feature", "geometry": {"type": "Point", "coordinates": [80.224251, 6.486799]}, "properties": {"name": "", "lat": 6.486799, "lon": 80.224251, "elev_m": 341.0, "prominence_m": 170.3}}, {"type": "Feature", "geometry": {"type": "Point", "coordinates": [80.401334, 6.887933]}, "properties": {"name": "", "lat": 6.887933, "lon": 80.401334, "elev_m": 520.9, "prominence_m": 170.2}}, {"type": "Feature", "geometry": {"type": "Point", "coordinates": [81.375346, 6.894487]}, "properties": {"name": "", "lat": 6.894487, "lon": 81.375346, "elev_m": 1020.8, "prominence_m": 170.1}}, {"type": "Feature", "geometry": {"type": "Point", "coordinates": [80.294895, 6.35638]}, "properties": {"name": "", "lat": 6.35638, "lon": 80.294895, "elev_m": 480.8, "prominence_m": 170.1}}, {"type": "Feature", "geometry": {"type": "Point", "coordinates": [81.131531, 6.83369]}, "properties": {"name": "", "lat": 6.83369, "lon": 81.131531, "elev_m": 1040.7, "prominence_m": 170.0}}, {"type": "Feature", "geometry": {"type": "Point", "coordinates": [80.279415, 7.421979]}, "properties": {"name": "", "lat": 7.421979, "lon": 80.279415, "elev_m": 270.7, "prominence_m": 170.0}}, {"type": "Feature", "geometry": {"type": "Point", "coordinates": [80.687166, 8.298767]}, "properties": {"name": "", "lat": 8.298767, "lon": 80.687166, "elev_m": 300.4, "prominence_m": 169.7}}, {"type": "Feature", "geometry": {"type": "Point", "coordinates": [80.678023, 7.812628]}, "properties": {"name": "", "lat": 7.812628, "lon": 80.678023, "elev_m": 560.3, "prominence_m": 169.6}}, {"type": "Feature", "geometry": {"type": "Point", "coordinates": [81.463168, 6.993113]}, "properties": {"name": "", "lat": 6.993113, "lon": 81.463168, "elev_m": 530.0, "prominence_m": 169.3}}, {"type": "Feature", "geometry": {"type": "Point", "coordinates": [80.882785, 7.512583]}, "properties": {"name": "", "lat": 7.512583, "lon": 80.882785, "elev_m": 530.0, "prominence_m": 169.3}}, {"type": "Feature", "geometry": {"type": "Point", "coordinates": [80.705379, 6.844396]}, "properties": {"name": "", "lat": 6.844396, "lon": 80.705379, "elev_m": 1809.8, "prominence_m": 169.1}}, {"type": "Feature", "geometry": {"type": "Point", "coordinates": [81.307413, 7.308002]}, "properties": {"name": "", "lat": 7.308002, "lon": 81.307413, "elev_m": 299.8, "prominence_m": 169.1}}, {"type": "Feature", "geometry": {"type": "Point", "coordinates": [80.652985, 6.867445]}, "properties": {"name": "Preston Hill", "lat": 6.867445, "lon": 80.652985, "elev_m": 1739.7, "prominence_m": 169.0}}, {"type": "Feature", "geometry": {"type": "Point", "coordinates": [80.340897, 6.469279]}, "properties": {"name": "", "lat": 6.469279, "lon": 80.340897, "elev_m": 419.7, "prominence_m": 169.0}}, {"type": "Feature", "geometry": {"type": "Point", "coordinates": [81.302227, 7.287119]}, "properties": {"name": "", "lat": 7.287119, "lon": 81.302227, "elev_m": 319.7, "prominence_m": 169.0}}, {"type": "Feature", "geometry": {"type": "Point", "coordinates": [80.114301, 6.564797]}, "properties": {"name": "", "lat": 6.564797, "lon": 80.114301, "elev_m": 279.7, "prominence_m": 169.0}}, {"type": "Feature", "geometry": {"type": "Point", "coordinates": [80.252601, 6.348471]}, "properties": {"name": "", "lat": 6.348471, "lon": 80.252601, "elev_m": 279.6, "prominence_m": 168.9}}, {"type": "Feature", "geometry": {"type": "Point", "coordinates": [81.607943, 6.716729]}, "properties": {"name": "", "lat": 6.716729, "lon": 81.607943, "elev_m": 249.2, "prominence_m": 168.5}}, {"type": "Feature", "geometry": {"type": "Point", "coordinates": [81.286969, 7.248886]}, "properties": {"name": "", "lat": 7.248886, "lon": 81.286969, "elev_m": 449.1, "prominence_m": 168.4}}, {"type": "Feature", "geometry": {"type": "Point", "coordinates": [80.303614, 6.602992]}, "properties": {"name": "", "lat": 6.602992, "lon": 80.303614, "elev_m": 478.6, "prominence_m": 167.9}}, {"type": "Feature", "geometry": {"type": "Point", "coordinates": [80.814993, 6.212812]}, "properties": {"name": "", "lat": 6.212812, "lon": 80.814993, "elev_m": 268.6, "prominence_m": 167.9}}, {"type": "Feature", "geometry": {"type": "Point", "coordinates": [80.238417, 6.428216]}, "properties": {"name": "", "lat": 6.428216, "lon": 80.238417, "elev_m": 348.4, "prominence_m": 167.7}}, {"type": "Feature", "geometry": {"type": "Point", "coordinates": [80.9174, 6.934179]}, "properties": {"name": "", "lat": 6.934179, "lon": 80.9174, "elev_m": 1268.1, "prominence_m": 167.4}}, {"type": "Feature", "geometry": {"type": "Point", "coordinates": [81.360406, 7.72353]}, "properties": {"name": "", "lat": 7.72353, "lon": 81.360406, "elev_m": 248.1, "prominence_m": 167.4}}, {"type": "Feature", "geometry": {"type": "Point", "coordinates": [80.471859, 6.972897]}, "properties": {"name": "", "lat": 6.972897, "lon": 80.471859, "elev_m": 758.0, "prominence_m": 167.3}}, {"type": "Feature", "geometry": {"type": "Point", "coordinates": [81.38354, 7.345342]}, "properties": {"name": "", "lat": 7.345342, "lon": 81.38354, "elev_m": 428.0, "prominence_m": 167.3}}, {"type": "Feature", "geometry": {"type": "Point", "coordinates": [80.399183, 6.86053]}, "properties": {"name": "", "lat": 6.86053, "lon": 80.399183, "elev_m": 637.7, "prominence_m": 167.0}}, {"type": "Feature", "geometry": {"type": "Point", "coordinates": [81.293524, 7.038363]}, "properties": {"name": "", "lat": 7.038363, "lon": 81.293524, "elev_m": 457.5, "prominence_m": 166.8}}, {"type": "Feature", "geometry": {"type": "Point", "coordinates": [81.524871, 7.037779]}, "properties": {"name": "", "lat": 7.037779, "lon": 81.524871, "elev_m": 317.5, "prominence_m": 166.8}}, {"type": "Feature", "geometry": {"type": "Point", "coordinates": [80.927789, 7.156094]}, "properties": {"name": "", "lat": 7.156094, "lon": 80.927789, "elev_m": 1147.4, "prominence_m": 166.7}}, {"type": "Feature", "geometry": {"type": "Point", "coordinates": [80.683497, 6.280089]}, "properties": {"name": "", "lat": 6.280089, "lon": 80.683497, "elev_m": 337.4, "prominence_m": 166.7}}, {"type": "Feature", "geometry": {"type": "Point", "coordinates": [80.389249, 7.378682]}, "properties": {"name": "", "lat": 7.378682, "lon": 80.389249, "elev_m": 337.4, "prominence_m": 166.7}}, {"type": "Feature", "geometry": {"type": "Point", "coordinates": [80.245271, 7.338385]}, "properties": {"name": "", "lat": 7.338385, "lon": 80.245271, "elev_m": 317.3, "prominence_m": 166.6}}, {"type": "Feature", "geometry": {"type": "Point", "coordinates": [80.231083, 6.439331]}, "properties": {"name": "", "lat": 6.439331, "lon": 80.231083, "elev_m": 387.1, "prominence_m": 166.4}}, {"type": "Feature", "geometry": {"type": "Point", "coordinates": [80.684827, 6.424693]}, "properties": {"name": "", "lat": 6.424693, "lon": 80.684827, "elev_m": 706.9, "prominence_m": 166.2}}, {"type": "Feature", "geometry": {"type": "Point", "coordinates": [81.330487, 6.834587]}, "properties": {"name": "", "lat": 6.834587, "lon": 81.330487, "elev_m": 356.9, "prominence_m": 166.2}}, {"type": "Feature", "geometry": {"type": "Point", "coordinates": [81.095313, 7.061871]}, "properties": {"name": "", "lat": 7.061871, "lon": 81.095313, "elev_m": 1156.8, "prominence_m": 166.1}}, {"type": "Feature", "geometry": {"type": "Point", "coordinates": [81.084449, 6.637034]}, "properties": {"name": "", "lat": 6.637034, "lon": 81.084449, "elev_m": 336.8, "prominence_m": 166.1}}, {"type": "Feature", "geometry": {"type": "Point", "coordinates": [80.835735, 7.353616]}, "properties": {"name": "Koboneelagala", "lat": 7.353616, "lon": 80.835735, "elev_m": 1546.7, "prominence_m": 166.0}}, {"type": "Feature", "geometry": {"type": "Point", "coordinates": [80.279555, 7.295562]}, "properties": {"name": "", "lat": 7.295562, "lon": 80.279555, "elev_m": 296.2, "prominence_m": 165.5}}, {"type": "Feature", "geometry": {"type": "Point", "coordinates": [80.689183, 6.325397]}, "properties": {"name": "", "lat": 6.325397, "lon": 80.689183, "elev_m": 586.0, "prominence_m": 165.3}}, {"type": "Feature", "geometry": {"type": "Point", "coordinates": [80.840563, 6.894315]}, "properties": {"name": "", "lat": 6.894315, "lon": 80.840563, "elev_m": 1785.9, "prominence_m": 165.2}}, {"type": "Feature", "geometry": {"type": "Point", "coordinates": [80.963349, 7.100466]}, "properties": {"name": "", "lat": 7.100466, "lon": 80.963349, "elev_m": 635.7, "prominence_m": 165.0}}, {"type": "Feature", "geometry": {"type": "Point", "coordinates": [81.243569, 7.569587]}, "properties": {"name": "", "lat": 7.569587, "lon": 81.243569, "elev_m": 275.7, "prominence_m": 165.0}}, {"type": "Feature", "geometry": {"type": "Point", "coordinates": [80.293243, 6.937752]}, "properties": {"name": "", "lat": 6.937752, "lon": 80.293243, "elev_m": 305.6, "prominence_m": 164.9}}, {"type": "Feature", "geometry": {"type": "Point", "coordinates": [80.424417, 6.495659]}, "properties": {"name": "", "lat": 6.495659, "lon": 80.424417, "elev_m": 765.4, "prominence_m": 164.7}}, {"type": "Feature", "geometry": {"type": "Point", "coordinates": [80.348398, 7.18549]}, "properties": {"name": "", "lat": 7.18549, "lon": 80.348398, "elev_m": 375.2, "prominence_m": 164.5}}, {"type": "Feature", "geometry": {"type": "Point", "coordinates": [80.351446, 6.818983]}, "properties": {"name": "", "lat": 6.818983, "lon": 80.351446, "elev_m": 395.1, "prominence_m": 164.4}}, {"type": "Feature", "geometry": {"type": "Point", "coordinates": [81.073337, 7.095255]}, "properties": {"name": "", "lat": 7.095255, "lon": 81.073337, "elev_m": 1054.9, "prominence_m": 164.2}}, {"type": "Feature", "geometry": {"type": "Point", "coordinates": [81.330774, 7.303633]}, "properties": {"name": "", "lat": 7.303633, "lon": 81.330774, "elev_m": 364.8, "prominence_m": 164.1}}, {"type": "Feature", "geometry": {"type": "Point", "coordinates": [80.439552, 6.162516]}, "properties": {"name": "", "lat": 6.162516, "lon": 80.439552, "elev_m": 254.8, "prominence_m": 164.1}}, {"type": "Feature", "geometry": {"type": "Point", "coordinates": [81.355528, 7.326661]}, "properties": {"name": "", "lat": 7.326661, "lon": 81.355528, "elev_m": 524.7, "prominence_m": 164.0}}, {"type": "Feature", "geometry": {"type": "Point", "coordinates": [80.241098, 6.458061]}, "properties": {"name": "", "lat": 6.458061, "lon": 80.241098, "elev_m": 424.4, "prominence_m": 163.7}}, {"type": "Feature", "geometry": {"type": "Point", "coordinates": [80.236294, 6.637649]}, "properties": {"name": "", "lat": 6.637649, "lon": 80.236294, "elev_m": 274.4, "prominence_m": 163.7}}, {"type": "Feature", "geometry": {"type": "Point", "coordinates": [80.8993, 7.271131]}, "properties": {"name": "", "lat": 7.271131, "lon": 80.8993, "elev_m": 984.2, "prominence_m": 163.5}}, {"type": "Feature", "geometry": {"type": "Point", "coordinates": [80.625294, 7.686465]}, "properties": {"name": "", "lat": 7.686465, "lon": 80.625294, "elev_m": 564.0, "prominence_m": 163.3}}, {"type": "Feature", "geometry": {"type": "Point", "coordinates": [80.245377, 7.248591]}, "properties": {"name": "", "lat": 7.248591, "lon": 80.245377, "elev_m": 293.7, "prominence_m": 163.0}}, {"type": "Feature", "geometry": {"type": "Point", "coordinates": [80.865791, 6.794745]}, "properties": {"name": "Udaweriya", "lat": 6.794745, "lon": 80.865791, "elev_m": 2083.6, "prominence_m": 162.9}}, {"type": "Feature", "geometry": {"type": "Point", "coordinates": [80.533594, 7.783]}, "properties": {"name": "", "lat": 7.783, "lon": 80.533594, "elev_m": 363.5, "prominence_m": 162.8}}, {"type": "Feature", "geometry": {"type": "Point", "coordinates": [80.570225, 6.790912]}, "properties": {"name": "", "lat": 6.790912, "lon": 80.570225, "elev_m": 1993.2, "prominence_m": 162.5}}, {"type": "Feature", "geometry": {"type": "Point", "coordinates": [80.391594, 7.797544]}, "properties": {"name": "", "lat": 7.797544, "lon": 80.391594, "elev_m": 293.2, "prominence_m": 162.5}}, {"type": "Feature", "geometry": {"type": "Point", "coordinates": [81.165668, 7.087319]}, "properties": {"name": "", "lat": 7.087319, "lon": 81.165668, "elev_m": 1413.0, "prominence_m": 162.3}}, {"type": "Feature", "geometry": {"type": "Point", "coordinates": [81.358461, 6.849204]}, "properties": {"name": "", "lat": 6.849204, "lon": 81.358461, "elev_m": 373.0, "prominence_m": 162.3}}, {"type": "Feature", "geometry": {"type": "Point", "coordinates": [81.567598, 7.405818]}, "properties": {"name": "", "lat": 7.405818, "lon": 81.567598, "elev_m": 252.9, "prominence_m": 162.2}}, {"type": "Feature", "geometry": {"type": "Point", "coordinates": [80.36839, 7.305959]}, "properties": {"name": "", "lat": 7.305959, "lon": 80.36839, "elev_m": 292.5, "prominence_m": 161.8}}, {"type": "Feature", "geometry": {"type": "Point", "coordinates": [80.354386, 6.225939]}, "properties": {"name": "", "lat": 6.225939, "lon": 80.354386, "elev_m": 292.5, "prominence_m": 161.8}}, {"type": "Feature", "geometry": {"type": "Point", "coordinates": [80.390207, 6.539855]}, "properties": {"name": "", "lat": 6.539855, "lon": 80.390207, "elev_m": 482.2, "prominence_m": 161.5}}, {"type": "Feature", "geometry": {"type": "Point", "coordinates": [80.316287, 7.243243]}, "properties": {"name": "", "lat": 7.243243, "lon": 80.316287, "elev_m": 372.2, "prominence_m": 161.5}}, {"type": "Feature", "geometry": {"type": "Point", "coordinates": [81.457655, 6.935611]}, "properties": {"name": "", "lat": 6.935611, "lon": 81.457655, "elev_m": 302.2, "prominence_m": 161.5}}, {"type": "Feature", "geometry": {"type": "Point", "coordinates": [81.474197, 7.283631]}, "properties": {"name": "", "lat": 7.283631, "lon": 81.474197, "elev_m": 342.1, "prominence_m": 161.4}}, {"type": "Feature", "geometry": {"type": "Point", "coordinates": [80.917746, 8.008753]}, "properties": {"name": "", "lat": 8.008753, "lon": 80.917746, "elev_m": 252.1, "prominence_m": 161.4}}, {"type": "Feature", "geometry": {"type": "Point", "coordinates": [80.684842, 6.340589]}, "properties": {"name": "", "lat": 6.340589, "lon": 80.684842, "elev_m": 612.0, "prominence_m": 161.3}}, {"type": "Feature", "geometry": {"type": "Point", "coordinates": [80.734175, 6.568489]}, "properties": {"name": "", "lat": 6.568489, "lon": 80.734175, "elev_m": 541.8, "prominence_m": 161.1}}, {"type": "Feature", "geometry": {"type": "Point", "coordinates": [81.494176, 7.375018]}, "properties": {"name": "", "lat": 7.375018, "lon": 81.494176, "elev_m": 651.7, "prominence_m": 161.0}}, {"type": "Feature", "geometry": {"type": "Point", "coordinates": [80.523766, 6.348132]}, "properties": {"name": "", "lat": 6.348132, "lon": 80.523766, "elev_m": 621.7, "prominence_m": 161.0}}, {"type": "Feature", "geometry": {"type": "Point", "coordinates": [80.810181, 7.212276]}, "properties": {"name": "", "lat": 7.212276, "lon": 80.810181, "elev_m": 691.6, "prominence_m": 160.9}}, {"type": "Feature", "geometry": {"type": "Point", "coordinates": [80.630332, 8.057311]}, "properties": {"name": "Kinihiri Kanda", "lat": 8.057311, "lon": 80.630332, "elev_m": 311.5, "prominence_m": 160.8}}, {"type": "Feature", "geometry": {"type": "Point", "coordinates": [80.200446, 7.117237]}, "properties": {"name": "", "lat": 7.117237, "lon": 80.200446, "elev_m": 311.4, "prominence_m": 160.7}}, {"type": "Feature", "geometry": {"type": "Point", "coordinates": [80.30482, 6.473859]}, "properties": {"name": "", "lat": 6.473859, "lon": 80.30482, "elev_m": 311.4, "prominence_m": 160.7}}, {"type": "Feature", "geometry": {"type": "Point", "coordinates": [80.999991, 7.055958]}, "properties": {"name": "", "lat": 7.055958, "lon": 80.999991, "elev_m": 1241.2, "prominence_m": 160.5}}, {"type": "Feature", "geometry": {"type": "Point", "coordinates": [80.769163, 7.154491]}, "properties": {"name": "", "lat": 7.154491, "lon": 80.769163, "elev_m": 1141.2, "prominence_m": 160.5}}, {"type": "Feature", "geometry": {"type": "Point", "coordinates": [80.975815, 7.038878]}, "properties": {"name": "", "lat": 7.038878, "lon": 80.975815, "elev_m": 981.1, "prominence_m": 160.4}}, {"type": "Feature", "geometry": {"type": "Point", "coordinates": [81.414788, 6.750386]}, "properties": {"name": "", "lat": 6.750386, "lon": 81.414788, "elev_m": 281.1, "prominence_m": 160.4}}, {"type": "Feature", "geometry": {"type": "Point", "coordinates": [81.027735, 6.620517]}, "properties": {"name": "", "lat": 6.620517, "lon": 81.027735, "elev_m": 330.9, "prominence_m": 160.2}}, {"type": "Feature", "geometry": {"type": "Point", "coordinates": [81.417002, 7.37405]}, "properties": {"name": "", "lat": 7.37405, "lon": 81.417002, "elev_m": 260.6, "prominence_m": 159.9}}, {"type": "Feature", "geometry": {"type": "Point", "coordinates": [80.165182, 7.085452]}, "properties": {"name": "", "lat": 7.085452, "lon": 80.165182, "elev_m": 270.5, "prominence_m": 159.8}}, {"type": "Feature", "geometry": {"type": "Point", "coordinates": [81.174598, 6.724055]}, "properties": {"name": "", "lat": 6.724055, "lon": 81.174598, "elev_m": 330.4, "prominence_m": 159.7}}, {"type": "Feature", "geometry": {"type": "Point", "coordinates": [80.720206, 7.668312]}, "properties": {"name": "", "lat": 7.668312, "lon": 80.720206, "elev_m": 390.3, "prominence_m": 159.6}}, {"type": "Feature", "geometry": {"type": "Point", "coordinates": [80.836194, 6.68406]}, "properties": {"name": "", "lat": 6.68406, "lon": 80.836194, "elev_m": 659.9, "prominence_m": 159.2}}, {"type": "Feature", "geometry": {"type": "Point", "coordinates": [80.322286, 6.943207]}, "properties": {"name": "", "lat": 6.943207, "lon": 80.322286, "elev_m": 329.8, "prominence_m": 159.1}}, {"type": "Feature", "geometry": {"type": "Point", "coordinates": [80.667796, 6.160441]}, "properties": {"name": "", "lat": 6.160441, "lon": 80.667796, "elev_m": 249.5, "prominence_m": 158.8}}, {"type": "Feature", "geometry": {"type": "Point", "coordinates": [80.240928, 6.86472]}, "properties": {"name": "", "lat": 6.86472, "lon": 80.240928, "elev_m": 279.3, "prominence_m": 158.6}}, {"type": "Feature", "geometry": {"type": "Point", "coordinates": [80.730016, 7.476512]}, "properties": {"name": "Knuckles-Kirigalpotta", "lat": 7.476512, "lon": 80.730016, "elev_m": 1629.2, "prominence_m": 158.5}}, {"type": "Feature", "geometry": {"type": "Point", "coordinates": [80.875205, 7.653383]}, "properties": {"name": "", "lat": 7.653383, "lon": 80.875205, "elev_m": 469.1, "prominence_m": 158.4}}, {"type": "Feature", "geometry": {"type": "Point", "coordinates": [80.642827, 7.26326]}, "properties": {"name": "", "lat": 7.26326, "lon": 80.642827, "elev_m": 998.7, "prominence_m": 158.0}}, {"type": "Feature", "geometry": {"type": "Point", "coordinates": [80.274621, 6.290165]}, "properties": {"name": "", "lat": 6.290165, "lon": 80.274621, "elev_m": 248.7, "prominence_m": 158.0}}, {"type": "Feature", "geometry": {"type": "Point", "coordinates": [81.170717, 6.622323]}, "properties": {"name": "", "lat": 6.622323, "lon": 81.170717, "elev_m": 298.6, "prominence_m": 157.9}}, {"type": "Feature", "geometry": {"type": "Point", "coordinates": [81.31012, 6.57526]}, "properties": {"name": "", "lat": 6.57526, "lon": 81.31012, "elev_m": 288.5, "prominence_m": 157.8}}, {"type": "Feature", "geometry": {"type": "Point", "coordinates": [80.375885, 6.470664]}, "properties": {"name": "", "lat": 6.470664, "lon": 80.375885, "elev_m": 638.4, "prominence_m": 157.7}}, {"type": "Feature", "geometry": {"type": "Point", "coordinates": [81.05998, 7.013876]}, "properties": {"name": "", "lat": 7.013876, "lon": 81.05998, "elev_m": 888.3, "prominence_m": 157.6}}, {"type": "Feature", "geometry": {"type": "Point", "coordinates": [81.184323, 6.671416]}, "properties": {"name": "", "lat": 6.671416, "lon": 81.184323, "elev_m": 328.3, "prominence_m": 157.6}}, {"type": "Feature", "geometry": {"type": "Point", "coordinates": [80.358862, 7.888663]}, "properties": {"name": "", "lat": 7.888663, "lon": 80.358862, "elev_m": 278.2, "prominence_m": 157.5}}, {"type": "Feature", "geometry": {"type": "Point", "coordinates": [81.312334, 6.359583]}, "properties": {"name": "", "lat": 6.359583, "lon": 81.312334, "elev_m": 258.2, "prominence_m": 157.5}}, {"type": "Feature", "geometry": {"type": "Point", "coordinates": [80.783282, 6.812931]}, "properties": {"name": "Agrabopath", "lat": 6.812931, "lon": 80.783282, "elev_m": 2307.9, "prominence_m": 157.2}}, {"type": "Feature", "geometry": {"type": "Point", "coordinates": [80.820453, 6.653948]}, "properties": {"name": "", "lat": 6.653948, "lon": 80.820453, "elev_m": 657.8, "prominence_m": 157.1}}, {"type": "Feature", "geometry": {"type": "Point", "coordinates": [80.630173, 6.899723]}, "properties": {"name": "", "lat": 6.899723, "lon": 80.630173, "elev_m": 1677.7, "prominence_m": 157.0}}, {"type": "Feature", "geometry": {"type": "Point", "coordinates": [81.006893, 6.727418]}, "properties": {"name": "", "lat": 6.727418, "lon": 81.006893, "elev_m": 767.7, "prominence_m": 157.0}}, {"type": "Feature", "geometry": {"type": "Point", "coordinates": [80.478383, 6.959879]}, "properties": {"name": "", "lat": 6.959879, "lon": 80.478383, "elev_m": 837.6, "prominence_m": 156.9}}, {"type": "Feature", "geometry": {"type": "Point", "coordinates": [81.58925, 6.895527]}, "properties": {"name": "", "lat": 6.895527, "lon": 81.58925, "elev_m": 237.2, "prominence_m": 156.5}}, {"type": "Feature", "geometry": {"type": "Point", "coordinates": [80.856533, 6.607009]}, "properties": {"name": "", "lat": 6.607009, "lon": 80.856533, "elev_m": 587.1, "prominence_m": 156.4}}, {"type": "Feature", "geometry": {"type": "Point", "coordinates": [80.582226, 7.906188]}, "properties": {"name": "", "lat": 7.906188, "lon": 80.582226, "elev_m": 327.1, "prominence_m": 156.4}}, {"type": "Feature", "geometry": {"type": "Point", "coordinates": [81.016621, 6.641141]}, "properties": {"name": "", "lat": 6.641141, "lon": 81.016621, "elev_m": 536.9, "prominence_m": 156.2}}, {"type": "Feature", "geometry": {"type": "Point", "coordinates": [80.493212, 7.130531]}, "properties": {"name": "", "lat": 7.130531, "lon": 80.493212, "elev_m": 906.6, "prominence_m": 155.9}}, {"type": "Feature", "geometry": {"type": "Point", "coordinates": [80.902323, 8.294959]}, "properties": {"name": "", "lat": 8.294959, "lon": 80.902323, "elev_m": 296.0, "prominence_m": 155.3}}, {"type": "Feature", "geometry": {"type": "Point", "coordinates": [80.975652, 6.644957]}, "properties": {"name": "", "lat": 6.644957, "lon": 80.975652, "elev_m": 605.9, "prominence_m": 155.2}}, {"type": "Feature", "geometry": {"type": "Point", "coordinates": [80.782462, 6.309669]}, "properties": {"name": "", "lat": 6.309669, "lon": 80.782462, "elev_m": 295.8, "prominence_m": 155.1}}, {"type": "Feature", "geometry": {"type": "Point", "coordinates": [81.127454, 7.534701]}, "properties": {"name": "", "lat": 7.534701, "lon": 81.127454, "elev_m": 315.7, "prominence_m": 155.0}}, {"type": "Feature", "geometry": {"type": "Point", "coordinates": [80.727148, 6.297187]}, "properties": {"name": "", "lat": 6.297187, "lon": 80.727148, "elev_m": 455.6, "prominence_m": 154.9}}, {"type": "Feature", "geometry": {"type": "Point", "coordinates": [81.425352, 7.50859]}, "properties": {"name": "", "lat": 7.50859, "lon": 81.425352, "elev_m": 255.3, "prominence_m": 154.6}}, {"type": "Feature", "geometry": {"type": "Point", "coordinates": [80.616568, 6.991145]}, "properties": {"name": "", "lat": 6.991145, "lon": 80.616568, "elev_m": 1535.1, "prominence_m": 154.4}}, {"type": "Feature", "geometry": {"type": "Point", "coordinates": [80.249797, 7.417333]}, "properties": {"name": "", "lat": 7.417333, "lon": 80.249797, "elev_m": 265.0, "prominence_m": 154.3}}, {"type": "Feature", "geometry": {"type": "Point", "coordinates": [80.583088, 7.190533]}, "properties": {"name": "", "lat": 7.190533, "lon": 80.583088, "elev_m": 704.7, "prominence_m": 154.0}}, {"type": "Feature", "geometry": {"type": "Point", "coordinates": [80.904356, 7.834865]}, "properties": {"name": "", "lat": 7.834865, "lon": 80.904356, "elev_m": 314.7, "prominence_m": 154.0}}, {"type": "Feature", "geometry": {"type": "Point", "coordinates": [80.233947, 7.034808]}, "properties": {"name": "", "lat": 7.034808, "lon": 80.233947, "elev_m": 254.7, "prominence_m": 154.0}}, {"type": "Feature", "geometry": {"type": "Point", "coordinates": [81.506497, 6.920347]}, "properties": {"name": "", "lat": 6.920347, "lon": 81.506497, "elev_m": 244.7, "prominence_m": 154.0}}, {"type": "Feature", "geometry": {"type": "Point", "coordinates": [80.234064, 6.691904]}, "properties": {"name": "", "lat": 6.691904, "lon": 80.234064, "elev_m": 384.6, "prominence_m": 153.9}}, {"type": "Feature", "geometry": {"type": "Point", "coordinates": [80.207531, 6.873363]}, "properties": {"name": "", "lat": 6.873363, "lon": 80.207531, "elev_m": 354.6, "prominence_m": 153.9}}, {"type": "Feature", "geometry": {"type": "Point", "coordinates": [80.540557, 6.960457]}, "properties": {"name": "", "lat": 6.960457, "lon": 80.540557, "elev_m": 1304.3, "prominence_m": 153.6}}, {"type": "Feature", "geometry": {"type": "Point", "coordinates": [80.549111, 7.235551]}, "properties": {"name": "", "lat": 7.235551, "lon": 80.549111, "elev_m": 714.3, "prominence_m": 153.6}}, {"type": "Feature", "geometry": {"type": "Point", "coordinates": [80.622293, 7.713321]}, "properties": {"name": "", "lat": 7.713321, "lon": 80.622293, "elev_m": 574.3, "prominence_m": 153.6}}, {"type": "Feature", "geometry": {"type": "Point", "coordinates": [80.873427, 8.185642]}, "properties": {"name": "", "lat": 8.185642, "lon": 80.873427, "elev_m": 284.3, "prominence_m": 153.6}}, {"type": "Feature", "geometry": {"type": "Point", "coordinates": [80.532278, 7.706768]}, "properties": {"name": "", "lat": 7.706768, "lon": 80.532278, "elev_m": 544.2, "prominence_m": 153.5}}, {"type": "Feature", "geometry": {"type": "Point", "coordinates": [80.733377, 6.389973]}, "properties": {"name": "", "lat": 6.389973, "lon": 80.733377, "elev_m": 464.1, "prominence_m": 153.4}}, {"type": "Feature", "geometry": {"type": "Point", "coordinates": [80.231446, 6.848433]}, "properties": {"name": "", "lat": 6.848433, "lon": 80.231446, "elev_m": 313.9, "prominence_m": 153.2}}, {"type": "Feature", "geometry": {"type": "Point", "coordinates": [80.284638, 6.587782]}, "properties": {"name": "", "lat": 6.587782, "lon": 80.284638, "elev_m": 353.7, "prominence_m": 153.0}}, {"type": "Feature", "geometry": {"type": "Point", "coordinates": [80.83201, 7.961842]}, "properties": {"name": "", "lat": 7.961842, "lon": 80.83201, "elev_m": 343.7, "prominence_m": 153.0}}, {"type": "Feature", "geometry": {"type": "Point", "coordinates": [81.523648, 7.449568]}, "properties": {"name": "", "lat": 7.449568, "lon": 81.523648, "elev_m": 323.7, "prominence_m": 153.0}}, {"type": "Feature", "geometry": {"type": "Point", "coordinates": [81.438414, 7.336583]}, "properties": {"name": "Degalwalagoda", "lat": 7.336583, "lon": 81.438414, "elev_m": 283.7, "prominence_m": 153.0}}, {"type": "Feature", "geometry": {"type": "Point", "coordinates": [80.909692, 7.497112]}, "properties": {"name": "", "lat": 7.497112, "lon": 80.909692, "elev_m": 413.4, "prominence_m": 152.7}}, {"type": "Feature", "geometry": {"type": "Point", "coordinates": [80.50716, 7.424888]}, "properties": {"name": "", "lat": 7.424888, "lon": 80.50716, "elev_m": 653.3, "prominence_m": 152.6}}, {"type": "Feature", "geometry": {"type": "Point", "coordinates": [80.498229, 7.78976]}, "properties": {"name": "", "lat": 7.78976, "lon": 80.498229, "elev_m": 383.0, "prominence_m": 152.3}}, {"type": "Feature", "geometry": {"type": "Point", "coordinates": [80.512539, 7.520113]}, "properties": {"name": "", "lat": 7.520113, "lon": 80.512539, "elev_m": 322.9, "prominence_m": 152.2}}, {"type": "Feature", "geometry": {"type": "Point", "coordinates": [80.665205, 6.847372]}, "properties": {"name": "Elbedda", "lat": 6.847372, "lon": 80.665205, "elev_m": 2012.5, "prominence_m": 151.8}}, {"type": "Feature", "geometry": {"type": "Point", "coordinates": [80.214049, 7.318001]}, "properties": {"name": "", "lat": 7.318001, "lon": 80.214049, "elev_m": 232.5, "prominence_m": 151.8}}, {"type": "Feature", "geometry": {"type": "Point", "coordinates": [80.272298, 6.717445]}, "properties": {"name": "", "lat": 6.717445, "lon": 80.272298, "elev_m": 312.2, "prominence_m": 151.5}}, {"type": "Feature", "geometry": {"type": "Point", "coordinates": [80.286503, 6.340908]}, "properties": {"name": "", "lat": 6.340908, "lon": 80.286503, "elev_m": 342.1, "prominence_m": 151.4}}, {"type": "Feature", "geometry": {"type": "Point", "coordinates": [80.359119, 7.342032]}, "properties": {"name": "", "lat": 7.342032, "lon": 80.359119, "elev_m": 302.1, "prominence_m": 151.4}}, {"type": "Feature", "geometry": {"type": "Point", "coordinates": [81.381679, 7.765276]}, "properties": {"name": "", "lat": 7.765276, "lon": 81.381679, "elev_m": 272.1, "prominence_m": 151.4}}, {"type": "Feature", "geometry": {"type": "Point", "coordinates": [80.443268, 7.088719]}, "properties": {"name": "", "lat": 7.088719, "lon": 80.443268, "elev_m": 1192.0, "prominence_m": 151.3}}, {"type": "Feature", "geometry": {"type": "Point", "coordinates": [81.055672, 6.606666]}, "properties": {"name": "", "lat": 6.606666, "lon": 81.055672, "elev_m": 421.9, "prominence_m": 151.2}}, {"type": "Feature", "geometry": {"type": "Point", "coordinates": [80.721929, 6.911951]}, "properties": {"name": "Dambagasthalawa", "lat": 6.911951, "lon": 80.721929, "elev_m": 1561.7, "prominence_m": 151.0}}, {"type": "Feature", "geometry": {"type": "Point", "coordinates": [80.934743, 6.835965]}, "properties": {"name": "", "lat": 6.835965, "lon": 80.934743, "elev_m": 1411.6, "prominence_m": 150.9}}, {"type": "Feature", "geometry": {"type": "Point", "coordinates": [81.168302, 7.308415]}, "properties": {"name": "", "lat": 7.308415, "lon": 81.168302, "elev_m": 341.6, "prominence_m": 150.9}}, {"type": "Feature", "geometry": {"type": "Point", "coordinates": [80.950348, 7.194067]}, "properties": {"name": "", "lat": 7.194067, "lon": 80.950348, "elev_m": 321.5, "prominence_m": 150.8}}, {"type": "Feature", "geometry": {"type": "Point", "coordinates": [80.524877, 7.33483]}, "properties": {"name": "", "lat": 7.33483, "lon": 80.524877, "elev_m": 671.2, "prominence_m": 150.5}}, {"type": "Feature", "geometry": {"type": "Point", "coordinates": [80.635936, 7.576869]}, "properties": {"name": "", "lat": 7.576869, "lon": 80.635936, "elev_m": 511.2, "prominence_m": 150.5}}, {"type": "Feature", "geometry": {"type": "Point", "coordinates": [80.256399, 7.579022]}, "properties": {"name": "Thimmagama Kanda", "lat": 7.579022, "lon": 80.256399, "elev_m": 251.1, "prominence_m": 150.4}}, {"type": "Feature", "geometry": {"type": "Point", "coordinates": [80.74747, 6.551669]}, "properties": {"name": "", "lat": 6.551669, "lon": 80.74747, "elev_m": 531.0, "prominence_m": 150.3}}, {"type": "Feature", "geometry": {"type": "Point", "coordinates": [80.422172, 7.985025]}, "properties": {"name": "", "lat": 7.985025, "lon": 80.422172, "elev_m": 291.0, "prominence_m": 150.3}}, {"type": "Feature", "geometry": {"type": "Point", "coordinates": [80.838959, 7.081509]}, "properties": {"name": "", "lat": 7.081509, "lon": 80.838959, "elev_m": 1690.7, "prominence_m": 150.0}}, {"type": "Feature", "geometry": {"type": "Point", "coordinates": [80.81461, 8.126784]}, "properties": {"name": "", "lat": 8.126784, "lon": 80.81461, "elev_m": 270.5, "prominence_m": 149.8}}, {"type": "Feature", "geometry": {"type": "Point", "coordinates": [80.838281, 8.042412]}, "properties": {"name": "", "lat": 8.042412, "lon": 80.838281, "elev_m": 300.2, "prominence_m": 149.5}}, {"type": "Feature", "geometry": {"type": "Point", "coordinates": [81.524672, 6.737209]}, "properties": {"name": "", "lat": 6.737209, "lon": 81.524672, "elev_m": 260.1, "prominence_m": 149.4}}, {"type": "Feature", "geometry": {"type": "Point", "coordinates": [80.913107, 7.972132]}, "properties": {"name": "", "lat": 7.972132, "lon": 80.913107, "elev_m": 260.0, "prominence_m": 149.3}}, {"type": "Feature", "geometry": {"type": "Point", "coordinates": [80.805322, 7.67998]}, "properties": {"name": "", "lat": 7.67998, "lon": 80.805322, "elev_m": 329.9, "prominence_m": 149.2}}, {"type": "Feature", "geometry": {"type": "Point", "coordinates": [80.191169, 6.711116]}, "properties": {"name": "", "lat": 6.711116, "lon": 80.191169, "elev_m": 259.9, "prominence_m": 149.2}}, {"type": "Feature", "geometry": {"type": "Point", "coordinates": [80.823496, 7.242117]}, "properties": {"name": "", "lat": 7.242117, "lon": 80.823496, "elev_m": 979.7, "prominence_m": 149.0}}, {"type": "Feature", "geometry": {"type": "Point", "coordinates": [80.301186, 6.58834]}, "properties": {"name": "", "lat": 6.58834, "lon": 80.301186, "elev_m": 399.7, "prominence_m": 149.0}}, {"type": "Feature", "geometry": {"type": "Point", "coordinates": [80.317198, 7.14748]}, "properties": {"name": "", "lat": 7.14748, "lon": 80.317198, "elev_m": 389.7, "prominence_m": 149.0}}, {"type": "Feature", "geometry": {"type": "Point", "coordinates": [81.249228, 7.269002]}, "properties": {"name": "", "lat": 7.269002, "lon": 81.249228, "elev_m": 599.5, "prominence_m": 148.8}}, {"type": "Feature", "geometry": {"type": "Point", "coordinates": [80.52726, 6.948242]}, "properties": {"name": "", "lat": 6.948242, "lon": 80.52726, "elev_m": 1239.4, "prominence_m": 148.7}}, {"type": "Feature", "geometry": {"type": "Point", "coordinates": [81.050671, 6.879591]}, "properties": {"name": "", "lat": 6.879591, "lon": 81.050671, "elev_m": 1159.4, "prominence_m": 148.7}}, {"type": "Feature", "geometry": {"type": "Point", "coordinates": [81.204262, 7.120653]}, "properties": {"name": "", "lat": 7.120653, "lon": 81.204262, "elev_m": 489.3, "prominence_m": 148.6}}, {"type": "Feature", "geometry": {"type": "Point", "coordinates": [81.296831, 7.550809]}, "properties": {"name": "", "lat": 7.550809, "lon": 81.296831, "elev_m": 229.3, "prominence_m": 148.6}}, {"type": "Feature", "geometry": {"type": "Point", "coordinates": [80.340857, 7.117662]}, "properties": {"name": "", "lat": 7.117662, "lon": 80.340857, "elev_m": 409.1, "prominence_m": 148.4}}, {"type": "Feature", "geometry": {"type": "Point", "coordinates": [80.18682, 7.153843]}, "properties": {"name": "", "lat": 7.153843, "lon": 80.18682, "elev_m": 299.1, "prominence_m": 148.4}}, {"type": "Feature", "geometry": {"type": "Point", "coordinates": [80.927683, 6.827557]}, "properties": {"name": "", "lat": 6.827557, "lon": 80.927683, "elev_m": 1409.0, "prominence_m": 148.3}}, {"type": "Feature", "geometry": {"type": "Point", "coordinates": [80.349056, 7.061242]}, "properties": {"name": "", "lat": 7.061242, "lon": 80.349056, "elev_m": 279.0, "prominence_m": 148.3}}, {"type": "Feature", "geometry": {"type": "Point", "coordinates": [80.994772, 7.494365]}, "properties": {"name": "", "lat": 7.494365, "lon": 80.994772, "elev_m": 239.0, "prominence_m": 148.3}}, {"type": "Feature", "geometry": {"type": "Point", "coordinates": [80.666465, 6.041067]}, "properties": {"name": "", "lat": 6.041067, "lon": 80.666465, "elev_m": 229.0, "prominence_m": 148.3}}, {"type": "Feature", "geometry": {"type": "Point", "coordinates": [81.138416, 7.310068]}, "properties": {"name": "", "lat": 7.310068, "lon": 81.138416, "elev_m": 338.7, "prominence_m": 148.0}}, {"type": "Feature", "geometry": {"type": "Point", "coordinates": [80.424273, 7.753354]}, "properties": {"name": "", "lat": 7.753354, "lon": 80.424273, "elev_m": 278.6, "prominence_m": 147.9}}, {"type": "Feature", "geometry": {"type": "Point", "coordinates": [81.266873, 6.734551]}, "properties": {"name": "", "lat": 6.734551, "lon": 81.266873, "elev_m": 498.5, "prominence_m": 147.8}}, {"type": "Feature", "geometry": {"type": "Point", "coordinates": [80.943176, 6.888051]}, "properties": {"name": "", "lat": 6.888051, "lon": 80.943176, "elev_m": 1318.4, "prominence_m": 147.7}}, {"type": "Feature", "geometry": {"type": "Point", "coordinates": [80.25226, 6.927671]}, "properties": {"name": "", "lat": 6.927671, "lon": 80.25226, "elev_m": 288.4, "prominence_m": 147.7}}, {"type": "Feature", "geometry": {"type": "Point", "coordinates": [80.707267, 6.929583]}, "properties": {"name": "", "lat": 6.929583, "lon": 80.707267, "elev_m": 1548.2, "prominence_m": 147.5}}, {"type": "Feature", "geometry": {"type": "Point", "coordinates": [80.542249, 6.251286]}, "properties": {"name": "", "lat": 6.251286, "lon": 80.542249, "elev_m": 458.0, "prominence_m": 147.3}}, {"type": "Feature", "geometry": {"type": "Point", "coordinates": [80.368571, 6.111462]}, "properties": {"name": "", "lat": 6.111462, "lon": 80.368571, "elev_m": 248.0, "prominence_m": 147.3}}, {"type": "Feature", "geometry": {"type": "Point", "coordinates": [81.00178, 7.377165]}, "properties": {"name": "", "lat": 7.377165, "lon": 81.00178, "elev_m": 307.9, "prominence_m": 147.2}}, {"type": "Feature", "geometry": {"type": "Point", "coordinates": [81.150591, 6.910993]}, "properties": {"name": "", "lat": 6.910993, "lon": 81.150591, "elev_m": 1297.8, "prominence_m": 147.1}}, {"type": "Feature", "geometry": {"type": "Point", "coordinates": [81.438893, 7.475474]}, "properties": {"name": "", "lat": 7.475474, "lon": 81.438893, "elev_m": 427.8, "prominence_m": 147.1}}, {"type": "Feature", "geometry": {"type": "Point", "coordinates": [81.001652, 7.119982]}, "properties": {"name": "", "lat": 7.119982, "lon": 81.001652, "elev_m": 447.7, "prominence_m": 147.0}}, {"type": "Feature", "geometry": {"type": "Point", "coordinates": [80.837745, 8.092599]}, "properties": {"name": "", "lat": 8.092599, "lon": 80.837745, "elev_m": 307.7, "prominence_m": 147.0}}, {"type": "Feature", "geometry": {"type": "Point", "coordinates": [80.378296, 7.470367]}, "properties": {"name": "", "lat": 7.470367, "lon": 80.378296, "elev_m": 277.6, "prominence_m": 146.9}}, {"type": "Feature", "geometry": {"type": "Point", "coordinates": [80.841973, 7.265988]}, "properties": {"name": "", "lat": 7.265988, "lon": 80.841973, "elev_m": 1217.5, "prominence_m": 146.8}}, {"type": "Feature", "geometry": {"type": "Point", "coordinates": [80.572599, 7.554327]}, "properties": {"name": "", "lat": 7.554327, "lon": 80.572599, "elev_m": 647.5, "prominence_m": 146.8}}, {"type": "Feature", "geometry": {"type": "Point", "coordinates": [80.563034, 7.087704]}, "properties": {"name": "", "lat": 7.087704, "lon": 80.563034, "elev_m": 767.4, "prominence_m": 146.7}}, {"type": "Feature", "geometry": {"type": "Point", "coordinates": [80.669744, 7.177268]}, "properties": {"name": "", "lat": 7.177268, "lon": 80.669744, "elev_m": 1157.3, "prominence_m": 146.6}}, {"type": "Feature", "geometry": {"type": "Point", "coordinates": [80.846587, 7.240757]}, "properties": {"name": "", "lat": 7.240757, "lon": 80.846587, "elev_m": 1077.3, "prominence_m": 146.6}}, {"type": "Feature", "geometry": {"type": "Point", "coordinates": [80.282457, 6.318658]}, "properties": {"name": "", "lat": 6.318658, "lon": 80.282457, "elev_m": 337.2, "prominence_m": 146.5}}, {"type": "Feature", "geometry": {"type": "Point", "coordinates": [81.087411, 6.60095]}, "properties": {"name": "", "lat": 6.60095, "lon": 81.087411, "elev_m": 307.2, "prominence_m": 146.5}}, {"type": "Feature", "geometry": {"type": "Point", "coordinates": [81.03665, 7.053226]}, "properties": {"name": "", "lat": 7.053226, "lon": 81.03665, "elev_m": 1227.0, "prominence_m": 146.3}}, {"type": "Feature", "geometry": {"type": "Point", "coordinates": [80.500316, 7.924317]}, "properties": {"name": "", "lat": 7.924317, "lon": 80.500316, "elev_m": 347.0, "prominence_m": 146.3}}, {"type": "Feature", "geometry": {"type": "Point", "coordinates": [81.455702, 7.448322]}, "properties": {"name": "", "lat": 7.448322, "lon": 81.455702, "elev_m": 326.9, "prominence_m": 146.2}}, {"type": "Feature", "geometry": {"type": "Point", "coordinates": [80.491912, 7.036392]}, "properties": {"name": "", "lat": 7.036392, "lon": 80.491912, "elev_m": 986.7, "prominence_m": 146.0}}, {"type": "Feature", "geometry": {"type": "Point", "coordinates": [80.350048, 6.865644]}, "properties": {"name": "", "lat": 6.865644, "lon": 80.350048, "elev_m": 386.6, "prominence_m": 145.9}}, {"type": "Feature", "geometry": {"type": "Point", "coordinates": [80.404494, 7.011101]}, "properties": {"name": "", "lat": 7.011101, "lon": 80.404494, "elev_m": 346.6, "prominence_m": 145.9}}, {"type": "Feature", "geometry": {"type": "Point", "coordinates": [80.196485, 7.242835]}, "properties": {"name": "", "lat": 7.242835, "lon": 80.196485, "elev_m": 276.3, "prominence_m": 145.6}}, {"type": "Feature", "geometry": {"type": "Point", "coordinates": [81.528906, 7.344308]}, "properties": {"name": "", "lat": 7.344308, "lon": 81.528906, "elev_m": 456.0, "prominence_m": 145.3}}, {"type": "Feature", "geometry": {"type": "Point", "coordinates": [81.524083, 7.384735]}, "properties": {"name": "", "lat": 7.384735, "lon": 81.524083, "elev_m": 275.9, "prominence_m": 145.2}}, {"type": "Feature", "geometry": {"type": "Point", "coordinates": [80.2006, 6.53452]}, "properties": {"name": "", "lat": 6.53452, "lon": 80.2006, "elev_m": 235.9, "prominence_m": 145.2}}, {"type": "Feature", "geometry": {"type": "Point", "coordinates": [81.207368, 7.245984]}, "properties": {"name": "", "lat": 7.245984, "lon": 81.207368, "elev_m": 465.8, "prominence_m": 145.1}}, {"type": "Feature", "geometry": {"type": "Point", "coordinates": [81.392542, 7.371372]}, "properties": {"name": "", "lat": 7.371372, "lon": 81.392542, "elev_m": 305.7, "prominence_m": 145.0}}, {"type": "Feature", "geometry": {"type": "Point", "coordinates": [80.725521, 8.657672]}, "properties": {"name": "", "lat": 8.657672, "lon": 80.725521, "elev_m": 235.4, "prominence_m": 144.7}}, {"type": "Feature", "geometry": {"type": "Point", "coordinates": [81.148925, 6.862705]}, "properties": {"name": "", "lat": 6.862705, "lon": 81.148925, "elev_m": 945.3, "prominence_m": 144.6}}, {"type": "Feature", "geometry": {"type": "Point", "coordinates": [80.476562, 7.656274]}, "properties": {"name": "", "lat": 7.656274, "lon": 80.476562, "elev_m": 305.2, "prominence_m": 144.5}}, {"type": "Feature", "geometry": {"type": "Point", "coordinates": [81.226331, 7.462992]}, "properties": {"name": "", "lat": 7.462992, "lon": 81.226331, "elev_m": 265.2, "prominence_m": 144.5}}, {"type": "Feature", "geometry": {"type": "Point", "coordinates": [81.123767, 7.340464]}, "properties": {"name": "", "lat": 7.340464, "lon": 81.123767, "elev_m": 295.1, "prominence_m": 144.4}}, {"type": "Feature", "geometry": {"type": "Point", "coordinates": [80.711356, 6.800175]}, "properties": {"name": "", "lat": 6.800175, "lon": 80.711356, "elev_m": 1914.9, "prominence_m": 144.2}}, {"type": "Feature", "geometry": {"type": "Point", "coordinates": [80.572339, 7.52964]}, "properties": {"name": "", "lat": 7.52964, "lon": 80.572339, "elev_m": 734.9, "prominence_m": 144.2}}, {"type": "Feature", "geometry": {"type": "Point", "coordinates": [80.452743, 6.311196]}, "properties": {"name": "", "lat": 6.311196, "lon": 80.452743, "elev_m": 534.9, "prominence_m": 144.2}}, {"type": "Feature", "geometry": {"type": "Point", "coordinates": [81.247123, 7.33384]}, "properties": {"name": "", "lat": 7.33384, "lon": 81.247123, "elev_m": 374.8, "prominence_m": 144.1}}, {"type": "Feature", "geometry": {"type": "Point", "coordinates": [80.49218, 7.47588]}, "properties": {"name": "", "lat": 7.47588, "lon": 80.49218, "elev_m": 804.7, "prominence_m": 144.0}}, {"type": "Feature", "geometry": {"type": "Point", "coordinates": [80.173266, 7.134022]}, "properties": {"name": "", "lat": 7.134022, "lon": 80.173266, "elev_m": 264.7, "prominence_m": 144.0}}, {"type": "Feature", "geometry": {"type": "Point", "coordinates": [80.455169, 6.758022]}, "properties": {"name": "", "lat": 6.758022, "lon": 80.455169, "elev_m": 444.5, "prominence_m": 143.8}}, {"type": "Feature", "geometry": {"type": "Point", "coordinates": [80.244722, 6.363384]}, "properties": {"name": "", "lat": 6.363384, "lon": 80.244722, "elev_m": 234.5, "prominence_m": 143.8}}, {"type": "Feature", "geometry": {"type": "Point", "coordinates": [80.577093, 7.82887]}, "properties": {"name": "", "lat": 7.82887, "lon": 80.577093, "elev_m": 344.3, "prominence_m": 143.6}}, {"type": "Feature", "geometry": {"type": "Point", "coordinates": [80.368876, 6.416128]}, "properties": {"name": "", "lat": 6.416128, "lon": 80.368876, "elev_m": 564.1, "prominence_m": 143.4}}, {"type": "Feature", "geometry": {"type": "Point", "coordinates": [80.266665, 7.160991]}, "properties": {"name": "", "lat": 7.160991, "lon": 80.266665, "elev_m": 274.1, "prominence_m": 143.4}}, {"type": "Feature", "geometry": {"type": "Point", "coordinates": [80.307876, 6.686282]}, "properties": {"name": "", "lat": 6.686282, "lon": 80.307876, "elev_m": 494.0, "prominence_m": 143.3}}, {"type": "Feature", "geometry": {"type": "Point", "coordinates": [80.336138, 6.326303]}, "properties": {"name": "", "lat": 6.326303, "lon": 80.336138, "elev_m": 324.0, "prominence_m": 143.3}}, {"type": "Feature", "geometry": {"type": "Point", "coordinates": [81.518716, 7.425163]}, "properties": {"name": "", "lat": 7.425163, "lon": 81.518716, "elev_m": 223.7, "prominence_m": 143.0}}, {"type": "Feature", "geometry": {"type": "Point", "coordinates": [81.473764, 7.354705]}, "properties": {"name": "Wawinnegoda", "lat": 7.354705, "lon": 81.473764, "elev_m": 543.5, "prominence_m": 142.8}}, {"type": "Feature", "geometry": {"type": "Point", "coordinates": [80.882659, 6.975425]}, "properties": {"name": "Buwalpola Kanda", "lat": 6.975425, "lon": 80.882659, "elev_m": 1673.3, "prominence_m": 142.6}}, {"type": "Feature", "geometry": {"type": "Point", "coordinates": [81.534262, 7.298183]}, "properties": {"name": "Moragala Kanda", "lat": 7.298183, "lon": 81.534262, "elev_m": 403.2, "prominence_m": 142.5}}, {"type": "Feature", "geometry": {"type": "Point", "coordinates": [80.22946, 7.155794]}, "properties": {"name": "", "lat": 7.155794, "lon": 80.22946, "elev_m": 353.2, "prominence_m": 142.5}}, {"type": "Feature", "geometry": {"type": "Point", "coordinates": [80.416231, 7.279957]}, "properties": {"name": "", "lat": 7.279957, "lon": 80.416231, "elev_m": 353.1, "prominence_m": 142.4}}, {"type": "Feature", "geometry": {"type": "Point", "coordinates": [80.827466, 6.241841]}, "properties": {"name": "", "lat": 6.241841, "lon": 80.827466, "elev_m": 243.1, "prominence_m": 142.4}}, {"type": "Feature", "geometry": {"type": "Point", "coordinates": [80.532419, 6.399141]}, "properties": {"name": "", "lat": 6.399141, "lon": 80.532419, "elev_m": 1172.9, "prominence_m": 142.2}}, {"type": "Feature", "geometry": {"type": "Point", "coordinates": [80.435545, 6.877107]}, "properties": {"name": "", "lat": 6.877107, "lon": 80.435545, "elev_m": 712.9, "prominence_m": 142.2}}, {"type": "Feature", "geometry": {"type": "Point", "coordinates": [80.370749, 6.448143]}, "properties": {"name": "", "lat": 6.448143, "lon": 80.370749, "elev_m": 692.9, "prominence_m": 142.2}}, {"type": "Feature", "geometry": {"type": "Point", "coordinates": [80.768361, 6.365286]}, "properties": {"name": "", "lat": 6.365286, "lon": 80.768361, "elev_m": 452.9, "prominence_m": 142.2}}, {"type": "Feature", "geometry": {"type": "Point", "coordinates": [80.181818, 6.81365]}, "properties": {"name": "", "lat": 6.81365, "lon": 80.181818, "elev_m": 372.8, "prominence_m": 142.1}}, {"type": "Feature", "geometry": {"type": "Point", "coordinates": [80.171925, 6.910756]}, "properties": {"name": "", "lat": 6.910756, "lon": 80.171925, "elev_m": 252.8, "prominence_m": 142.1}}, {"type": "Feature", "geometry": {"type": "Point", "coordinates": [80.330457, 6.915814]}, "properties": {"name": "", "lat": 6.915814, "lon": 80.330457, "elev_m": 382.6, "prominence_m": 141.9}}, {"type": "Feature", "geometry": {"type": "Point", "coordinates": [81.117496, 7.311983]}, "properties": {"name": "", "lat": 7.311983, "lon": 81.117496, "elev_m": 322.6, "prominence_m": 141.9}}, {"type": "Feature", "geometry": {"type": "Point", "coordinates": [81.00711, 6.610489]}, "properties": {"name": "", "lat": 6.610489, "lon": 81.00711, "elev_m": 302.6, "prominence_m": 141.9}}, {"type": "Feature", "geometry": {"type": "Point", "coordinates": [80.618807, 7.579033]}, "properties": {"name": "", "lat": 7.579033, "lon": 80.618807, "elev_m": 562.5, "prominence_m": 141.8}}, {"type": "Feature", "geometry": {"type": "Point", "coordinates": [80.804776, 7.638201]}, "properties": {"name": "", "lat": 7.638201, "lon": 80.804776, "elev_m": 402.5, "prominence_m": 141.8}}, {"type": "Feature", "geometry": {"type": "Point", "coordinates": [80.154909, 6.410759]}, "properties": {"name": "", "lat": 6.410759, "lon": 80.154909, "elev_m": 242.5, "prominence_m": 141.8}}, {"type": "Feature", "geometry": {"type": "Point", "coordinates": [80.454393, 7.102834]}, "properties": {"name": "", "lat": 7.102834, "lon": 80.454393, "elev_m": 1252.4, "prominence_m": 141.7}}, {"type": "Feature", "geometry": {"type": "Point", "coordinates": [80.341982, 7.076427]}, "properties": {"name": "", "lat": 7.076427, "lon": 80.341982, "elev_m": 452.4, "prominence_m": 141.7}}, {"type": "Feature", "geometry": {"type": "Point", "coordinates": [81.021979, 7.040212]}, "properties": {"name": "", "lat": 7.040212, "lon": 81.021979, "elev_m": 1502.3, "prominence_m": 141.6}}, {"type": "Feature", "geometry": {"type": "Point", "coordinates": [81.010364, 7.160943]}, "properties": {"name": "", "lat": 7.160943, "lon": 81.010364, "elev_m": 382.2, "prominence_m": 141.5}}, {"type": "Feature", "geometry": {"type": "Point", "coordinates": [81.392447, 7.100638]}, "properties": {"name": "Kadirampila", "lat": 7.100638, "lon": 81.392447, "elev_m": 312.2, "prominence_m": 141.5}}, {"type": "Feature", "geometry": {"type": "Point", "coordinates": [81.418625, 7.177645]}, "properties": {"name": "", "lat": 7.177645, "lon": 81.418625, "elev_m": 352.1, "prominence_m": 141.4}}, {"type": "Feature", "geometry": {"type": "Point", "coordinates": [80.24781, 7.022616]}, "properties": {"name": "", "lat": 7.022616, "lon": 80.24781, "elev_m": 302.0, "prominence_m": 141.3}}, {"type": "Feature", "geometry": {"type": "Point", "coordinates": [80.821898, 7.554914]}, "properties": {"name": "", "lat": 7.554914, "lon": 80.821898, "elev_m": 411.9, "prominence_m": 141.2}}, {"type": "Feature", "geometry": {"type": "Point", "coordinates": [80.60725, 8.567304]}, "properties": {"name": "", "lat": 8.567304, "lon": 80.60725, "elev_m": 261.8, "prominence_m": 141.1}}, {"type": "Feature", "geometry": {"type": "Point", "coordinates": [80.478622, 6.57003]}, "properties": {"name": "", "lat": 6.57003, "lon": 80.478622, "elev_m": 231.7, "prominence_m": 141.0}}, {"type": "Feature", "geometry": {"type": "Point", "coordinates": [80.880076, 7.55192]}, "properties": {"name": "", "lat": 7.55192, "lon": 80.880076, "elev_m": 491.4, "prominence_m": 140.7}}, {"type": "Feature", "geometry": {"type": "Point", "coordinates": [81.544517, 7.415896]}, "properties": {"name": "", "lat": 7.415896, "lon": 81.544517, "elev_m": 221.4, "prominence_m": 140.7}}, {"type": "Feature", "geometry": {"type": "Point", "coordinates": [80.845479, 7.095887]}, "properties": {"name": "", "lat": 7.095887, "lon": 80.845479, "elev_m": 1531.3, "prominence_m": 140.6}}, {"type": "Feature", "geometry": {"type": "Point", "coordinates": [81.091227, 6.628619]}, "properties": {"name": "", "lat": 6.628619, "lon": 81.091227, "elev_m": 291.1, "prominence_m": 140.4}}, {"type": "Feature", "geometry": {"type": "Point", "coordinates": [81.354165, 6.659581]}, "properties": {"name": "", "lat": 6.659581, "lon": 81.354165, "elev_m": 291.1, "prominence_m": 140.4}}, {"type": "Feature", "geometry": {"type": "Point", "coordinates": [80.344455, 7.33198]}, "properties": {"name": "", "lat": 7.33198, "lon": 80.344455, "elev_m": 281.1, "prominence_m": 140.4}}, {"type": "Feature", "geometry": {"type": "Point", "coordinates": [80.454791, 7.678504]}, "properties": {"name": "", "lat": 7.678504, "lon": 80.454791, "elev_m": 261.1, "prominence_m": 140.4}}, {"type": "Feature", "geometry": {"type": "Point", "coordinates": [80.812139, 7.88697]}, "properties": {"name": "", "lat": 7.88697, "lon": 80.812139, "elev_m": 540.9, "prominence_m": 140.2}}, {"type": "Feature", "geometry": {"type": "Point", "coordinates": [80.670452, 7.62571]}, "properties": {"name": "", "lat": 7.62571, "lon": 80.670452, "elev_m": 480.7, "prominence_m": 140.0}}, {"type": "Feature", "geometry": {"type": "Point", "coordinates": [81.426774, 6.983942]}, "properties": {"name": "", "lat": 6.983942, "lon": 81.426774, "elev_m": 330.7, "prominence_m": 140.0}}, {"type": "Feature", "geometry": {"type": "Point", "coordinates": [81.160607, 7.205876]}, "properties": {"name": "", "lat": 7.205876, "lon": 81.160607, "elev_m": 450.5, "prominence_m": 139.8}}, {"type": "Feature", "geometry": {"type": "Point", "coordinates": [81.360868, 7.253951]}, "properties": {"name": "", "lat": 7.253951, "lon": 81.360868, "elev_m": 400.5, "prominence_m": 139.8}}, {"type": "Feature", "geometry": {"type": "Point", "coordinates": [81.495414, 7.468333]}, "properties": {"name": "", "lat": 7.468333, "lon": 81.495414, "elev_m": 220.5, "prominence_m": 139.8}}, {"type": "Feature", "geometry": {"type": "Point", "coordinates": [81.101002, 7.042063]}, "properties": {"name": "", "lat": 7.042063, "lon": 81.101002, "elev_m": 1130.4, "prominence_m": 139.7}}, {"type": "Feature", "geometry": {"type": "Point", "coordinates": [80.368434, 6.28889]}, "properties": {"name": "", "lat": 6.28889, "lon": 80.368434, "elev_m": 420.3, "prominence_m": 139.6}}, {"type": "Feature", "geometry": {"type": "Point", "coordinates": [81.433444, 7.282607]}, "properties": {"name": "Ambaththehela", "lat": 7.282607, "lon": 81.433444, "elev_m": 500.2, "prominence_m": 139.5}}, {"type": "Feature", "geometry": {"type": "Point", "coordinates": [80.950273, 6.994938]}, "properties": {"name": "", "lat": 6.994938, "lon": 80.950273, "elev_m": 1370.0, "prominence_m": 139.3}}, {"type": "Feature", "geometry": {"type": "Point", "coordinates": [80.637882, 7.440954]}, "properties": {"name": "", "lat": 7.440954, "lon": 80.637882, "elev_m": 510.0, "prominence_m": 139.3}}, {"type": "Feature", "geometry": {"type": "Point", "coordinates": [81.254163, 7.56198]}, "properties": {"name": "", "lat": 7.56198, "lon": 81.254163, "elev_m": 240.0, "prominence_m": 139.3}}, {"type": "Feature", "geometry": {"type": "Point", "coordinates": [80.96415, 7.068182]}, "properties": {"name": "", "lat": 7.068182, "lon": 80.96415, "elev_m": 659.8, "prominence_m": 139.1}}, {"type": "Feature", "geometry": {"type": "Point", "coordinates": [80.696812, 7.70873]}, "properties": {"name": "", "lat": 7.70873, "lon": 80.696812, "elev_m": 599.8, "prominence_m": 139.1}}, {"type": "Feature", "geometry": {"type": "Point", "coordinates": [80.285953, 7.157757]}, "properties": {"name": "", "lat": 7.157757, "lon": 80.285953, "elev_m": 249.5, "prominence_m": 138.8}}, {"type": "Feature", "geometry": {"type": "Point", "coordinates": [80.408863, 7.956529]}, "properties": {"name": "", "lat": 7.956529, "lon": 80.408863, "elev_m": 269.4, "prominence_m": 138.7}}, {"type": "Feature", "geometry": {"type": "Point", "coordinates": [81.208757, 7.278537]}, "properties": {"name": "", "lat": 7.278537, "lon": 81.208757, "elev_m": 329.3, "prominence_m": 138.6}}, {"type": "Feature", "geometry": {"type": "Point", "coordinates": [80.28998, 6.392457]}, "properties": {"name": "", "lat": 6.392457, "lon": 80.28998, "elev_m": 319.3, "prominence_m": 138.6}}, {"type": "Feature", "geometry": {"type": "Point", "coordinates": [80.326583, 6.400087]}, "properties": {"name": "", "lat": 6.400087, "lon": 80.326583, "elev_m": 289.3, "prominence_m": 138.6}}, {"type": "Feature", "geometry": {"type": "Point", "coordinates": [81.532166, 7.181541]}, "properties": {"name": "", "lat": 7.181541, "lon": 81.532166, "elev_m": 239.3, "prominence_m": 138.6}}, {"type": "Feature", "geometry": {"type": "Point", "coordinates": [80.808019, 7.361757]}, "properties": {"name": "", "lat": 7.361757, "lon": 80.808019, "elev_m": 1639.2, "prominence_m": 138.5}}, {"type": "Feature", "geometry": {"type": "Point", "coordinates": [80.93345, 7.030484]}, "properties": {"name": "", "lat": 7.030484, "lon": 80.93345, "elev_m": 1149.2, "prominence_m": 138.5}}, {"type": "Feature", "geometry": {"type": "Point", "coordinates": [80.6214, 6.303677]}, "properties": {"name": "", "lat": 6.303677, "lon": 80.6214, "elev_m": 479.2, "prominence_m": 138.5}}, {"type": "Feature", "geometry": {"type": "Point", "coordinates": [80.176126, 6.807674]}, "properties": {"name": "", "lat": 6.807674, "lon": 80.176126, "elev_m": 349.2, "prominence_m": 138.5}}, {"type": "Feature", "geometry": {"type": "Point", "coordinates": [80.233444, 7.231215]}, "properties": {"name": "", "lat": 7.231215, "lon": 80.233444, "elev_m": 269.2, "prominence_m": 138.5}}, {"type": "Feature", "geometry": {"type": "Point", "coordinates": [81.068074, 8.514333]}, "properties": {"name": "", "lat": 8.514333, "lon": 81.068074, "elev_m": 219.2, "prominence_m": 138.5}}, {"type": "Feature", "geometry": {"type": "Point", "coordinates": [80.802012, 6.852539]}, "properties": {"name": "", "lat": 6.852539, "lon": 80.802012, "elev_m": 2209.0, "prominence_m": 138.3}}, {"type": "Feature", "geometry": {"type": "Point", "coordinates": [80.510181, 6.39913]}, "properties": {"name": "", "lat": 6.39913, "lon": 80.510181, "elev_m": 1079.0, "prominence_m": 138.3}}, {"type": "Feature", "geometry": {"type": "Point", "coordinates": [80.874006, 7.147699]}, "properties": {"name": "", "lat": 7.147699, "lon": 80.874006, "elev_m": 749.0, "prominence_m": 138.3}}, {"type": "Feature", "geometry": {"type": "Point", "coordinates": [80.520155, 6.51932]}, "properties": {"name": "", "lat": 6.51932, "lon": 80.520155, "elev_m": 579.0, "prominence_m": 138.3}}, {"type": "Feature", "geometry": {"type": "Point", "coordinates": [80.372728, 7.00809]}, "properties": {"name": "", "lat": 7.00809, "lon": 80.372728, "elev_m": 329.0, "prominence_m": 138.3}}, {"type": "Feature", "geometry": {"type": "Point", "coordinates": [80.372574, 7.184156]}, "properties": {"name": "", "lat": 7.184156, "lon": 80.372574, "elev_m": 318.9, "prominence_m": 138.2}}, {"type": "Feature", "geometry": {"type": "Point", "coordinates": [80.271717, 7.010977]}, "properties": {"name": "", "lat": 7.010977, "lon": 80.271717, "elev_m": 248.9, "prominence_m": 138.2}}, {"type": "Feature", "geometry": {"type": "Point", "coordinates": [81.287891, 7.577404]}, "properties": {"name": "", "lat": 7.577404, "lon": 81.287891, "elev_m": 228.9, "prominence_m": 138.2}}, {"type": "Feature", "geometry": {"type": "Point", "coordinates": [80.927799, 7.186208]}, "properties": {"name": "", "lat": 7.186208, "lon": 80.927799, "elev_m": 838.7, "prominence_m": 138.0}}, {"type": "Feature", "geometry": {"type": "Point", "coordinates": [81.130093, 6.723275]}, "properties": {"name": "", "lat": 6.723275, "lon": 81.130093, "elev_m": 328.6, "prominence_m": 137.9}}, {"type": "Feature", "geometry": {"type": "Point", "coordinates": [80.635309, 7.829978]}, "properties": {"name": "", "lat": 7.829978, "lon": 80.635309, "elev_m": 318.6, "prominence_m": 137.9}}, {"type": "Feature", "geometry": {"type": "Point", "coordinates": [81.480682, 6.903024]}, "properties": {"name": "", "lat": 6.903024, "lon": 81.480682, "elev_m": 268.5, "prominence_m": 137.8}}, {"type": "Feature", "geometry": {"type": "Point", "coordinates": [80.526545, 7.742575]}, "properties": {"name": "", "lat": 7.742575, "lon": 80.526545, "elev_m": 588.3, "prominence_m": 137.6}}, {"type": "Feature", "geometry": {"type": "Point", "coordinates": [80.858781, 7.063058]}, "properties": {"name": "", "lat": 7.063058, "lon": 80.858781, "elev_m": 1728.2, "prominence_m": 137.5}}, {"type": "Feature", "geometry": {"type": "Point", "coordinates": [81.055242, 6.805254]}, "properties": {"name": "", "lat": 6.805254, "lon": 81.055242, "elev_m": 1578.1, "prominence_m": 137.4}}, {"type": "Feature", "geometry": {"type": "Point", "coordinates": [81.357956, 7.099868]}, "properties": {"name": "", "lat": 7.099868, "lon": 81.357956, "elev_m": 428.1, "prominence_m": 137.4}}, {"type": "Feature", "geometry": {"type": "Point", "coordinates": [80.746121, 6.416019]}, "properties": {"name": "", "lat": 6.416019, "lon": 80.746121, "elev_m": 528.0, "prominence_m": 137.3}}, {"type": "Feature", "geometry": {"type": "Point", "coordinates": [81.607883, 7.147231]}, "properties": {"name": "", "lat": 7.147231, "lon": 81.607883, "elev_m": 238.0, "prominence_m": 137.3}}, {"type": "Feature", "geometry": {"type": "Point", "coordinates": [80.994614, 6.573869]}, "properties": {"name": "", "lat": 6.573869, "lon": 80.994614, "elev_m": 297.8, "prominence_m": 137.1}}, {"type": "Feature", "geometry": {"type": "Point", "coordinates": [80.786572, 8.207356]}, "properties": {"name": "", "lat": 8.207356, "lon": 80.786572, "elev_m": 287.8, "prominence_m": 137.1}}, {"type": "Feature", "geometry": {"type": "Point", "coordinates": [81.504952, 6.796648]}, "properties": {"name": "", "lat": 6.796648, "lon": 81.504952, "elev_m": 237.8, "prominence_m": 137.1}}, {"type": "Feature", "geometry": {"type": "Point", "coordinates": [80.488255, 6.798737]}, "properties": {"name": "", "lat": 6.798737, "lon": 80.488255, "elev_m": 1967.5, "prominence_m": 136.8}}, {"type": "Feature", "geometry": {"type": "Point", "coordinates": [80.772421, 7.210106]}, "properties": {"name": "", "lat": 7.210106, "lon": 80.772421, "elev_m": 757.5, "prominence_m": 136.8}}, {"type": "Feature", "geometry": {"type": "Point", "coordinates": [80.141914, 7.219703]}, "properties": {"name": "", "lat": 7.219703, "lon": 80.141914, "elev_m": 217.5, "prominence_m": 136.8}}, {"type": "Feature", "geometry": {"type": "Point", "coordinates": [81.363651, 6.650889]}, "properties": {"name": "", "lat": 6.650889, "lon": 81.363651, "elev_m": 277.3, "prominence_m": 136.6}}, {"type": "Feature", "geometry": {"type": "Point", "coordinates": [80.294142, 6.854197]}, "properties": {"name": "", "lat": 6.854197, "lon": 80.294142, "elev_m": 377.1, "prominence_m": 136.4}}, {"type": "Feature", "geometry": {"type": "Point", "coordinates": [80.302368, 6.484979]}, "properties": {"name": "", "lat": 6.484979, "lon": 80.302368, "elev_m": 307.1, "prominence_m": 136.4}}, {"type": "Feature", "geometry": {"type": "Point", "coordinates": [81.408213, 7.498849]}, "properties": {"name": "", "lat": 7.498849, "lon": 81.408213, "elev_m": 217.1, "prominence_m": 136.4}}, {"type": "Feature", "geometry": {"type": "Point", "coordinates": [81.183244, 6.679013]}, "properties": {"name": "", "lat": 6.679013, "lon": 81.183244, "elev_m": 307.0, "prominence_m": 136.3}}, {"type": "Feature", "geometry": {"type": "Point", "coordinates": [81.088004, 6.68071]}, "properties": {"name": "", "lat": 6.68071, "lon": 81.088004, "elev_m": 336.9, "prominence_m": 136.2}}, {"type": "Feature", "geometry": {"type": "Point", "coordinates": [80.19765, 7.180984]}, "properties": {"name": "", "lat": 7.180984, "lon": 80.19765, "elev_m": 296.7, "prominence_m": 136.0}}, {"type": "Feature", "geometry": {"type": "Point", "coordinates": [80.866942, 7.134678]}, "properties": {"name": "", "lat": 7.134678, "lon": 80.866942, "elev_m": 766.6, "prominence_m": 135.9}}, {"type": "Feature", "geometry": {"type": "Point", "coordinates": [80.916447, 7.369604]}, "properties": {"name": "", "lat": 7.369604, "lon": 80.916447, "elev_m": 706.6, "prominence_m": 135.9}}, {"type": "Feature", "geometry": {"type": "Point", "coordinates": [80.728345, 7.832983]}, "properties": {"name": "", "lat": 7.832983, "lon": 80.728345, "elev_m": 376.6, "prominence_m": 135.9}}, {"type": "Feature", "geometry": {"type": "Point", "coordinates": [80.335954, 7.411187]}, "properties": {"name": "", "lat": 7.411187, "lon": 80.335954, "elev_m": 266.6, "prominence_m": 135.9}}, {"type": "Feature", "geometry": {"type": "Point", "coordinates": [81.018065, 7.340533]}, "properties": {"name": "", "lat": 7.340533, "lon": 81.018065, "elev_m": 246.6, "prominence_m": 135.9}}, {"type": "Feature", "geometry": {"type": "Point", "coordinates": [80.208768, 7.19619]}, "properties": {"name": "", "lat": 7.19619, "lon": 80.208768, "elev_m": 236.6, "prominence_m": 135.9}}, {"type": "Feature", "geometry": {"type": "Point", "coordinates": [80.630198, 7.660966]}, "properties": {"name": "", "lat": 7.660966, "lon": 80.630198, "elev_m": 546.5, "prominence_m": 135.8}}, {"type": "Feature", "geometry": {"type": "Point", "coordinates": [80.344131, 6.804327]}, "properties": {"name": "", "lat": 6.804327, "lon": 80.344131, "elev_m": 306.5, "prominence_m": 135.8}}, {"type": "Feature", "geometry": {"type": "Point", "coordinates": [80.339211, 6.217516]}, "properties": {"name": "", "lat": 6.217516, "lon": 80.339211, "elev_m": 216.5, "prominence_m": 135.8}}, {"type": "Feature", "geometry": {"type": "Point", "coordinates": [80.500902, 7.436278]}, "properties": {"name": "", "lat": 7.436278, "lon": 80.500902, "elev_m": 636.4, "prominence_m": 135.7}}, {"type": "Feature", "geometry": {"type": "Point", "coordinates": [80.515418, 6.231198]}, "properties": {"name": "", "lat": 6.231198, "lon": 80.515418, "elev_m": 366.4, "prominence_m": 135.7}}, {"type": "Feature", "geometry": {"type": "Point", "coordinates": [80.771061, 7.373967]}, "properties": {"name": "", "lat": 7.373967, "lon": 80.771061, "elev_m": 1136.3, "prominence_m": 135.6}}, {"type": "Feature", "geometry": {"type": "Point", "coordinates": [80.264807, 7.362823]}, "properties": {"name": "", "lat": 7.362823, "lon": 80.264807, "elev_m": 366.3, "prominence_m": 135.6}}, {"type": "Feature", "geometry": {"type": "Point", "coordinates": [80.267385, 6.99985]}, "properties": {"name": "", "lat": 6.99985, "lon": 80.267385, "elev_m": 226.3, "prominence_m": 135.6}}, {"type": "Feature", "geometry": {"type": "Point", "coordinates": [80.853419, 7.473252]}, "properties": {"name": "", "lat": 7.473252, "lon": 80.853419, "elev_m": 896.2, "prominence_m": 135.5}}, {"type": "Feature", "geometry": {"type": "Point", "coordinates": [80.576075, 8.241216]}, "properties": {"name": "", "lat": 8.241216, "lon": 80.576075, "elev_m": 256.1, "prominence_m": 135.4}}, {"type": "Feature", "geometry": {"type": "Point", "coordinates": [80.686219, 6.219046]}, "properties": {"name": "", "lat": 6.219046, "lon": 80.686219, "elev_m": 255.9, "prominence_m": 135.2}}, {"type": "Feature", "geometry": {"type": "Point", "coordinates": [80.328356, 6.542246]}, "properties": {"name": "", "lat": 6.542246, "lon": 80.328356, "elev_m": 465.8, "prominence_m": 135.1}}, {"type": "Feature", "geometry": {"type": "Point", "coordinates": [80.220223, 7.157411]}, "properties": {"name": "", "lat": 7.157411, "lon": 80.220223, "elev_m": 345.8, "prominence_m": 135.1}}, {"type": "Feature", "geometry": {"type": "Point", "coordinates": [80.591855, 6.277351]}, "properties": {"name": "", "lat": 6.277351, "lon": 80.591855, "elev_m": 375.6, "prominence_m": 134.9}}, {"type": "Feature", "geometry": {"type": "Point", "coordinates": [81.181392, 7.361304]}, "properties": {"name": "", "lat": 7.361304, "lon": 81.181392, "elev_m": 305.6, "prominence_m": 134.9}}, {"type": "Feature", "geometry": {"type": "Point", "coordinates": [80.345311, 7.837649]}, "properties": {"name": "", "lat": 7.837649, "lon": 80.345311, "elev_m": 255.6, "prominence_m": 134.9}}, {"type": "Feature", "geometry": {"type": "Point", "coordinates": [80.762074, 7.965915]}, "properties": {"name": "Pidurangala", "lat": 7.965915, "lon": 80.762074, "elev_m": 335.5, "prominence_m": 134.8}}, {"type": "Feature", "geometry": {"type": "Point", "coordinates": [81.265899, 7.359321]}, "properties": {"name": "", "lat": 7.359321, "lon": 81.265899, "elev_m": 295.4, "prominence_m": 134.7}}, {"type": "Feature", "geometry": {"type": "Point", "coordinates": [80.299734, 6.401419]}, "properties": {"name": "", "lat": 6.401419, "lon": 80.299734, "elev_m": 215.4, "prominence_m": 134.7}}, {"type": "Feature", "geometry": {"type": "Point", "coordinates": [80.635397, 7.560862]}, "properties": {"name": "", "lat": 7.560862, "lon": 80.635397, "elev_m": 505.3, "prominence_m": 134.6}}, {"type": "Feature", "geometry": {"type": "Point", "coordinates": [81.452049, 7.369658]}, "properties": {"name": "", "lat": 7.369658, "lon": 81.452049, "elev_m": 375.3, "prominence_m": 134.6}}, {"type": "Feature", "geometry": {"type": "Point", "coordinates": [80.33925, 6.492066]}, "properties": {"name": "", "lat": 6.492066, "lon": 80.33925, "elev_m": 565.2, "prominence_m": 134.5}}, {"type": "Feature", "geometry": {"type": "Point", "coordinates": [80.402158, 7.213209]}, "properties": {"name": "", "lat": 7.213209, "lon": 80.402158, "elev_m": 445.1, "prominence_m": 134.4}}, {"type": "Feature", "geometry": {"type": "Point", "coordinates": [80.764544, 7.204138]}, "properties": {"name": "", "lat": 7.204138, "lon": 80.764544, "elev_m": 795.0, "prominence_m": 134.3}}, {"type": "Feature", "geometry": {"type": "Point", "coordinates": [80.576628, 6.390207]}, "properties": {"name": "", "lat": 6.390207, "lon": 80.576628, "elev_m": 1184.8, "prominence_m": 134.1}}, {"type": "Feature", "geometry": {"type": "Point", "coordinates": [80.35452, 6.395227]}, "properties": {"name": "", "lat": 6.395227, "lon": 80.35452, "elev_m": 344.8, "prominence_m": 134.1}}, {"type": "Feature", "geometry": {"type": "Point", "coordinates": [80.315298, 6.583199]}, "properties": {"name": "", "lat": 6.583199, "lon": 80.315298, "elev_m": 444.6, "prominence_m": 133.9}}, {"type": "Feature", "geometry": {"type": "Point", "coordinates": [81.262815, 7.013981]}, "properties": {"name": "", "lat": 7.013981, "lon": 81.262815, "elev_m": 434.5, "prominence_m": 133.8}}, {"type": "Feature", "geometry": {"type": "Point", "coordinates": [80.222552, 7.027198]}, "properties": {"name": "", "lat": 7.027198, "lon": 80.222552, "elev_m": 244.5, "prominence_m": 133.8}}, {"type": "Feature", "geometry": {"type": "Point", "coordinates": [81.404655, 7.481764]}, "properties": {"name": "", "lat": 7.481764, "lon": 81.404655, "elev_m": 334.4, "prominence_m": 133.7}}, {"type": "Feature", "geometry": {"type": "Point", "coordinates": [80.607187, 7.394553]}, "properties": {"name": "", "lat": 7.394553, "lon": 80.607187, "elev_m": 724.3, "prominence_m": 133.6}}, {"type": "Feature", "geometry": {"type": "Point", "coordinates": [81.056746, 6.586047]}, "properties": {"name": "", "lat": 6.586047, "lon": 81.056746, "elev_m": 264.3, "prominence_m": 133.6}}, {"type": "Feature", "geometry": {"type": "Point", "coordinates": [81.176173, 7.298642]}, "properties": {"name": "", "lat": 7.298642, "lon": 81.176173, "elev_m": 324.2, "prominence_m": 133.5}}, {"type": "Feature", "geometry": {"type": "Point", "coordinates": [81.508095, 7.074699]}, "properties": {"name": "", "lat": 7.074699, "lon": 81.508095, "elev_m": 274.2, "prominence_m": 133.5}}, {"type": "Feature", "geometry": {"type": "Point", "coordinates": [80.358741, 7.454885]}, "properties": {"name": "", "lat": 7.454885, "lon": 80.358741, "elev_m": 274.2, "prominence_m": 133.5}}, {"type": "Feature", "geometry": {"type": "Point", "coordinates": [80.387829, 6.457109]}, "properties": {"name": "", "lat": 6.457109, "lon": 80.387829, "elev_m": 684.1, "prominence_m": 133.4}}, {"type": "Feature", "geometry": {"type": "Point", "coordinates": [81.49709, 7.328626]}, "properties": {"name": "", "lat": 7.328626, "lon": 81.49709, "elev_m": 364.0, "prominence_m": 133.3}}, {"type": "Feature", "geometry": {"type": "Point", "coordinates": [80.466113, 7.814425]}, "properties": {"name": "", "lat": 7.814425, "lon": 80.466113, "elev_m": 304.0, "prominence_m": 133.3}}, {"type": "Feature", "geometry": {"type": "Point", "coordinates": [80.262674, 7.32674]}, "properties": {"name": "", "lat": 7.32674, "lon": 80.262674, "elev_m": 213.8, "prominence_m": 133.1}}, {"type": "Feature", "geometry": {"type": "Point", "coordinates": [80.290253, 7.451289]}, "properties": {"name": "", "lat": 7.451289, "lon": 80.290253, "elev_m": 243.7, "prominence_m": 133.0}}, {"type": "Feature", "geometry": {"type": "Point", "coordinates": [80.83624, 7.056008]}, "properties": {"name": "Highforest", "lat": 7.056008, "lon": 80.83624, "elev_m": 1863.6, "prominence_m": 132.9}}, {"type": "Feature", "geometry": {"type": "Point", "coordinates": [81.439173, 6.721869]}, "properties": {"name": "", "lat": 6.721869, "lon": 81.439173, "elev_m": 303.6, "prominence_m": 132.9}}, {"type": "Feature", "geometry": {"type": "Point", "coordinates": [80.73848, 7.027524]}, "properties": {"name": "", "lat": 7.027524, "lon": 80.73848, "elev_m": 2163.5, "prominence_m": 132.8}}, {"type": "Feature", "geometry": {"type": "Point", "coordinates": [80.884337, 7.187305]}, "properties": {"name": "", "lat": 7.187305, "lon": 80.884337, "elev_m": 353.4, "prominence_m": 132.7}}, {"type": "Feature", "geometry": {"type": "Point", "coordinates": [80.478437, 6.874422]}, "properties": {"name": "", "lat": 6.874422, "lon": 80.478437, "elev_m": 1393.3, "prominence_m": 132.6}}, {"type": "Feature", "geometry": {"type": "Point", "coordinates": [80.75616, 6.305599]}, "properties": {"name": "", "lat": 6.305599, "lon": 80.75616, "elev_m": 383.2, "prominence_m": 132.5}}, {"type": "Feature", "geometry": {"type": "Point", "coordinates": [81.182123, 6.958986]}, "properties": {"name": "", "lat": 6.958986, "lon": 81.182123, "elev_m": 1293.1, "prominence_m": 132.4}}, {"type": "Feature", "geometry": {"type": "Point", "coordinates": [80.520306, 7.716528]}, "properties": {"name": "", "lat": 7.716528, "lon": 80.520306, "elev_m": 493.1, "prominence_m": 132.4}}, {"type": "Feature", "geometry": {"type": "Point", "coordinates": [80.432391, 7.107159]}, "properties": {"name": "", "lat": 7.107159, "lon": 80.432391, "elev_m": 1123.0, "prominence_m": 132.3}}, {"type": "Feature", "geometry": {"type": "Point", "coordinates": [80.553505, 7.137889]}, "properties": {"name": "", "lat": 7.137889, "lon": 80.553505, "elev_m": 913.0, "prominence_m": 132.3}}, {"type": "Feature", "geometry": {"type": "Point", "coordinates": [80.892786, 7.29582]}, "properties": {"name": "", "lat": 7.29582, "lon": 80.892786, "elev_m": 873.0, "prominence_m": 132.3}}, {"type": "Feature", "geometry": {"type": "Point", "coordinates": [80.225257, 7.48241]}, "properties": {"name": "", "lat": 7.48241, "lon": 80.225257, "elev_m": 213.0, "prominence_m": 132.3}}, {"type": "Feature", "geometry": {"type": "Point", "coordinates": [80.917883, 6.727451]}, "properties": {"name": "", "lat": 6.727451, "lon": 80.917883, "elev_m": 662.9, "prominence_m": 132.2}}, {"type": "Feature", "geometry": {"type": "Point", "coordinates": [80.411479, 7.442724]}, "properties": {"name": "", "lat": 7.442724, "lon": 80.411479, "elev_m": 552.8, "prominence_m": 132.1}}, {"type": "Feature", "geometry": {"type": "Point", "coordinates": [80.56331, 7.647916]}, "properties": {"name": "", "lat": 7.647916, "lon": 80.56331, "elev_m": 542.7, "prominence_m": 132.0}}, {"type": "Feature", "geometry": {"type": "Point", "coordinates": [80.384451, 6.262587]}, "properties": {"name": "", "lat": 6.262587, "lon": 80.384451, "elev_m": 352.7, "prominence_m": 132.0}}, {"type": "Feature", "geometry": {"type": "Point", "coordinates": [80.49881, 7.30416]}, "properties": {"name": "", "lat": 7.30416, "lon": 80.49881, "elev_m": 712.6, "prominence_m": 131.9}}, {"type": "Feature", "geometry": {"type": "Point", "coordinates": [80.57719, 7.009578]}, "properties": {"name": "", "lat": 7.009578, "lon": 80.57719, "elev_m": 1242.5, "prominence_m": 131.8}}, {"type": "Feature", "geometry": {"type": "Point", "coordinates": [80.349543, 6.509166]}, "properties": {"name": "", "lat": 6.509166, "lon": 80.349543, "elev_m": 472.5, "prominence_m": 131.8}}, {"type": "Feature", "geometry": {"type": "Point", "coordinates": [80.825962, 7.438531]}, "properties": {"name": "", "lat": 7.438531, "lon": 80.825962, "elev_m": 1102.4, "prominence_m": 131.7}}, {"type": "Feature", "geometry": {"type": "Point", "coordinates": [80.692948, 6.516123]}, "properties": {"name": "", "lat": 6.516123, "lon": 80.692948, "elev_m": 392.4, "prominence_m": 131.7}}, {"type": "Feature", "geometry": {"type": "Point", "coordinates": [80.953291, 8.382562]}, "properties": {"name": "", "lat": 8.382562, "lon": 80.953291, "elev_m": 252.4, "prominence_m": 131.7}}, {"type": "Feature", "geometry": {"type": "Point", "coordinates": [80.189142, 8.044982]}, "properties": {"name": "", "lat": 8.044982, "lon": 80.189142, "elev_m": 212.4, "prominence_m": 131.7}}, {"type": "Feature", "geometry": {"type": "Point", "coordinates": [80.822425, 7.403535]}, "properties": {"name": "", "lat": 7.403535, "lon": 80.822425, "elev_m": 1792.3, "prominence_m": 131.6}}, {"type": "Feature", "geometry": {"type": "Point", "coordinates": [80.571391, 7.227966]}, "properties": {"name": "", "lat": 7.227966, "lon": 80.571391, "elev_m": 662.3, "prominence_m": 131.6}}, {"type": "Feature", "geometry": {"type": "Point", "coordinates": [81.308159, 7.698641]}, "properties": {"name": "", "lat": 7.698641, "lon": 81.308159, "elev_m": 222.3, "prominence_m": 131.6}}, {"type": "Feature", "geometry": {"type": "Point", "coordinates": [80.548449, 6.333765]}, "properties": {"name": "", "lat": 6.333765, "lon": 80.548449, "elev_m": 682.2, "prominence_m": 131.5}}, {"type": "Feature", "geometry": {"type": "Point", "coordinates": [80.403782, 6.146485]}, "properties": {"name": "", "lat": 6.146485, "lon": 80.403782, "elev_m": 242.2, "prominence_m": 131.5}}, {"type": "Feature", "geometry": {"type": "Point", "coordinates": [80.286885, 7.047074]}, "properties": {"name": "", "lat": 7.047074, "lon": 80.286885, "elev_m": 262.0, "prominence_m": 131.3}}, {"type": "Feature", "geometry": {"type": "Point", "coordinates": [80.813958, 6.886722]}, "properties": {"name": "", "lat": 6.886722, "lon": 80.813958, "elev_m": 1991.9, "prominence_m": 131.2}}, {"type": "Feature", "geometry": {"type": "Point", "coordinates": [81.598831, 7.096791]}, "properties": {"name": "", "lat": 7.096791, "lon": 81.598831, "elev_m": 261.9, "prominence_m": 131.2}}, {"type": "Feature", "geometry": {"type": "Point", "coordinates": [80.772153, 6.868004]}, "properties": {"name": "", "lat": 6.868004, "lon": 80.772153, "elev_m": 1991.8, "prominence_m": 131.1}}, {"type": "Feature", "geometry": {"type": "Point", "coordinates": [80.980652, 6.921677]}, "properties": {"name": "", "lat": 6.921677, "lon": 80.980652, "elev_m": 1331.8, "prominence_m": 131.1}}, {"type": "Feature", "geometry": {"type": "Point", "coordinates": [80.940399, 6.704655]}, "properties": {"name": "", "lat": 6.704655, "lon": 80.940399, "elev_m": 611.8, "prominence_m": 131.1}}, {"type": "Feature", "geometry": {"type": "Point", "coordinates": [81.501894, 7.274907]}, "properties": {"name": "", "lat": 7.274907, "lon": 81.501894, "elev_m": 291.7, "prominence_m": 131.0}}, {"type": "Feature", "geometry": {"type": "Point", "coordinates": [80.269459, 6.301012]}, "properties": {"name": "", "lat": 6.301012, "lon": 80.269459, "elev_m": 241.7, "prominence_m": 131.0}}, {"type": "Feature", "geometry": {"type": "Point", "coordinates": [81.543942, 7.397722]}, "properties": {"name": "", "lat": 7.397722, "lon": 81.543942, "elev_m": 221.7, "prominence_m": 131.0}}, {"type": "Feature", "geometry": {"type": "Point", "coordinates": [81.325917, 7.761825]}, "properties": {"name": "", "lat": 7.761825, "lon": 81.325917, "elev_m": 271.6, "prominence_m": 130.9}}, {"type": "Feature", "geometry": {"type": "Point", "coordinates": [80.179862, 6.407533]}, "properties": {"name": "", "lat": 6.407533, "lon": 80.179862, "elev_m": 211.6, "prominence_m": 130.9}}, {"type": "Feature", "geometry": {"type": "Point", "coordinates": [81.290935, 7.152305]}, "properties": {"name": "", "lat": 7.152305, "lon": 81.290935, "elev_m": 361.5, "prominence_m": 130.8}}, {"type": "Feature", "geometry": {"type": "Point", "coordinates": [80.796292, 6.357147]}, "properties": {"name": "", "lat": 6.357147, "lon": 80.796292, "elev_m": 291.5, "prominence_m": 130.8}}, {"type": "Feature", "geometry": {"type": "Point", "coordinates": [80.915273, 7.939035]}, "properties": {"name": "", "lat": 7.939035, "lon": 80.915273, "elev_m": 251.5, "prominence_m": 130.8}}, {"type": "Feature", "geometry": {"type": "Point", "coordinates": [81.348721, 7.315547]}, "properties": {"name": "", "lat": 7.315547, "lon": 81.348721, "elev_m": 461.4, "prominence_m": 130.7}}, {"type": "Feature", "geometry": {"type": "Point", "coordinates": [80.575484, 6.540235]}, "properties": {"name": "", "lat": 6.540235, "lon": 80.575484, "elev_m": 431.4, "prominence_m": 130.7}}, {"type": "Feature", "geometry": {"type": "Point", "coordinates": [80.391219, 6.275614]}, "properties": {"name": "", "lat": 6.275614, "lon": 80.391219, "elev_m": 291.3, "prominence_m": 130.6}}, {"type": "Feature", "geometry": {"type": "Point", "coordinates": [80.774056, 6.313739]}, "properties": {"name": "", "lat": 6.313739, "lon": 80.774056, "elev_m": 271.2, "prominence_m": 130.5}}, {"type": "Feature", "geometry": {"type": "Point", "coordinates": [80.687319, 7.584749]}, "properties": {"name": "", "lat": 7.584749, "lon": 80.687319, "elev_m": 931.1, "prominence_m": 130.4}}, {"type": "Feature", "geometry": {"type": "Point", "coordinates": [80.200253, 7.0543]}, "properties": {"name": "", "lat": 7.0543, "lon": 80.200253, "elev_m": 310.7, "prominence_m": 130.0}}, {"type": "Feature", "geometry": {"type": "Point", "coordinates": [80.952288, 6.56005]}, "properties": {"name": "", "lat": 6.56005, "lon": 80.952288, "elev_m": 270.7, "prominence_m": 130.0}}, {"type": "Feature", "geometry": {"type": "Point", "coordinates": [81.211975, 6.944852]}, "properties": {"name": "", "lat": 6.944852, "lon": 81.211975, "elev_m": 820.6, "prominence_m": 129.9}}, {"type": "Feature", "geometry": {"type": "Point", "coordinates": [80.606794, 7.70789]}, "properties": {"name": "", "lat": 7.70789, "lon": 80.606794, "elev_m": 510.5, "prominence_m": 129.8}}, {"type": "Feature", "geometry": {"type": "Point", "coordinates": [80.732428, 7.811823]}, "properties": {"name": "", "lat": 7.811823, "lon": 80.732428, "elev_m": 410.5, "prominence_m": 129.8}}, {"type": "Feature", "geometry": {"type": "Point", "coordinates": [81.106521, 6.777821]}, "properties": {"name": "", "lat": 6.777821, "lon": 81.106521, "elev_m": 420.4, "prominence_m": 129.7}}, {"type": "Feature", "geometry": {"type": "Point", "coordinates": [80.578346, 7.471858]}, "properties": {"name": "", "lat": 7.471858, "lon": 80.578346, "elev_m": 900.3, "prominence_m": 129.6}}, {"type": "Feature", "geometry": {"type": "Point", "coordinates": [80.706606, 7.690012]}, "properties": {"name": "", "lat": 7.690012, "lon": 80.706606, "elev_m": 360.3, "prominence_m": 129.6}}, {"type": "Feature", "geometry": {"type": "Point", "coordinates": [80.313146, 7.125773]}, "properties": {"name": "", "lat": 7.125773, "lon": 80.313146, "elev_m": 340.3, "prominence_m": 129.6}}, {"type": "Feature", "geometry": {"type": "Point", "coordinates": [81.016146, 6.78113]}, "properties": {"name": "", "lat": 6.78113, "lon": 81.016146, "elev_m": 1930.2, "prominence_m": 129.5}}, {"type": "Feature", "geometry": {"type": "Point", "coordinates": [80.425284, 6.803308]}, "properties": {"name": "", "lat": 6.803308, "lon": 80.425284, "elev_m": 750.2, "prominence_m": 129.5}}, {"type": "Feature", "geometry": {"type": "Point", "coordinates": [81.52087, 7.413495]}, "properties": {"name": "", "lat": 7.413495, "lon": 81.52087, "elev_m": 280.2, "prominence_m": 129.5}}, {"type": "Feature", "geometry": {"type": "Point", "coordinates": [81.501895, 6.564168]}, "properties": {"name": "", "lat": 6.564168, "lon": 81.501895, "elev_m": 240.2, "prominence_m": 129.5}}, {"type": "Feature", "geometry": {"type": "Point", "coordinates": [80.765102, 6.575544]}, "properties": {"name": "", "lat": 6.575544, "lon": 80.765102, "elev_m": 360.1, "prominence_m": 129.4}}, {"type": "Feature", "geometry": {"type": "Point", "coordinates": [80.307315, 6.983071]}, "properties": {"name": "", "lat": 6.983071, "lon": 80.307315, "elev_m": 340.0, "prominence_m": 129.3}}, {"type": "Feature", "geometry": {"type": "Point", "coordinates": [81.019363, 6.699468]}, "properties": {"name": "", "lat": 6.699468, "lon": 81.019363, "elev_m": 689.9, "prominence_m": 129.2}}, {"type": "Feature", "geometry": {"type": "Point", "coordinates": [81.146138, 7.116905]}, "properties": {"name": "", "lat": 7.116905, "lon": 81.146138, "elev_m": 1389.8, "prominence_m": 129.1}}, {"type": "Feature", "geometry": {"type": "Point", "coordinates": [81.205378, 7.437512]}, "properties": {"name": "", "lat": 7.437512, "lon": 81.205378, "elev_m": 459.8, "prominence_m": 129.1}}, {"type": "Feature", "geometry": {"type": "Point", "coordinates": [81.22296, 6.788037]}, "properties": {"name": "", "lat": 6.788037, "lon": 81.22296, "elev_m": 339.8, "prominence_m": 129.1}}, {"type": "Feature", "geometry": {"type": "Point", "coordinates": [80.578206, 6.514734]}, "properties": {"name": "", "lat": 6.514734, "lon": 80.578206, "elev_m": 459.6, "prominence_m": 128.9}}, {"type": "Feature", "geometry": {"type": "Point", "coordinates": [80.32706, 6.474421]}, "properties": {"name": "", "lat": 6.474421, "lon": 80.32706, "elev_m": 369.5, "prominence_m": 128.8}}, {"type": "Feature", "geometry": {"type": "Point", "coordinates": [80.471298, 7.792726]}, "properties": {"name": "", "lat": 7.792726, "lon": 80.471298, "elev_m": 299.5, "prominence_m": 128.8}}, {"type": "Feature", "geometry": {"type": "Point", "coordinates": [80.657982, 6.402441]}, "properties": {"name": "", "lat": 6.402441, "lon": 80.657982, "elev_m": 979.3, "prominence_m": 128.6}}, {"type": "Feature", "geometry": {"type": "Point", "coordinates": [80.766978, 7.683778]}, "properties": {"name": "", "lat": 7.683778, "lon": 80.766978, "elev_m": 359.3, "prominence_m": 128.6}}, {"type": "Feature", "geometry": {"type": "Point", "coordinates": [80.876116, 6.850631]}, "properties": {"name": "", "lat": 6.850631, "lon": 80.876116, "elev_m": 1459.2, "prominence_m": 128.5}}, {"type": "Feature", "geometry": {"type": "Point", "coordinates": [81.185524, 6.809502]}, "properties": {"name": "", "lat": 6.809502, "lon": 81.185524, "elev_m": 609.2, "prominence_m": 128.5}}, {"type": "Feature", "geometry": {"type": "Point", "coordinates": [81.13288, 7.521403]}, "properties": {"name": "", "lat": 7.521403, "lon": 81.13288, "elev_m": 269.1, "prominence_m": 128.4}}, {"type": "Feature", "geometry": {"type": "Point", "coordinates": [80.154401, 6.382816]}, "properties": {"name": "", "lat": 6.382816, "lon": 80.154401, "elev_m": 259.1, "prominence_m": 128.4}}, {"type": "Feature", "geometry": {"type": "Point", "coordinates": [80.343247, 7.456498]}, "properties": {"name": "", "lat": 7.456498, "lon": 80.343247, "elev_m": 259.0, "prominence_m": 128.3}}, {"type": "Feature", "geometry": {"type": "Point", "coordinates": [80.692013, 7.206301]}, "properties": {"name": "", "lat": 7.206301, "lon": 80.692013, "elev_m": 1308.9, "prominence_m": 128.2}}, {"type": "Feature", "geometry": {"type": "Point", "coordinates": [80.899725, 7.811807]}, "properties": {"name": "", "lat": 7.811807, "lon": 80.899725, "elev_m": 288.9, "prominence_m": 128.2}}, {"type": "Feature", "geometry": {"type": "Point", "coordinates": [81.650302, 7.030238]}, "properties": {"name": "", "lat": 7.030238, "lon": 81.650302, "elev_m": 208.9, "prominence_m": 128.2}}, {"type": "Feature", "geometry": {"type": "Point", "coordinates": [80.575978, 6.658792]}, "properties": {"name": "", "lat": 6.658792, "lon": 80.575978, "elev_m": 968.8, "prominence_m": 128.1}}, {"type": "Feature", "geometry": {"type": "Point", "coordinates": [81.506487, 7.088536]}, "properties": {"name": "", "lat": 7.088536, "lon": 81.506487, "elev_m": 628.8, "prominence_m": 128.1}}, {"type": "Feature", "geometry": {"type": "Point", "coordinates": [81.052014, 6.854903]}, "properties": {"name": "Ella Rock", "lat": 6.854903, "lon": 81.052014, "elev_m": 1368.7, "prominence_m": 128.0}}, {"type": "Feature", "geometry": {"type": "Point", "coordinates": [80.252475, 7.218216]}, "properties": {"name": "", "lat": 7.218216, "lon": 80.252475, "elev_m": 278.7, "prominence_m": 128.0}}, {"type": "Feature", "geometry": {"type": "Point", "coordinates": [80.805637, 8.280058]}, "properties": {"name": "", "lat": 8.280058, "lon": 80.805637, "elev_m": 278.7, "prominence_m": 128.0}}, {"type": "Feature", "geometry": {"type": "Point", "coordinates": [80.609949, 7.277356]}, "properties": {"name": "Primrose Hill", "lat": 7.277356, "lon": 80.609949, "elev_m": 638.5, "prominence_m": 127.8}}, {"type": "Feature", "geometry": {"type": "Point", "coordinates": [81.347663, 7.121584]}, "properties": {"name": "", "lat": 7.121584, "lon": 81.347663, "elev_m": 378.5, "prominence_m": 127.8}}, {"type": "Feature", "geometry": {"type": "Point", "coordinates": [81.092323, 6.646253]}, "properties": {"name": "", "lat": 6.646253, "lon": 81.092323, "elev_m": 308.5, "prominence_m": 127.8}}, {"type": "Feature", "geometry": {"type": "Point", "coordinates": [80.904981, 7.185672]}, "properties": {"name": "", "lat": 7.185672, "lon": 80.904981, "elev_m": 398.4, "prominence_m": 127.7}}, {"type": "Feature", "geometry": {"type": "Point", "coordinates": [80.804969, 6.337612]}, "properties": {"name": "", "lat": 6.337612, "lon": 80.804969, "elev_m": 278.4, "prominence_m": 127.7}}, {"type": "Feature", "geometry": {"type": "Point", "coordinates": [80.276093, 6.981411]}, "properties": {"name": "", "lat": 6.981411, "lon": 80.276093, "elev_m": 238.3, "prominence_m": 127.6}}, {"type": "Feature", "geometry": {"type": "Point", "coordinates": [80.262392, 6.587488]}, "properties": {"name": "", "lat": 6.587488, "lon": 80.262392, "elev_m": 328.2, "prominence_m": 127.5}}, {"type": "Feature", "geometry": {"type": "Point", "coordinates": [80.206125, 7.136776]}, "properties": {"name": "", "lat": 7.136776, "lon": 80.206125, "elev_m": 288.2, "prominence_m": 127.5}}, {"type": "Feature", "geometry": {"type": "Point", "coordinates": [80.871846, 7.209011]}, "properties": {"name": "", "lat": 7.209011, "lon": 80.871846, "elev_m": 658.0, "prominence_m": 127.3}}, {"type": "Feature", "geometry": {"type": "Point", "coordinates": [80.410572, 6.127228]}, "properties": {"name": "", "lat": 6.127228, "lon": 80.410572, "elev_m": 288.0, "prominence_m": 127.3}}, {"type": "Feature", "geometry": {"type": "Point", "coordinates": [80.456176, 7.270492]}, "properties": {"name": "", "lat": 7.270492, "lon": 80.456176, "elev_m": 337.7, "prominence_m": 127.0}}, {"type": "Feature", "geometry": {"type": "Point", "coordinates": [80.303877, 6.319763]}, "properties": {"name": "", "lat": 6.319763, "lon": 80.303877, "elev_m": 337.7, "prominence_m": 127.0}}, {"type": "Feature", "geometry": {"type": "Point", "coordinates": [80.221936, 7.087965]}, "properties": {"name": "", "lat": 7.087965, "lon": 80.221936, "elev_m": 317.5, "prominence_m": 126.8}}, {"type": "Feature", "geometry": {"type": "Point", "coordinates": [81.09174, 6.581956]}, "properties": {"name": "", "lat": 6.581956, "lon": 81.09174, "elev_m": 277.5, "prominence_m": 126.8}}, {"type": "Feature", "geometry": {"type": "Point", "coordinates": [80.388854, 7.819787]}, "properties": {"name": "", "lat": 7.819787, "lon": 80.388854, "elev_m": 267.5, "prominence_m": 126.8}}, {"type": "Feature", "geometry": {"type": "Point", "coordinates": [80.182688, 6.986729]}, "properties": {"name": "", "lat": 6.986729, "lon": 80.182688, "elev_m": 217.5, "prominence_m": 126.8}}, {"type": "Feature", "geometry": {"type": "Point", "coordinates": [80.5559, 6.657427]}, "properties": {"name": "", "lat": 6.657427, "lon": 80.5559, "elev_m": 827.4, "prominence_m": 126.7}}, {"type": "Feature", "geometry": {"type": "Point", "coordinates": [80.523, 6.251278]}, "properties": {"name": "", "lat": 6.251278, "lon": 80.523, "elev_m": 367.4, "prominence_m": 126.7}}, {"type": "Feature", "geometry": {"type": "Point", "coordinates": [81.373, 7.388489]}, "properties": {"name": "", "lat": 7.388489, "lon": 81.373, "elev_m": 367.3, "prominence_m": 126.6}}, {"type": "Feature", "geometry": {"type": "Point", "coordinates": [80.622012, 7.740178]}, "properties": {"name": "", "lat": 7.740178, "lon": 80.622012, "elev_m": 497.2, "prominence_m": 126.5}}, {"type": "Feature", "geometry": {"type": "Point", "coordinates": [81.179958, 7.27775]}, "properties": {"name": "", "lat": 7.27775, "lon": 81.179958, "elev_m": 377.1, "prominence_m": 126.4}}, {"type": "Feature", "geometry": {"type": "Point", "coordinates": [81.100738, 6.651402]}, "properties": {"name": "", "lat": 6.651402, "lon": 81.100738, "elev_m": 297.0, "prominence_m": 126.3}}, {"type": "Feature", "geometry": {"type": "Point", "coordinates": [80.212021, 6.747492]}, "properties": {"name": "", "lat": 6.747492, "lon": 80.212021, "elev_m": 257.0, "prominence_m": 126.3}}, {"type": "Feature", "geometry": {"type": "Point", "coordinates": [80.278643, 7.622182]}, "properties": {"name": "", "lat": 7.622182, "lon": 80.278643, "elev_m": 217.0, "prominence_m": 126.3}}, {"type": "Feature", "geometry": {"type": "Point", "coordinates": [80.414024, 7.322276]}, "properties": {"name": "", "lat": 7.322276, "lon": 80.414024, "elev_m": 306.9, "prominence_m": 126.2}}, {"type": "Feature", "geometry": {"type": "Point", "coordinates": [80.34109, 6.240035]}, "properties": {"name": "", "lat": 6.240035, "lon": 80.34109, "elev_m": 246.9, "prominence_m": 126.2}}, {"type": "Feature", "geometry": {"type": "Point", "coordinates": [80.39922, 7.152709]}, "properties": {"name": "", "lat": 7.152709, "lon": 80.39922, "elev_m": 436.8, "prominence_m": 126.1}}, {"type": "Feature", "geometry": {"type": "Point", "coordinates": [80.180801, 6.757764]}, "properties": {"name": "", "lat": 6.757764, "lon": 80.180801, "elev_m": 206.8, "prominence_m": 126.1}}, {"type": "Feature", "geometry": {"type": "Point", "coordinates": [80.725199, 6.793937]}, "properties": {"name": "", "lat": 6.793937, "lon": 80.725199, "elev_m": 1956.5, "prominence_m": 125.8}}, {"type": "Feature", "geometry": {"type": "Point", "coordinates": [81.457219, 6.820047]}, "properties": {"name": "", "lat": 6.820047, "lon": 81.457219, "elev_m": 236.4, "prominence_m": 125.7}}, {"type": "Feature", "geometry": {"type": "Point", "coordinates": [80.815615, 7.219871]}, "properties": {"name": "", "lat": 7.219871, "lon": 80.815615, "elev_m": 706.2, "prominence_m": 125.5}}, {"type": "Feature", "geometry": {"type": "Point", "coordinates": [80.251871, 7.032929]}, "properties": {"name": "", "lat": 7.032929, "lon": 80.251871, "elev_m": 206.2, "prominence_m": 125.5}}, {"type": "Feature", "geometry": {"type": "Point", "coordinates": [80.409298, 7.450861]}, "properties": {"name": "", "lat": 7.450861, "lon": 80.409298, "elev_m": 436.1, "prominence_m": 125.4}}, {"type": "Feature", "geometry": {"type": "Point", "coordinates": [81.460113, 6.754665]}, "properties": {"name": "", "lat": 6.754665, "lon": 81.460113, "elev_m": 266.0, "prominence_m": 125.3}}, {"type": "Feature", "geometry": {"type": "Point", "coordinates": [80.392853, 6.626943]}, "properties": {"name": "", "lat": 6.626943, "lon": 80.392853, "elev_m": 246.0, "prominence_m": 125.3}}, {"type": "Feature", "geometry": {"type": "Point", "coordinates": [80.396301, 7.705584]}, "properties": {"name": "", "lat": 7.705584, "lon": 80.396301, "elev_m": 236.0, "prominence_m": 125.3}}, {"type": "Feature", "geometry": {"type": "Point", "coordinates": [80.40313, 7.351837]}, "properties": {"name": "", "lat": 7.351837, "lon": 80.40313, "elev_m": 255.9, "prominence_m": 125.2}}, {"type": "Feature", "geometry": {"type": "Point", "coordinates": [80.687727, 6.889971]}, "properties": {"name": "Agra Kanda", "lat": 6.889971, "lon": 80.687727, "elev_m": 1515.6, "prominence_m": 124.9}}, {"type": "Feature", "geometry": {"type": "Point", "coordinates": [80.457907, 7.12671]}, "properties": {"name": "", "lat": 7.12671, "lon": 80.457907, "elev_m": 975.6, "prominence_m": 124.9}}, {"type": "Feature", "geometry": {"type": "Point", "coordinates": [81.205488, 6.976599]}, "properties": {"name": "", "lat": 6.976599, "lon": 81.205488, "elev_m": 965.6, "prominence_m": 124.9}}, {"type": "Feature", "geometry": {"type": "Point", "coordinates": [80.368282, 6.480696]}, "properties": {"name": "", "lat": 6.480696, "lon": 80.368282, "elev_m": 575.5, "prominence_m": 124.8}}, {"type": "Feature", "geometry": {"type": "Point", "coordinates": [81.344093, 7.089848]}, "properties": {"name": "", "lat": 7.089848, "lon": 81.344093, "elev_m": 445.5, "prominence_m": 124.8}}, {"type": "Feature", "geometry": {"type": "Point", "coordinates": [80.443426, 6.864633]}, "properties": {"name": "", "lat": 6.864633, "lon": 80.443426, "elev_m": 695.4, "prominence_m": 124.7}}, {"type": "Feature", "geometry": {"type": "Point", "coordinates": [80.500623, 7.447672]}, "properties": {"name": "", "lat": 7.447672, "lon": 80.500623, "elev_m": 635.4, "prominence_m": 124.7}}, {"type": "Feature", "geometry": {"type": "Point", "coordinates": [80.780033, 7.782798]}, "properties": {"name": "", "lat": 7.782798, "lon": 80.780033, "elev_m": 385.3, "prominence_m": 124.6}}, {"type": "Feature", "geometry": {"type": "Point", "coordinates": [80.476824, 7.271862]}, "properties": {"name": "", "lat": 7.271862, "lon": 80.476824, "elev_m": 585.2, "prominence_m": 124.5}}, {"type": "Feature", "geometry": {"type": "Point", "coordinates": [80.257773, 6.594808]}, "properties": {"name": "", "lat": 6.594808, "lon": 80.257773, "elev_m": 335.1, "prominence_m": 124.4}}, {"type": "Feature", "geometry": {"type": "Point", "coordinates": [80.391726, 6.323905]}, "properties": {"name": "", "lat": 6.323905, "lon": 80.391726, "elev_m": 305.1, "prominence_m": 124.4}}, {"type": "Feature", "geometry": {"type": "Point", "coordinates": [81.247423, 7.360426]}, "properties": {"name": "", "lat": 7.360426, "lon": 81.247423, "elev_m": 305.1, "prominence_m": 124.4}}, {"type": "Feature", "geometry": {"type": "Point", "coordinates": [80.558617, 7.23854]}, "properties": {"name": "", "lat": 7.23854, "lon": 80.558617, "elev_m": 664.9, "prominence_m": 124.2}}, {"type": "Feature", "geometry": {"type": "Point", "coordinates": [80.789246, 6.527253]}, "properties": {"name": "", "lat": 6.527253, "lon": 80.789246, "elev_m": 274.9, "prominence_m": 124.2}}, {"type": "Feature", "geometry": {"type": "Point", "coordinates": [80.095306, 6.569112]}, "properties": {"name": "", "lat": 6.569112, "lon": 80.095306, "elev_m": 214.9, "prominence_m": 124.2}}, {"type": "Feature", "geometry": {"type": "Point", "coordinates": [80.837181, 7.967809]}, "properties": {"name": "", "lat": 7.967809, "lon": 80.837181, "elev_m": 284.8, "prominence_m": 124.1}}, {"type": "Feature", "geometry": {"type": "Point", "coordinates": [80.781924, 6.774949]}, "properties": {"name": "", "lat": 6.774949, "lon": 80.781924, "elev_m": 2204.5, "prominence_m": 123.8}}, {"type": "Feature", "geometry": {"type": "Point", "coordinates": [80.212089, 6.920843]}, "properties": {"name": "", "lat": 6.920843, "lon": 80.212089, "elev_m": 314.5, "prominence_m": 123.8}}, {"type": "Feature", "geometry": {"type": "Point", "coordinates": [81.386738, 7.096576]}, "properties": {"name": "", "lat": 7.096576, "lon": 81.386738, "elev_m": 304.5, "prominence_m": 123.8}}, {"type": "Feature", "geometry": {"type": "Point", "coordinates": [80.374195, 7.496677]}, "properties": {"name": "", "lat": 7.496677, "lon": 80.374195, "elev_m": 274.4, "prominence_m": 123.7}}, {"type": "Feature", "geometry": {"type": "Point", "coordinates": [80.765644, 6.625463]}, "properties": {"name": "", "lat": 6.625463, "lon": 80.765644, "elev_m": 694.3, "prominence_m": 123.6}}, {"type": "Feature", "geometry": {"type": "Point", "coordinates": [81.363989, 7.355405]}, "properties": {"name": "", "lat": 7.355405, "lon": 81.363989, "elev_m": 584.3, "prominence_m": 123.6}}, {"type": "Feature", "geometry": {"type": "Point", "coordinates": [80.708954, 6.506358]}, "properties": {"name": "", "lat": 6.506358, "lon": 80.708954, "elev_m": 324.2, "prominence_m": 123.5}}, {"type": "Feature", "geometry": {"type": "Point", "coordinates": [81.031279, 6.653613]}, "properties": {"name": "", "lat": 6.653613, "lon": 81.031279, "elev_m": 464.1, "prominence_m": 123.4}}, {"type": "Feature", "geometry": {"type": "Point", "coordinates": [81.299284, 7.089901]}, "properties": {"name": "", "lat": 7.089901, "lon": 81.299284, "elev_m": 404.1, "prominence_m": 123.4}}, {"type": "Feature", "geometry": {"type": "Point", "coordinates": [81.541936, 7.337233]}, "properties": {"name": "", "lat": 7.337233, "lon": 81.541936, "elev_m": 514.0, "prominence_m": 123.3}}, {"type": "Feature", "geometry": {"type": "Point", "coordinates": [80.576624, 7.062751]}, "properties": {"name": "", "lat": 7.062751, "lon": 80.576624, "elev_m": 973.9, "prominence_m": 123.2}}, {"type": "Feature", "geometry": {"type": "Point", "coordinates": [80.387203, 7.230016]}, "properties": {"name": "", "lat": 7.230016, "lon": 80.387203, "elev_m": 403.9, "prominence_m": 123.2}}, {"type": "Feature", "geometry": {"type": "Point", "coordinates": [81.362473, 7.234688]}, "properties": {"name": "", "lat": 7.234688, "lon": 81.362473, "elev_m": 373.9, "prominence_m": 123.2}}, {"type": "Feature", "geometry": {"type": "Point", "coordinates": [80.188692, 6.511446]}, "properties": {"name": "", "lat": 6.511446, "lon": 80.188692, "elev_m": 213.9, "prominence_m": 123.2}}, {"type": "Feature", "geometry": {"type": "Point", "coordinates": [80.89426, 6.67157]}, "properties": {"name": "", "lat": 6.67157, "lon": 80.89426, "elev_m": 443.8, "prominence_m": 123.1}}, {"type": "Feature", "geometry": {"type": "Point", "coordinates": [80.333618, 6.418541]}, "properties": {"name": "", "lat": 6.418541, "lon": 80.333618, "elev_m": 263.8, "prominence_m": 123.1}}, {"type": "Feature", "geometry": {"type": "Point", "coordinates": [81.51012, 7.48567]}, "properties": {"name": "", "lat": 7.48567, "lon": 81.51012, "elev_m": 203.8, "prominence_m": 123.1}}, {"type": "Feature", "geometry": {"type": "Point", "coordinates": [80.693364, 7.242925]}, "properties": {"name": "", "lat": 7.242925, "lon": 80.693364, "elev_m": 723.7, "prominence_m": 123.0}}, {"type": "Feature", "geometry": {"type": "Point", "coordinates": [80.187305, 7.199418]}, "properties": {"name": "", "lat": 7.199418, "lon": 80.187305, "elev_m": 283.7, "prominence_m": 123.0}}, {"type": "Feature", "geometry": {"type": "Point", "coordinates": [80.642171, 7.635469]}, "properties": {"name": "", "lat": 7.635469, "lon": 80.642171, "elev_m": 463.6, "prominence_m": 122.9}}, {"type": "Feature", "geometry": {"type": "Point", "coordinates": [80.304924, 6.651012]}, "properties": {"name": "", "lat": 6.651012, "lon": 80.304924, "elev_m": 373.6, "prominence_m": 122.9}}, {"type": "Feature", "geometry": {"type": "Point", "coordinates": [80.643266, 6.671566]}, "properties": {"name": "", "lat": 6.671566, "lon": 80.643266, "elev_m": 1043.4, "prominence_m": 122.7}}, {"type": "Feature", "geometry": {"type": "Point", "coordinates": [80.491329, 7.530137]}, "properties": {"name": "", "lat": 7.530137, "lon": 80.491329, "elev_m": 323.4, "prominence_m": 122.7}}, {"type": "Feature", "geometry": {"type": "Point", "coordinates": [80.440309, 7.416432]}, "properties": {"name": "", "lat": 7.416432, "lon": 80.440309, "elev_m": 303.4, "prominence_m": 122.7}}, {"type": "Feature", "geometry": {"type": "Point", "coordinates": [80.581588, 6.879901]}, "properties": {"name": "", "lat": 6.879901, "lon": 80.581588, "elev_m": 1393.2, "prominence_m": 122.5}}, {"type": "Feature", "geometry": {"type": "Point", "coordinates": [80.901613, 7.758906]}, "properties": {"name": "", "lat": 7.758906, "lon": 80.901613, "elev_m": 323.2, "prominence_m": 122.5}}, {"type": "Feature", "geometry": {"type": "Point", "coordinates": [81.281178, 6.919554]}, "properties": {"name": "", "lat": 6.919554, "lon": 81.281178, "elev_m": 383.1, "prominence_m": 122.4}}, {"type": "Feature", "geometry": {"type": "Point", "coordinates": [80.377118, 7.267987]}, "properties": {"name": "", "lat": 7.267987, "lon": 80.377118, "elev_m": 273.0, "prominence_m": 122.3}}, {"type": "Feature", "geometry": {"type": "Point", "coordinates": [80.437262, 6.350524]}, "properties": {"name": "", "lat": 6.350524, "lon": 80.437262, "elev_m": 612.9, "prominence_m": 122.2}}, {"type": "Feature", "geometry": {"type": "Point", "coordinates": [80.35169, 6.207217]}, "properties": {"name": "", "lat": 6.207217, "lon": 80.35169, "elev_m": 242.8, "prominence_m": 122.1}}, {"type": "Feature", "geometry": {"type": "Point", "coordinates": [81.302276, 7.557313]}, "properties": {"name": "", "lat": 7.557313, "lon": 81.302276, "elev_m": 222.8, "prominence_m": 122.1}}, {"type": "Feature", "geometry": {"type": "Point", "coordinates": [80.950017, 7.035632]}, "properties": {"name": "", "lat": 7.035632, "lon": 80.950017, "elev_m": 1042.7, "prominence_m": 122.0}}, {"type": "Feature", "geometry": {"type": "Point", "coordinates": [80.970252, 8.526059]}, "properties": {"name": "", "lat": 8.526059, "lon": 80.970252, "elev_m": 222.7, "prominence_m": 122.0}}, {"type": "Feature", "geometry": {"type": "Point", "coordinates": [81.414422, 6.884128]}, "properties": {"name": "", "lat": 6.884128, "lon": 81.414422, "elev_m": 262.5, "prominence_m": 121.8}}, {"type": "Feature", "geometry": {"type": "Point", "coordinates": [80.592957, 6.225262]}, "properties": {"name": "", "lat": 6.225262, "lon": 80.592957, "elev_m": 402.4, "prominence_m": 121.7}}, {"type": "Feature", "geometry": {"type": "Point", "coordinates": [80.281668, 7.350905]}, "properties": {"name": "", "lat": 7.350905, "lon": 80.281668, "elev_m": 302.4, "prominence_m": 121.7}}, {"type": "Feature", "geometry": {"type": "Point", "coordinates": [80.737625, 7.493604]}, "properties": {"name": "", "lat": 7.493604, "lon": 80.737625, "elev_m": 1462.3, "prominence_m": 121.6}}, {"type": "Feature", "geometry": {"type": "Point", "coordinates": [81.194347, 7.266885]}, "properties": {"name": "", "lat": 7.266885, "lon": 81.194347, "elev_m": 312.3, "prominence_m": 121.6}}, {"type": "Feature", "geometry": {"type": "Point", "coordinates": [81.449676, 7.417406]}, "properties": {"name": "", "lat": 7.417406, "lon": 81.449676, "elev_m": 302.3, "prominence_m": 121.6}}, {"type": "Feature", "geometry": {"type": "Point", "coordinates": [81.448478, 7.52239]}, "properties": {"name": "", "lat": 7.52239, "lon": 81.448478, "elev_m": 222.3, "prominence_m": 121.6}}, {"type": "Feature", "geometry": {"type": "Point", "coordinates": [80.542583, 7.250198]}, "properties": {"name": "", "lat": 7.250198, "lon": 80.542583, "elev_m": 672.1, "prominence_m": 121.4}}, {"type": "Feature", "geometry": {"type": "Point", "coordinates": [81.301466, 7.098037]}, "properties": {"name": "", "lat": 7.098037, "lon": 81.301466, "elev_m": 402.1, "prominence_m": 121.4}}, {"type": "Feature", "geometry": {"type": "Point", "coordinates": [80.423262, 6.201844]}, "properties": {"name": "", "lat": 6.201844, "lon": 80.423262, "elev_m": 352.1, "prominence_m": 121.4}}, {"type": "Feature", "geometry": {"type": "Point", "coordinates": [81.239422, 6.972226]}, "properties": {"name": "", "lat": 6.972226, "lon": 81.239422, "elev_m": 531.9, "prominence_m": 121.2}}, {"type": "Feature", "geometry": {"type": "Point", "coordinates": [81.46237, 7.004237]}, "properties": {"name": "", "lat": 7.004237, "lon": 81.46237, "elev_m": 351.9, "prominence_m": 121.2}}, {"type": "Feature", "geometry": {"type": "Point", "coordinates": [81.403422, 6.981803]}, "properties": {"name": "", "lat": 6.981803, "lon": 81.403422, "elev_m": 301.9, "prominence_m": 121.2}}, {"type": "Feature", "geometry": {"type": "Point", "coordinates": [80.208487, 6.516352]}, "properties": {"name": "", "lat": 6.516352, "lon": 80.208487, "elev_m": 261.9, "prominence_m": 121.2}}, {"type": "Feature", "geometry": {"type": "Point", "coordinates": [80.288137, 6.333856]}, "properties": {"name": "", "lat": 6.333856, "lon": 80.288137, "elev_m": 341.8, "prominence_m": 121.1}}, {"type": "Feature", "geometry": {"type": "Point", "coordinates": [80.215933, 7.332653]}, "properties": {"name": "", "lat": 7.332653, "lon": 80.215933, "elev_m": 201.8, "prominence_m": 121.1}}, {"type": "Feature", "geometry": {"type": "Point", "coordinates": [81.213934, 7.007789]}, "properties": {"name": "", "lat": 7.007789, "lon": 81.213934, "elev_m": 991.7, "prominence_m": 121.0}}, {"type": "Feature", "geometry": {"type": "Point", "coordinates": [81.30021, 6.696265]}, "properties": {"name": "", "lat": 6.696265, "lon": 81.30021, "elev_m": 321.7, "prominence_m": 121.0}}, {"type": "Feature", "geometry": {"type": "Point", "coordinates": [80.77813, 8.087721]}, "properties": {"name": "", "lat": 8.087721, "lon": 80.77813, "elev_m": 271.6, "prominence_m": 120.9}}, {"type": "Feature", "geometry": {"type": "Point", "coordinates": [80.944791, 6.849526]}, "properties": {"name": "", "lat": 6.849526, "lon": 80.944791, "elev_m": 1321.5, "prominence_m": 120.8}}, {"type": "Feature", "geometry": {"type": "Point", "coordinates": [81.007096, 7.144667]}, "properties": {"name": "", "lat": 7.144667, "lon": 81.007096, "elev_m": 381.5, "prominence_m": 120.8}}, {"type": "Feature", "geometry": {"type": "Point", "coordinates": [81.535026, 7.428119]}, "properties": {"name": "", "lat": 7.428119, "lon": 81.535026, "elev_m": 221.5, "prominence_m": 120.8}}, {"type": "Feature", "geometry": {"type": "Point", "coordinates": [81.698989, 7.073817]}, "properties": {"name": "", "lat": 7.073817, "lon": 81.698989, "elev_m": 201.5, "prominence_m": 120.8}}, {"type": "Feature", "geometry": {"type": "Point", "coordinates": [80.18775, 7.480462]}, "properties": {"name": "", "lat": 7.480462, "lon": 80.18775, "elev_m": 201.5, "prominence_m": 120.8}}, {"type": "Feature", "geometry": {"type": "Point", "coordinates": [80.361656, 6.938902]}, "properties": {"name": "", "lat": 6.938902, "lon": 80.361656, "elev_m": 421.4, "prominence_m": 120.7}}, {"type": "Feature", "geometry": {"type": "Point", "coordinates": [80.183618, 6.442805]}, "properties": {"name": "", "lat": 6.442805, "lon": 80.183618, "elev_m": 221.4, "prominence_m": 120.7}}, {"type": "Feature", "geometry": {"type": "Point", "coordinates": [80.96311, 7.181311]}, "properties": {"name": "", "lat": 7.181311, "lon": 80.96311, "elev_m": 541.3, "prominence_m": 120.6}}, {"type": "Feature", "geometry": {"type": "Point", "coordinates": [80.403116, 7.36947]}, "properties": {"name": "", "lat": 7.36947, "lon": 80.403116, "elev_m": 541.3, "prominence_m": 120.6}}, {"type": "Feature", "geometry": {"type": "Point", "coordinates": [80.609405, 6.503622]}, "properties": {"name": "", "lat": 6.503622, "lon": 80.609405, "elev_m": 481.3, "prominence_m": 120.6}}, {"type": "Feature", "geometry": {"type": "Point", "coordinates": [80.491765, 7.273771]}, "properties": {"name": "", "lat": 7.273771, "lon": 80.491765, "elev_m": 681.2, "prominence_m": 120.5}}, {"type": "Feature", "geometry": {"type": "Point", "coordinates": [80.790914, 7.810469]}, "properties": {"name": "", "lat": 7.810469, "lon": 80.790914, "elev_m": 321.2, "prominence_m": 120.5}}, {"type": "Feature", "geometry": {"type": "Point", "coordinates": [80.285305, 6.999597]}, "properties": {"name": "", "lat": 6.999597, "lon": 80.285305, "elev_m": 291.2, "prominence_m": 120.5}}, {"type": "Feature", "geometry": {"type": "Point", "coordinates": [80.256615, 6.917367]}, "properties": {"name": "", "lat": 6.917367, "lon": 80.256615, "elev_m": 251.1, "prominence_m": 120.4}}, {"type": "Feature", "geometry": {"type": "Point", "coordinates": [80.951247, 6.685118]}, "properties": {"name": "", "lat": 6.685118, "lon": 80.951247, "elev_m": 470.9, "prominence_m": 120.2}}, {"type": "Feature", "geometry": {"type": "Point", "coordinates": [80.800369, 6.557367]}, "properties": {"name": "", "lat": 6.557367, "lon": 80.800369, "elev_m": 290.9, "prominence_m": 120.2}}, {"type": "Feature", "geometry": {"type": "Point", "coordinates": [80.794976, 7.386446]}, "properties": {"name": "", "lat": 7.386446, "lon": 80.794976, "elev_m": 1580.7, "prominence_m": 120.0}}, {"type": "Feature", "geometry": {"type": "Point", "coordinates": [80.97673, 6.627051]}, "properties": {"name": "", "lat": 6.627051, "lon": 80.97673, "elev_m": 360.7, "prominence_m": 120.0}}, {"type": "Feature", "geometry": {"type": "Point", "coordinates": [80.533059, 7.767536]}, "properties": {"name": "", "lat": 7.767536, "lon": 80.533059, "elev_m": 360.4, "prominence_m": 119.7}}, {"type": "Feature", "geometry": {"type": "Point", "coordinates": [81.560504, 7.389555]}, "properties": {"name": "", "lat": 7.389555, "lon": 81.560504, "elev_m": 210.4, "prominence_m": 119.7}}, {"type": "Feature", "geometry": {"type": "Point", "coordinates": [80.192078, 6.397238]}, "properties": {"name": "", "lat": 6.397238, "lon": 80.192078, "elev_m": 210.4, "prominence_m": 119.7}}, {"type": "Feature", "geometry": {"type": "Point", "coordinates": [80.409281, 7.139153]}, "properties": {"name": "", "lat": 7.139153, "lon": 80.409281, "elev_m": 720.3, "prominence_m": 119.6}}, {"type": "Feature", "geometry": {"type": "Point", "coordinates": [80.387836, 7.440263]}, "properties": {"name": "", "lat": 7.440263, "lon": 80.387836, "elev_m": 300.3, "prominence_m": 119.6}}, {"type": "Feature", "geometry": {"type": "Point", "coordinates": [81.149607, 7.039857]}, "properties": {"name": "", "lat": 7.039857, "lon": 81.149607, "elev_m": 1410.2, "prominence_m": 119.5}}, {"type": "Feature", "geometry": {"type": "Point", "coordinates": [80.753406, 7.20468]}, "properties": {"name": "", "lat": 7.20468, "lon": 80.753406, "elev_m": 790.2, "prominence_m": 119.5}}, {"type": "Feature", "geometry": {"type": "Point", "coordinates": [80.960273, 6.875565]}, "properties": {"name": "", "lat": 6.875565, "lon": 80.960273, "elev_m": 1310.1, "prominence_m": 119.4}}, {"type": "Feature", "geometry": {"type": "Point", "coordinates": [80.913949, 8.049989]}, "properties": {"name": "", "lat": 8.049989, "lon": 80.913949, "elev_m": 210.1, "prominence_m": 119.4}}, {"type": "Feature", "geometry": {"type": "Point", "coordinates": [80.266901, 6.944778]}, "properties": {"name": "", "lat": 6.944778, "lon": 80.266901, "elev_m": 210.1, "prominence_m": 119.4}}, {"type": "Feature", "geometry": {"type": "Point", "coordinates": [81.117475, 6.916715]}, "properties": {"name": "", "lat": 6.916715, "lon": 81.117475, "elev_m": 1600.0, "prominence_m": 119.3}}, {"type": "Feature", "geometry": {"type": "Point", "coordinates": [80.885077, 6.862837]}, "properties": {"name": "", "lat": 6.862837, "lon": 80.885077, "elev_m": 1380.0, "prominence_m": 119.3}}, {"type": "Feature", "geometry": {"type": "Point", "coordinates": [80.213037, 6.570615]}, "properties": {"name": "", "lat": 6.570615, "lon": 80.213037, "elev_m": 220.0, "prominence_m": 119.3}}, {"type": "Feature", "geometry": {"type": "Point", "coordinates": [80.611906, 7.122178]}, "properties": {"name": "", "lat": 7.122178, "lon": 80.611906, "elev_m": 1059.9, "prominence_m": 119.2}}, {"type": "Feature", "geometry": {"type": "Point", "coordinates": [80.514935, 7.141124]}, "properties": {"name": "", "lat": 7.141124, "lon": 80.514935, "elev_m": 829.9, "prominence_m": 119.2}}, {"type": "Feature", "geometry": {"type": "Point", "coordinates": [80.526043, 7.672312]}, "properties": {"name": "", "lat": 7.672312, "lon": 80.526043, "elev_m": 319.8, "prominence_m": 119.1}}, {"type": "Feature", "geometry": {"type": "Point", "coordinates": [80.571711, 7.118364]}, "properties": {"name": "", "lat": 7.118364, "lon": 80.571711, "elev_m": 699.7, "prominence_m": 119.0}}, {"type": "Feature", "geometry": {"type": "Point", "coordinates": [80.737375, 7.246187]}, "properties": {"name": "", "lat": 7.246187, "lon": 80.737375, "elev_m": 599.7, "prominence_m": 119.0}}, {"type": "Feature", "geometry": {"type": "Point", "coordinates": [80.994912, 6.63464]}, "properties": {"name": "", "lat": 6.63464, "lon": 80.994912, "elev_m": 289.7, "prominence_m": 119.0}}, {"type": "Feature", "geometry": {"type": "Point", "coordinates": [80.310514, 7.816995]}, "properties": {"name": "", "lat": 7.816995, "lon": 80.310514, "elev_m": 229.5, "prominence_m": 118.8}}, {"type": "Feature", "geometry": {"type": "Point", "coordinates": [81.479656, 7.123843]}, "properties": {"name": "", "lat": 7.123843, "lon": 81.479656, "elev_m": 389.4, "prominence_m": 118.7}}, {"type": "Feature", "geometry": {"type": "Point", "coordinates": [80.847118, 7.159912]}, "properties": {"name": "", "lat": 7.159912, "lon": 80.847118, "elev_m": 479.3, "prominence_m": 118.6}}, {"type": "Feature", "geometry": {"type": "Point", "coordinates": [80.611053, 6.438782]}, "properties": {"name": "", "lat": 6.438782, "lon": 80.611053, "elev_m": 1359.1, "prominence_m": 118.4}}, {"type": "Feature", "geometry": {"type": "Point", "coordinates": [80.559954, 6.694326]}, "properties": {"name": "Kondagala", "lat": 6.694326, "lon": 80.559954, "elev_m": 609.1, "prominence_m": 118.4}}, {"type": "Feature", "geometry": {"type": "Point", "coordinates": [80.782461, 6.262191]}, "properties": {"name": "", "lat": 6.262191, "lon": 80.782461, "elev_m": 259.1, "prominence_m": 118.4}}, {"type": "Feature", "geometry": {"type": "Point", "coordinates": [80.56923, 7.199479]}, "properties": {"name": "", "lat": 7.199479, "lon": 80.56923, "elev_m": 679.0, "prominence_m": 118.3}}, {"type": "Feature", "geometry": {"type": "Point", "coordinates": [80.597026, 7.652272]}, "properties": {"name": "", "lat": 7.652272, "lon": 80.597026, "elev_m": 529.0, "prominence_m": 118.3}}, {"type": "Feature", "geometry": {"type": "Point", "coordinates": [80.505919, 6.25154]}, "properties": {"name": "", "lat": 6.25154, "lon": 80.505919, "elev_m": 299.0, "prominence_m": 118.3}}, {"type": "Feature", "geometry": {"type": "Point", "coordinates": [80.527991, 7.105592]}, "properties": {"name": "", "lat": 7.105592, "lon": 80.527991, "elev_m": 938.9, "prominence_m": 118.2}}, {"type": "Feature", "geometry": {"type": "Point", "coordinates": [80.464352, 6.395034]}, "properties": {"name": "", "lat": 6.395034, "lon": 80.464352, "elev_m": 728.9, "prominence_m": 118.2}}, {"type": "Feature", "geometry": {"type": "Point", "coordinates": [80.571765, 8.149522]}, "properties": {"name": "", "lat": 8.149522, "lon": 80.571765, "elev_m": 258.9, "prominence_m": 118.2}}, {"type": "Feature", "geometry": {"type": "Point", "coordinates": [81.460609, 6.524619]}, "properties": {"name": "", "lat": 6.524619, "lon": 81.460609, "elev_m": 208.8, "prominence_m": 118.1}}, {"type": "Feature", "geometry": {"type": "Point", "coordinates": [80.292733, 6.904926]}, "properties": {"name": "", "lat": 6.904926, "lon": 80.292733, "elev_m": 368.7, "prominence_m": 118.0}}, {"type": "Feature", "geometry": {"type": "Point", "coordinates": [80.756928, 7.417373]}, "properties": {"name": "", "lat": 7.417373, "lon": 80.756928, "elev_m": 1348.6, "prominence_m": 117.9}}, {"type": "Feature", "geometry": {"type": "Point", "coordinates": [81.320401, 6.795805]}, "properties": {"name": "", "lat": 6.795805, "lon": 81.320401, "elev_m": 308.6, "prominence_m": 117.9}}, {"type": "Feature", "geometry": {"type": "Point", "coordinates": [81.370032, 7.198327]}, "properties": {"name": "Kahataththahela Summit", "lat": 7.198327, "lon": 81.370032, "elev_m": 318.5, "prominence_m": 117.8}}, {"type": "Feature", "geometry": {"type": "Point", "coordinates": [80.579207, 6.726618]}, "properties": {"name": "", "lat": 6.726618, "lon": 80.579207, "elev_m": 1168.3, "prominence_m": 117.6}}, {"type": "Feature", "geometry": {"type": "Point", "coordinates": [80.455047, 6.941416]}, "properties": {"name": "", "lat": 6.941416, "lon": 80.455047, "elev_m": 858.3, "prominence_m": 117.6}}, {"type": "Feature", "geometry": {"type": "Point", "coordinates": [80.47229, 6.72168]}, "properties": {"name": "", "lat": 6.72168, "lon": 80.47229, "elev_m": 518.2, "prominence_m": 117.5}}, {"type": "Feature", "geometry": {"type": "Point", "coordinates": [80.780564, 6.331102]}, "properties": {"name": "", "lat": 6.331102, "lon": 80.780564, "elev_m": 238.2, "prominence_m": 117.5}}, {"type": "Feature", "geometry": {"type": "Point", "coordinates": [80.341136, 6.506989]}, "properties": {"name": "", "lat": 6.506989, "lon": 80.341136, "elev_m": 458.0, "prominence_m": 117.3}}, {"type": "Feature", "geometry": {"type": "Point", "coordinates": [80.642528, 7.357941]}, "properties": {"name": "", "lat": 7.357941, "lon": 80.642528, "elev_m": 647.9, "prominence_m": 117.2}}, {"type": "Feature", "geometry": {"type": "Point", "coordinates": [80.781119, 7.676454]}, "properties": {"name": "", "lat": 7.676454, "lon": 80.781119, "elev_m": 497.9, "prominence_m": 117.2}}, {"type": "Feature", "geometry": {"type": "Point", "coordinates": [81.28817, 6.857693]}, "properties": {"name": "", "lat": 6.857693, "lon": 81.28817, "elev_m": 457.9, "prominence_m": 117.2}}, {"type": "Feature", "geometry": {"type": "Point", "coordinates": [80.792539, 7.615685]}, "properties": {"name": "", "lat": 7.615685, "lon": 80.792539, "elev_m": 637.6, "prominence_m": 116.9}}, {"type": "Feature", "geometry": {"type": "Point", "coordinates": [80.92762, 7.461296]}, "properties": {"name": "", "lat": 7.461296, "lon": 80.92762, "elev_m": 297.6, "prominence_m": 116.9}}, {"type": "Feature", "geometry": {"type": "Point", "coordinates": [80.285585, 7.24728]}, "properties": {"name": "", "lat": 7.24728, "lon": 80.285585, "elev_m": 287.6, "prominence_m": 116.9}}, {"type": "Feature", "geometry": {"type": "Point", "coordinates": [80.724287, 7.655562]}, "properties": {"name": "", "lat": 7.655562, "lon": 80.724287, "elev_m": 367.5, "prominence_m": 116.8}}, {"type": "Feature", "geometry": {"type": "Point", "coordinates": [80.53307, 7.257789]}, "properties": {"name": "", "lat": 7.257789, "lon": 80.53307, "elev_m": 717.4, "prominence_m": 116.7}}, {"type": "Feature", "geometry": {"type": "Point", "coordinates": [81.261227, 7.557903]}, "properties": {"name": "", "lat": 7.557903, "lon": 81.261227, "elev_m": 227.4, "prominence_m": 116.7}}, {"type": "Feature", "geometry": {"type": "Point", "coordinates": [80.695289, 7.115418]}, "properties": {"name": "", "lat": 7.115418, "lon": 80.695289, "elev_m": 1697.3, "prominence_m": 116.6}}, {"type": "Feature", "geometry": {"type": "Point", "coordinates": [80.771606, 7.266807]}, "properties": {"name": "", "lat": 7.266807, "lon": 80.771606, "elev_m": 577.3, "prominence_m": 116.6}}, {"type": "Feature", "geometry": {"type": "Point", "coordinates": [80.215113, 6.654174]}, "properties": {"name": "", "lat": 6.654174, "lon": 80.215113, "elev_m": 297.3, "prominence_m": 116.6}}, {"type": "Feature", "geometry": {"type": "Point", "coordinates": [80.557141, 7.479173]}, "properties": {"name": "", "lat": 7.479173, "lon": 80.557141, "elev_m": 707.2, "prominence_m": 116.5}}, {"type": "Feature", "geometry": {"type": "Point", "coordinates": [81.396687, 7.224063]}, "properties": {"name": "", "lat": 7.224063, "lon": 81.396687, "elev_m": 617.2, "prominence_m": 116.5}}, {"type": "Feature", "geometry": {"type": "Point", "coordinates": [80.804989, 6.699527]}, "properties": {"name": "", "lat": 6.699527, "lon": 80.804989, "elev_m": 657.1, "prominence_m": 116.4}}, {"type": "Feature", "geometry": {"type": "Point", "coordinates": [81.237576, 7.558742]}, "properties": {"name": "", "lat": 7.558742, "lon": 81.237576, "elev_m": 237.1, "prominence_m": 116.4}}, {"type": "Feature", "geometry": {"type": "Point", "coordinates": [80.739053, 6.637671]}, "properties": {"name": "", "lat": 6.637671, "lon": 80.739053, "elev_m": 667.0, "prominence_m": 116.3}}, {"type": "Feature", "geometry": {"type": "Point", "coordinates": [81.050033, 6.712474]}, "properties": {"name": "", "lat": 6.712474, "lon": 81.050033, "elev_m": 556.9, "prominence_m": 116.2}}, {"type": "Feature", "geometry": {"type": "Point", "coordinates": [81.325449, 7.169085]}, "properties": {"name": "", "lat": 7.169085, "lon": 81.325449, "elev_m": 396.8, "prominence_m": 116.1}}, {"type": "Feature", "geometry": {"type": "Point", "coordinates": [80.753689, 6.967026]}, "properties": {"name": "Haddon Hill", "lat": 6.967026, "lon": 80.753689, "elev_m": 2126.7, "prominence_m": 116.0}}, {"type": "Feature", "geometry": {"type": "Point", "coordinates": [80.398705, 7.118798]}, "properties": {"name": "", "lat": 7.118798, "lon": 80.398705, "elev_m": 856.7, "prominence_m": 116.0}}, {"type": "Feature", "geometry": {"type": "Point", "coordinates": [80.661819, 7.367984]}, "properties": {"name": "", "lat": 7.367984, "lon": 80.661819, "elev_m": 646.7, "prominence_m": 116.0}}, {"type": "Feature", "geometry": {"type": "Point", "coordinates": [80.412678, 7.634794]}, "properties": {"name": "", "lat": 7.634794, "lon": 80.412678, "elev_m": 406.7, "prominence_m": 116.0}}, {"type": "Feature", "geometry": {"type": "Point", "coordinates": [80.301956, 7.178934]}, "properties": {"name": "", "lat": 7.178934, "lon": 80.301956, "elev_m": 286.6, "prominence_m": 115.9}}, {"type": "Feature", "geometry": {"type": "Point", "coordinates": [80.378651, 7.963554]}, "properties": {"name": "", "lat": 7.963554, "lon": 80.378651, "elev_m": 266.6, "prominence_m": 115.9}}, {"type": "Feature", "geometry": {"type": "Point", "coordinates": [80.816457, 7.52019]}, "properties": {"name": "", "lat": 7.52019, "lon": 80.816457, "elev_m": 696.5, "prominence_m": 115.8}}, {"type": "Feature", "geometry": {"type": "Point", "coordinates": [80.472492, 6.831554]}, "properties": {"name": "", "lat": 6.831554, "lon": 80.472492, "elev_m": 1416.3, "prominence_m": 115.6}}, {"type": "Feature", "geometry": {"type": "Point", "coordinates": [80.539509, 6.885579]}, "properties": {"name": "", "lat": 6.885579, "lon": 80.539509, "elev_m": 1446.2, "prominence_m": 115.5}}, {"type": "Feature", "geometry": {"type": "Point", "coordinates": [80.637055, 7.479205]}, "properties": {"name": "", "lat": 7.479205, "lon": 80.637055, "elev_m": 496.2, "prominence_m": 115.5}}, {"type": "Feature", "geometry": {"type": "Point", "coordinates": [81.290981, 7.192997]}, "properties": {"name": "", "lat": 7.192997, "lon": 81.290981, "elev_m": 386.2, "prominence_m": 115.5}}, {"type": "Feature", "geometry": {"type": "Point", "coordinates": [81.374883, 6.957696]}, "properties": {"name": "", "lat": 6.957696, "lon": 81.374883, "elev_m": 366.2, "prominence_m": 115.5}}, {"type": "Feature", "geometry": {"type": "Point", "coordinates": [80.399, 6.387937]}, "properties": {"name": "", "lat": 6.387937, "lon": 80.399, "elev_m": 346.2, "prominence_m": 115.5}}, {"type": "Feature", "geometry": {"type": "Point", "coordinates": [80.796057, 7.239406]}, "properties": {"name": "", "lat": 7.239406, "lon": 80.796057, "elev_m": 636.1, "prominence_m": 115.4}}, {"type": "Feature", "geometry": {"type": "Point", "coordinates": [81.218202, 6.926941]}, "properties": {"name": "", "lat": 6.926941, "lon": 81.218202, "elev_m": 586.1, "prominence_m": 115.4}}, {"type": "Feature", "geometry": {"type": "Point", "coordinates": [80.237466, 7.275981]}, "properties": {"name": "", "lat": 7.275981, "lon": 80.237466, "elev_m": 266.0, "prominence_m": 115.3}}, {"type": "Feature", "geometry": {"type": "Point", "coordinates": [81.051077, 7.111546]}, "properties": {"name": "", "lat": 7.111546, "lon": 81.051077, "elev_m": 595.8, "prominence_m": 115.1}}, {"type": "Feature", "geometry": {"type": "Point", "coordinates": [81.342648, 7.01796]}, "properties": {"name": "", "lat": 7.01796, "lon": 81.342648, "elev_m": 475.8, "prominence_m": 115.1}}, {"type": "Feature", "geometry": {"type": "Point", "coordinates": [80.920576, 6.657456]}, "properties": {"name": "", "lat": 6.657456, "lon": 80.920576, "elev_m": 325.8, "prominence_m": 115.1}}, {"type": "Feature", "geometry": {"type": "Point", "coordinates": [80.497492, 6.781651]}, "properties": {"name": "", "lat": 6.781651, "lon": 80.497492, "elev_m": 1765.7, "prominence_m": 115.0}}, {"type": "Feature", "geometry": {"type": "Point", "coordinates": [80.791437, 7.210378]}, "properties": {"name": "", "lat": 7.210378, "lon": 80.791437, "elev_m": 795.7, "prominence_m": 115.0}}, {"type": "Feature", "geometry": {"type": "Point", "coordinates": [80.657522, 8.155795]}, "properties": {"name": "", "lat": 8.155795, "lon": 80.657522, "elev_m": 285.7, "prominence_m": 115.0}}, {"type": "Feature", "geometry": {"type": "Point", "coordinates": [80.628431, 7.254032]}, "properties": {"name": "Hantana 2", "lat": 7.254032, "lon": 80.628431, "elev_m": 1135.6, "prominence_m": 114.9}}, {"type": "Feature", "geometry": {"type": "Point", "coordinates": [80.535835, 7.667705]}, "properties": {"name": "", "lat": 7.667705, "lon": 80.535835, "elev_m": 345.6, "prominence_m": 114.9}}, {"type": "Feature", "geometry": {"type": "Point", "coordinates": [81.44085, 7.330341]}, "properties": {"name": "", "lat": 7.330341, "lon": 81.44085, "elev_m": 245.6, "prominence_m": 114.9}}, {"type": "Feature", "geometry": {"type": "Point", "coordinates": [81.182979, 6.686067]}, "properties": {"name": "", "lat": 6.686067, "lon": 81.182979, "elev_m": 305.5, "prominence_m": 114.8}}, {"type": "Feature", "geometry": {"type": "Point", "coordinates": [80.562441, 8.276746]}, "properties": {"name": "", "lat": 8.276746, "lon": 80.562441, "elev_m": 235.4, "prominence_m": 114.7}}, {"type": "Feature", "geometry": {"type": "Point", "coordinates": [80.736013, 7.283896]}, "properties": {"name": "", "lat": 7.283896, "lon": 80.736013, "elev_m": 625.3, "prominence_m": 114.6}}, {"type": "Feature", "geometry": {"type": "Point", "coordinates": [80.799612, 7.685677]}, "properties": {"name": "", "lat": 7.685677, "lon": 80.799612, "elev_m": 325.1, "prominence_m": 114.4}}, {"type": "Feature", "geometry": {"type": "Point", "coordinates": [80.279082, 7.232081]}, "properties": {"name": "", "lat": 7.232081, "lon": 80.279082, "elev_m": 275.1, "prominence_m": 114.4}}, {"type": "Feature", "geometry": {"type": "Point", "coordinates": [81.435754, 6.998307]}, "properties": {"name": "", "lat": 6.998307, "lon": 81.435754, "elev_m": 365.0, "prominence_m": 114.3}}, {"type": "Feature", "geometry": {"type": "Point", "coordinates": [80.765594, 8.632447]}, "properties": {"name": "", "lat": 8.632447, "lon": 80.765594, "elev_m": 225.0, "prominence_m": 114.3}}, {"type": "Feature", "geometry": {"type": "Point", "coordinates": [80.394904, 6.779682]}, "properties": {"name": "", "lat": 6.779682, "lon": 80.394904, "elev_m": 534.8, "prominence_m": 114.1}}, {"type": "Feature", "geometry": {"type": "Point", "coordinates": [80.191334, 7.234147]}, "properties": {"name": "", "lat": 7.234147, "lon": 80.191334, "elev_m": 214.8, "prominence_m": 114.1}}, {"type": "Feature", "geometry": {"type": "Point", "coordinates": [80.423961, 6.75583]}, "properties": {"name": "", "lat": 6.75583, "lon": 80.423961, "elev_m": 224.7, "prominence_m": 114.0}}, {"type": "Feature", "geometry": {"type": "Point", "coordinates": [80.698631, 6.604567]}, "properties": {"name": "", "lat": 6.604567, "lon": 80.698631, "elev_m": 964.6, "prominence_m": 113.9}}, {"type": "Feature", "geometry": {"type": "Point", "coordinates": [80.292594, 6.495822]}, "properties": {"name": "", "lat": 6.495822, "lon": 80.292594, "elev_m": 284.6, "prominence_m": 113.9}}, {"type": "Feature", "geometry": {"type": "Point", "coordinates": [81.504709, 7.500598]}, "properties": {"name": "", "lat": 7.500598, "lon": 81.504709, "elev_m": 254.6, "prominence_m": 113.9}}, {"type": "Feature", "geometry": {"type": "Point", "coordinates": [80.561995, 6.361172]}, "properties": {"name": "", "lat": 6.361172, "lon": 80.561995, "elev_m": 594.5, "prominence_m": 113.8}}, {"type": "Feature", "geometry": {"type": "Point", "coordinates": [80.738534, 6.331101]}, "properties": {"name": "", "lat": 6.331101, "lon": 80.738534, "elev_m": 264.4, "prominence_m": 113.7}}, {"type": "Feature", "geometry": {"type": "Point", "coordinates": [81.058514, 6.830483]}, "properties": {"name": "", "lat": 6.830483, "lon": 81.058514, "elev_m": 1194.3, "prominence_m": 113.6}}, {"type": "Feature", "geometry": {"type": "Point", "coordinates": [81.044495, 6.506021]}, "properties": {"name": "", "lat": 6.506021, "lon": 81.044495, "elev_m": 294.3, "prominence_m": 113.6}}, {"type": "Feature", "geometry": {"type": "Point", "coordinates": [80.494826, 6.208669]}, "properties": {"name": "", "lat": 6.208669, "lon": 80.494826, "elev_m": 224.3, "prominence_m": 113.6}}, {"type": "Feature", "geometry": {"type": "Point", "coordinates": [80.697773, 6.87478]}, "properties": {"name": "", "lat": 6.87478, "lon": 80.697773, "elev_m": 1504.0, "prominence_m": 113.3}}, {"type": "Feature", "geometry": {"type": "Point", "coordinates": [81.516934, 7.334291]}, "properties": {"name": "", "lat": 7.334291, "lon": 81.516934, "elev_m": 374.0, "prominence_m": 113.3}}, {"type": "Feature", "geometry": {"type": "Point", "coordinates": [80.523146, 7.026372]}, "properties": {"name": "", "lat": 7.026372, "lon": 80.523146, "elev_m": 763.7, "prominence_m": 113.0}}, {"type": "Feature", "geometry": {"type": "Point", "coordinates": [80.661548, 6.222025]}, "properties": {"name": "", "lat": 6.222025, "lon": 80.661548, "elev_m": 243.7, "prominence_m": 113.0}}, {"type": "Feature", "geometry": {"type": "Point", "coordinates": [80.624629, 6.388867]}, "properties": {"name": "", "lat": 6.388867, "lon": 80.624629, "elev_m": 1263.5, "prominence_m": 112.8}}, {"type": "Feature", "geometry": {"type": "Point", "coordinates": [81.217423, 7.249773]}, "properties": {"name": "", "lat": 7.249773, "lon": 81.217423, "elev_m": 413.5, "prominence_m": 112.8}}, {"type": "Feature", "geometry": {"type": "Point", "coordinates": [81.156207, 6.803286]}, "properties": {"name": "", "lat": 6.803286, "lon": 81.156207, "elev_m": 413.5, "prominence_m": 112.8}}, {"type": "Feature", "geometry": {"type": "Point", "coordinates": [80.94731, 7.058965]}, "properties": {"name": "", "lat": 7.058965, "lon": 80.94731, "elev_m": 1023.3, "prominence_m": 112.6}}, {"type": "Feature", "geometry": {"type": "Point", "coordinates": [81.229325, 7.197403]}, "properties": {"name": "", "lat": 7.197403, "lon": 81.229325, "elev_m": 383.3, "prominence_m": 112.6}}, {"type": "Feature", "geometry": {"type": "Point", "coordinates": [80.620284, 6.410027]}, "properties": {"name": "", "lat": 6.410027, "lon": 80.620284, "elev_m": 1203.2, "prominence_m": 112.5}}, {"type": "Feature", "geometry": {"type": "Point", "coordinates": [80.737984, 6.435823]}, "properties": {"name": "", "lat": 6.435823, "lon": 80.737984, "elev_m": 653.1, "prominence_m": 112.4}}, {"type": "Feature", "geometry": {"type": "Point", "coordinates": [80.384639, 7.962475]}, "properties": {"name": "", "lat": 7.962475, "lon": 80.384639, "elev_m": 393.1, "prominence_m": 112.4}}, {"type": "Feature", "geometry": {"type": "Point", "coordinates": [80.231145, 7.108865]}, "properties": {"name": "", "lat": 7.108865, "lon": 80.231145, "elev_m": 303.1, "prominence_m": 112.4}}, {"type": "Feature", "geometry": {"type": "Point", "coordinates": [80.353853, 6.214272]}, "properties": {"name": "", "lat": 6.214272, "lon": 80.353853, "elev_m": 263.1, "prominence_m": 112.4}}, {"type": "Feature", "geometry": {"type": "Point", "coordinates": [80.336538, 6.171936]}, "properties": {"name": "", "lat": 6.171936, "lon": 80.336538, "elev_m": 223.1, "prominence_m": 112.4}}, {"type": "Feature", "geometry": {"type": "Point", "coordinates": [80.514817, 6.864406]}, "properties": {"name": "", "lat": 6.864406, "lon": 80.514817, "elev_m": 1503.0, "prominence_m": 112.3}}, {"type": "Feature", "geometry": {"type": "Point", "coordinates": [80.918419, 6.70629]}, "properties": {"name": "", "lat": 6.70629, "lon": 80.918419, "elev_m": 402.9, "prominence_m": 112.2}}, {"type": "Feature", "geometry": {"type": "Point", "coordinates": [81.228391, 7.614364]}, "properties": {"name": "", "lat": 7.614364, "lon": 81.228391, "elev_m": 212.9, "prominence_m": 112.2}}, {"type": "Feature", "geometry": {"type": "Point", "coordinates": [81.193024, 7.305409]}, "properties": {"name": "", "lat": 7.305409, "lon": 81.193024, "elev_m": 332.8, "prominence_m": 112.1}}, {"type": "Feature", "geometry": {"type": "Point", "coordinates": [80.212184, 6.840543]}, "properties": {"name": "", "lat": 6.840543, "lon": 80.212184, "elev_m": 312.8, "prominence_m": 112.1}}, {"type": "Feature", "geometry": {"type": "Point", "coordinates": [80.331291, 6.286418]}, "properties": {"name": "", "lat": 6.286418, "lon": 80.331291, "elev_m": 262.8, "prominence_m": 112.1}}, {"type": "Feature", "geometry": {"type": "Point", "coordinates": [81.126949, 6.877914]}, "properties": {"name": "", "lat": 6.877914, "lon": 81.126949, "elev_m": 1472.7, "prominence_m": 112.0}}, {"type": "Feature", "geometry": {"type": "Point", "coordinates": [81.421184, 6.866485]}, "properties": {"name": "", "lat": 6.866485, "lon": 81.421184, "elev_m": 442.7, "prominence_m": 112.0}}, {"type": "Feature", "geometry": {"type": "Point", "coordinates": [81.19576, 7.324939]}, "properties": {"name": "", "lat": 7.324939, "lon": 81.19576, "elev_m": 322.7, "prominence_m": 112.0}}, {"type": "Feature", "geometry": {"type": "Point", "coordinates": [80.529252, 6.215197]}, "properties": {"name": "", "lat": 6.215197, "lon": 80.529252, "elev_m": 302.7, "prominence_m": 112.0}}, {"type": "Feature", "geometry": {"type": "Point", "coordinates": [80.744181, 7.047329]}, "properties": {"name": "", "lat": 7.047329, "lon": 80.744181, "elev_m": 2052.5, "prominence_m": 111.8}}, {"type": "Feature", "geometry": {"type": "Point", "coordinates": [81.465711, 7.060115]}, "properties": {"name": "", "lat": 7.060115, "lon": 81.465711, "elev_m": 262.5, "prominence_m": 111.8}}, {"type": "Feature", "geometry": {"type": "Point", "coordinates": [80.785192, 7.360673]}, "properties": {"name": "", "lat": 7.360673, "lon": 80.785192, "elev_m": 1152.4, "prominence_m": 111.7}}, {"type": "Feature", "geometry": {"type": "Point", "coordinates": [80.766436, 7.602392]}, "properties": {"name": "", "lat": 7.602392, "lon": 80.766436, "elev_m": 492.4, "prominence_m": 111.7}}, {"type": "Feature", "geometry": {"type": "Point", "coordinates": [80.381475, 7.25714]}, "properties": {"name": "", "lat": 7.25714, "lon": 80.381475, "elev_m": 222.4, "prominence_m": 111.7}}, {"type": "Feature", "geometry": {"type": "Point", "coordinates": [80.616876, 7.655535]}, "properties": {"name": "", "lat": 7.655535, "lon": 80.616876, "elev_m": 512.3, "prominence_m": 111.6}}, {"type": "Feature", "geometry": {"type": "Point", "coordinates": [80.41076, 6.985333]}, "properties": {"name": "", "lat": 6.985333, "lon": 80.41076, "elev_m": 382.3, "prominence_m": 111.6}}, {"type": "Feature", "geometry": {"type": "Point", "coordinates": [80.6083, 7.326731]}, "properties": {"name": "", "lat": 7.326731, "lon": 80.6083, "elev_m": 632.2, "prominence_m": 111.5}}, {"type": "Feature", "geometry": {"type": "Point", "coordinates": [80.372634, 7.116334]}, "properties": {"name": "", "lat": 7.116334, "lon": 80.372634, "elev_m": 562.1, "prominence_m": 111.4}}, {"type": "Feature", "geometry": {"type": "Point", "coordinates": [81.19432, 7.237587]}, "properties": {"name": "", "lat": 7.237587, "lon": 81.19432, "elev_m": 422.1, "prominence_m": 111.4}}, {"type": "Feature", "geometry": {"type": "Point", "coordinates": [80.287559, 6.920384]}, "properties": {"name": "", "lat": 6.920384, "lon": 80.287559, "elev_m": 352.0, "prominence_m": 111.3}}, {"type": "Feature", "geometry": {"type": "Point", "coordinates": [80.35793, 7.157828]}, "properties": {"name": "", "lat": 7.157828, "lon": 80.35793, "elev_m": 371.9, "prominence_m": 111.2}}, {"type": "Feature", "geometry": {"type": "Point", "coordinates": [80.290791, 6.94616]}, "properties": {"name": "", "lat": 6.94616, "lon": 80.290791, "elev_m": 301.9, "prominence_m": 111.2}}, {"type": "Feature", "geometry": {"type": "Point", "coordinates": [80.38723, 6.170348]}, "properties": {"name": "", "lat": 6.170348, "lon": 80.38723, "elev_m": 221.9, "prominence_m": 111.2}}, {"type": "Feature", "geometry": {"type": "Point", "coordinates": [80.326704, 6.864537]}, "properties": {"name": "", "lat": 6.864537, "lon": 80.326704, "elev_m": 331.8, "prominence_m": 111.1}}, {"type": "Feature", "geometry": {"type": "Point", "coordinates": [80.216666, 7.179109]}, "properties": {"name": "", "lat": 7.179109, "lon": 80.216666, "elev_m": 291.8, "prominence_m": 111.1}}, {"type": "Feature", "geometry": {"type": "Point", "coordinates": [80.480567, 6.49244]}, "properties": {"name": "Walankanda", "lat": 6.49244, "lon": 80.480567, "elev_m": 1031.7, "prominence_m": 111.0}}, {"type": "Feature", "geometry": {"type": "Point", "coordinates": [80.596303, 7.429545]}, "properties": {"name": "", "lat": 7.429545, "lon": 80.596303, "elev_m": 781.7, "prominence_m": 111.0}}, {"type": "Feature", "geometry": {"type": "Point", "coordinates": [81.026128, 6.663654]}, "properties": {"name": "", "lat": 6.663654, "lon": 81.026128, "elev_m": 461.7, "prominence_m": 111.0}}, {"type": "Feature", "geometry": {"type": "Point", "coordinates": [80.521987, 6.650357]}, "properties": {"name": "", "lat": 6.650357, "lon": 80.521987, "elev_m": 331.7, "prominence_m": 111.0}}, {"type": "Feature", "geometry": {"type": "Point", "coordinates": [81.1009, 7.282425]}, "properties": {"name": "", "lat": 7.282425, "lon": 81.1009, "elev_m": 291.7, "prominence_m": 111.0}}, {"type": "Feature", "geometry": {"type": "Point", "coordinates": [80.478044, 7.065954]}, "properties": {"name": "", "lat": 7.065954, "lon": 80.478044, "elev_m": 1231.5, "prominence_m": 110.8}}, {"type": "Feature", "geometry": {"type": "Point", "coordinates": [80.644447, 7.298528]}, "properties": {"name": "Kodimale Peak", "lat": 7.298528, "lon": 80.644447, "elev_m": 651.4, "prominence_m": 110.7}}, {"type": "Feature", "geometry": {"type": "Point", "coordinates": [81.071705, 6.649521]}, "properties": {"name": "", "lat": 6.649521, "lon": 81.071705, "elev_m": 481.4, "prominence_m": 110.7}}, {"type": "Feature", "geometry": {"type": "Point", "coordinates": [80.317773, 6.546848]}, "properties": {"name": "", "lat": 6.546848, "lon": 80.317773, "elev_m": 411.4, "prominence_m": 110.7}}, {"type": "Feature", "geometry": {"type": "Point", "coordinates": [80.34766, 7.390038]}, "properties": {"name": "", "lat": 7.390038, "lon": 80.34766, "elev_m": 301.4, "prominence_m": 110.7}}, {"type": "Feature", "geometry": {"type": "Point", "coordinates": [80.366438, 7.361571]}, "properties": {"name": "", "lat": 7.361571, "lon": 80.366438, "elev_m": 261.4, "prominence_m": 110.7}}, {"type": "Feature", "geometry": {"type": "Point", "coordinates": [81.422171, 6.792425]}, "properties": {"name": "", "lat": 6.792425, "lon": 81.422171, "elev_m": 291.3, "prominence_m": 110.6}}, {"type": "Feature", "geometry": {"type": "Point", "coordinates": [80.720821, 7.094532]}, "properties": {"name": "", "lat": 7.094532, "lon": 80.720821, "elev_m": 2081.2, "prominence_m": 110.5}}, {"type": "Feature", "geometry": {"type": "Point", "coordinates": [81.117453, 6.884974]}, "properties": {"name": "", "lat": 6.884974, "lon": 81.117453, "elev_m": 1561.2, "prominence_m": 110.5}}, {"type": "Feature", "geometry": {"type": "Point", "coordinates": [80.273043, 7.040548]}, "properties": {"name": "", "lat": 7.040548, "lon": 80.273043, "elev_m": 261.2, "prominence_m": 110.5}}, {"type": "Feature", "geometry": {"type": "Point", "coordinates": [80.358626, 6.348296]}, "properties": {"name": "", "lat": 6.348296, "lon": 80.358626, "elev_m": 241.2, "prominence_m": 110.5}}, {"type": "Feature", "geometry": {"type": "Point", "coordinates": [81.306706, 7.622956]}, "properties": {"name": "", "lat": 7.622956, "lon": 81.306706, "elev_m": 211.2, "prominence_m": 110.5}}, {"type": "Feature", "geometry": {"type": "Point", "coordinates": [80.90662, 7.217413]}, "properties": {"name": "", "lat": 7.217413, "lon": 80.90662, "elev_m": 421.0, "prominence_m": 110.3}}, {"type": "Feature", "geometry": {"type": "Point", "coordinates": [81.493273, 7.320494]}, "properties": {"name": "", "lat": 7.320494, "lon": 81.493273, "elev_m": 311.0, "prominence_m": 110.3}}, {"type": "Feature", "geometry": {"type": "Point", "coordinates": [80.34592, 6.301623]}, "properties": {"name": "", "lat": 6.301623, "lon": 80.34592, "elev_m": 301.0, "prominence_m": 110.3}}, {"type": "Feature", "geometry": {"type": "Point", "coordinates": [80.482631, 6.672311]}, "properties": {"name": "", "lat": 6.672311, "lon": 80.482631, "elev_m": 291.0, "prominence_m": 110.3}}, {"type": "Feature", "geometry": {"type": "Point", "coordinates": [80.304971, 6.308641]}, "properties": {"name": "", "lat": 6.308641, "lon": 80.304971, "elev_m": 271.0, "prominence_m": 110.3}}, {"type": "Feature", "geometry": {"type": "Point", "coordinates": [80.181662, 7.152208]}, "properties": {"name": "", "lat": 7.152208, "lon": 80.181662, "elev_m": 261.0, "prominence_m": 110.3}}, {"type": "Feature", "geometry": {"type": "Point", "coordinates": [80.34417, 7.34663]}, "properties": {"name": "", "lat": 7.34663, "lon": 80.34417, "elev_m": 251.0, "prominence_m": 110.3}}, {"type": "Feature", "geometry": {"type": "Point", "coordinates": [80.713437, 7.467286]}, "properties": {"name": "", "lat": 7.467286, "lon": 80.713437, "elev_m": 1300.9, "prominence_m": 110.2}}, {"type": "Feature", "geometry": {"type": "Point", "coordinates": [80.499169, 7.162275]}, "properties": {"name": "", "lat": 7.162275, "lon": 80.499169, "elev_m": 530.9, "prominence_m": 110.2}}, {"type": "Feature", "geometry": {"type": "Point", "coordinates": [80.38283, 6.254718]}, "properties": {"name": "", "lat": 6.254718, "lon": 80.38283, "elev_m": 340.9, "prominence_m": 110.2}}, {"type": "Feature", "geometry": {"type": "Point", "coordinates": [80.755068, 6.481945]}, "properties": {"name": "", "lat": 6.481945, "lon": 80.755068, "elev_m": 310.9, "prominence_m": 110.2}}, {"type": "Feature", "geometry": {"type": "Point", "coordinates": [80.528507, 7.643014]}, "properties": {"name": "", "lat": 7.643014, "lon": 80.528507, "elev_m": 290.9, "prominence_m": 110.2}}, {"type": "Feature", "geometry": {"type": "Point", "coordinates": [80.25435, 7.001463]}, "properties": {"name": "", "lat": 7.001463, "lon": 80.25435, "elev_m": 240.9, "prominence_m": 110.2}}, {"type": "Feature", "geometry": {"type": "Point", "coordinates": [80.282423, 6.632814]}, "properties": {"name": "", "lat": 6.632814, "lon": 80.282423, "elev_m": 500.8, "prominence_m": 110.1}}, {"type": "Feature", "geometry": {"type": "Point", "coordinates": [80.248385, 6.994132]}, "properties": {"name": "", "lat": 6.994132, "lon": 80.248385, "elev_m": 240.8, "prominence_m": 110.1}}, {"type": "Feature", "geometry": {"type": "Point", "coordinates": [80.263138, 8.071937]}, "properties": {"name": "", "lat": 8.071937, "lon": 80.263138, "elev_m": 210.8, "prominence_m": 110.1}}, {"type": "Feature", "geometry": {"type": "Point", "coordinates": [80.291483, 7.064441]}, "properties": {"name": "", "lat": 7.064441, "lon": 80.291483, "elev_m": 210.8, "prominence_m": 110.1}}, {"type": "Feature", "geometry": {"type": "Point", "coordinates": [80.083122, 6.55309]}, "properties": {"name": "", "lat": 6.55309, "lon": 80.083122, "elev_m": 200.8, "prominence_m": 110.1}}, {"type": "Feature", "geometry": {"type": "Point", "coordinates": [80.418812, 7.106877]}, "properties": {"name": "", "lat": 7.106877, "lon": 80.418812, "elev_m": 1090.7, "prominence_m": 110.0}}, {"type": "Feature", "geometry": {"type": "Point", "coordinates": [81.361498, 6.891249]}, "properties": {"name": "", "lat": 6.891249, "lon": 81.361498, "elev_m": 680.7, "prominence_m": 110.0}}, {"type": "Feature", "geometry": {"type": "Point", "coordinates": [80.240351, 7.132748]}, "properties": {"name": "", "lat": 7.132748, "lon": 80.240351, "elev_m": 330.7, "prominence_m": 110.0}}, {"type": "Feature", "geometry": {"type": "Point", "coordinates": [81.272041, 7.009088]}, "properties": {"name": "", "lat": 7.009088, "lon": 81.272041, "elev_m": 420.6, "prominence_m": 109.9}}, {"type": "Feature", "geometry": {"type": "Point", "coordinates": [80.423254, 7.669256]}, "properties": {"name": "", "lat": 7.669256, "lon": 80.423254, "elev_m": 230.6, "prominence_m": 109.9}}, {"type": "Feature", "geometry": {"type": "Point", "coordinates": [80.205981, 6.573591]}, "properties": {"name": "", "lat": 6.573591, "lon": 80.205981, "elev_m": 220.6, "prominence_m": 109.9}}, {"type": "Feature", "geometry": {"type": "Point", "coordinates": [80.616421, 7.411105]}, "properties": {"name": "", "lat": 7.411105, "lon": 80.616421, "elev_m": 700.5, "prominence_m": 109.8}}, {"type": "Feature", "geometry": {"type": "Point", "coordinates": [80.603045, 7.561665]}, "properties": {"name": "", "lat": 7.561665, "lon": 80.603045, "elev_m": 580.5, "prominence_m": 109.8}}, {"type": "Feature", "geometry": {"type": "Point", "coordinates": [80.753656, 7.634404]}, "properties": {"name": "", "lat": 7.634404, "lon": 80.753656, "elev_m": 600.4, "prominence_m": 109.7}}, {"type": "Feature", "geometry": {"type": "Point", "coordinates": [80.748554, 6.567133]}, "properties": {"name": "", "lat": 6.567133, "lon": 80.748554, "elev_m": 520.4, "prominence_m": 109.7}}, {"type": "Feature", "geometry": {"type": "Point", "coordinates": [81.449318, 6.797813]}, "properties": {"name": "", "lat": 6.797813, "lon": 81.449318, "elev_m": 260.4, "prominence_m": 109.7}}, {"type": "Feature", "geometry": {"type": "Point", "coordinates": [80.424714, 6.840746]}, "properties": {"name": "", "lat": 6.840746, "lon": 80.424714, "elev_m": 940.3, "prominence_m": 109.6}}, {"type": "Feature", "geometry": {"type": "Point", "coordinates": [81.415219, 7.071852]}, "properties": {"name": "", "lat": 7.071852, "lon": 81.415219, "elev_m": 310.2, "prominence_m": 109.5}}, {"type": "Feature", "geometry": {"type": "Point", "coordinates": [81.427009, 7.152133]}, "properties": {"name": "Medahelawala Kanda", "lat": 7.152133, "lon": 81.427009, "elev_m": 300.2, "prominence_m": 109.5}}, {"type": "Feature", "geometry": {"type": "Point", "coordinates": [81.636569, 7.092112]}, "properties": {"name": "", "lat": 7.092112, "lon": 81.636569, "elev_m": 240.2, "prominence_m": 109.5}}, {"type": "Feature", "geometry": {"type": "Point", "coordinates": [80.572035, 7.597732]}, "properties": {"name": "", "lat": 7.597732, "lon": 80.572035, "elev_m": 1040.1, "prominence_m": 109.4}}, {"type": "Feature", "geometry": {"type": "Point", "coordinates": [81.04057, 7.258048]}, "properties": {"name": "", "lat": 7.258048, "lon": 81.04057, "elev_m": 240.1, "prominence_m": 109.4}}, {"type": "Feature", "geometry": {"type": "Point", "coordinates": [80.772971, 6.360674]}, "properties": {"name": "", "lat": 6.360674, "lon": 80.772971, "elev_m": 420.0, "prominence_m": 109.3}}, {"type": "Feature", "geometry": {"type": "Point", "coordinates": [80.794722, 7.79392]}, "properties": {"name": "", "lat": 7.79392, "lon": 80.794722, "elev_m": 310.0, "prominence_m": 109.3}}, {"type": "Feature", "geometry": {"type": "Point", "coordinates": [81.413687, 7.335805]}, "properties": {"name": "", "lat": 7.335805, "lon": 81.413687, "elev_m": 230.0, "prominence_m": 109.3}}, {"type": "Feature", "geometry": {"type": "Point", "coordinates": [81.170123, 6.894429]}, "properties": {"name": "", "lat": 6.894429, "lon": 81.170123, "elev_m": 989.9, "prominence_m": 109.2}}, {"type": "Feature", "geometry": {"type": "Point", "coordinates": [80.927279, 7.257286]}, "properties": {"name": "", "lat": 7.257286, "lon": 80.927279, "elev_m": 1039.8, "prominence_m": 109.1}}, {"type": "Feature", "geometry": {"type": "Point", "coordinates": [80.640368, 6.352246]}, "properties": {"name": "", "lat": 6.352246, "lon": 80.640368, "elev_m": 919.8, "prominence_m": 109.1}}, {"type": "Feature", "geometry": {"type": "Point", "coordinates": [80.397443, 7.643733]}, "properties": {"name": "", "lat": 7.643733, "lon": 80.397443, "elev_m": 309.8, "prominence_m": 109.1}}, {"type": "Feature", "geometry": {"type": "Point", "coordinates": [81.365123, 7.790527]}, "properties": {"name": "", "lat": 7.790527, "lon": 81.365123, "elev_m": 219.8, "prominence_m": 109.1}}, {"type": "Feature", "geometry": {"type": "Point", "coordinates": [80.656616, 7.512851]}, "properties": {"name": "", "lat": 7.512851, "lon": 80.656616, "elev_m": 519.7, "prominence_m": 109.0}}, {"type": "Feature", "geometry": {"type": "Point", "coordinates": [80.303377, 7.117896]}, "properties": {"name": "", "lat": 7.117896, "lon": 80.303377, "elev_m": 329.7, "prominence_m": 109.0}}, {"type": "Feature", "geometry": {"type": "Point", "coordinates": [80.264807, 6.872071]}, "properties": {"name": "", "lat": 6.872071, "lon": 80.264807, "elev_m": 259.6, "prominence_m": 108.9}}, {"type": "Feature", "geometry": {"type": "Point", "coordinates": [81.007502, 6.865235]}, "properties": {"name": "", "lat": 6.865235, "lon": 81.007502, "elev_m": 1459.5, "prominence_m": 108.8}}, {"type": "Feature", "geometry": {"type": "Point", "coordinates": [80.807471, 7.302887]}, "properties": {"name": "", "lat": 7.302887, "lon": 80.807471, "elev_m": 629.5, "prominence_m": 108.8}}, {"type": "Feature", "geometry": {"type": "Point", "coordinates": [80.430683, 7.211332]}, "properties": {"name": "", "lat": 7.211332, "lon": 80.430683, "elev_m": 379.5, "prominence_m": 108.8}}, {"type": "Feature", "geometry": {"type": "Point", "coordinates": [80.596371, 7.912976]}, "properties": {"name": "", "lat": 7.912976, "lon": 80.596371, "elev_m": 269.5, "prominence_m": 108.8}}, {"type": "Feature", "geometry": {"type": "Point", "coordinates": [80.40098, 6.642413]}, "properties": {"name": "", "lat": 6.642413, "lon": 80.40098, "elev_m": 219.5, "prominence_m": 108.8}}, {"type": "Feature", "geometry": {"type": "Point", "coordinates": [80.199014, 6.498165]}, "properties": {"name": "", "lat": 6.498165, "lon": 80.199014, "elev_m": 209.5, "prominence_m": 108.8}}, {"type": "Feature", "geometry": {"type": "Point", "coordinates": [80.325742, 6.431285]}, "properties": {"name": "", "lat": 6.431285, "lon": 80.325742, "elev_m": 219.4, "prominence_m": 108.7}}, {"type": "Feature", "geometry": {"type": "Point", "coordinates": [80.350348, 6.190124]}, "properties": {"name": "", "lat": 6.190124, "lon": 80.350348, "elev_m": 229.3, "prominence_m": 108.6}}, {"type": "Feature", "geometry": {"type": "Point", "coordinates": [80.986571, 8.466912]}, "properties": {"name": "", "lat": 8.466912, "lon": 80.986571, "elev_m": 209.3, "prominence_m": 108.6}}, {"type": "Feature", "geometry": {"type": "Point", "coordinates": [80.758847, 7.00745]}, "properties": {"name": "", "lat": 7.00745, "lon": 80.758847, "elev_m": 2379.2, "prominence_m": 108.5}}, {"type": "Feature", "geometry": {"type": "Point", "coordinates": [80.952142, 6.908666]}, "properties": {"name": "", "lat": 6.908666, "lon": 80.952142, "elev_m": 1259.2, "prominence_m": 108.5}}, {"type": "Feature", "geometry": {"type": "Point", "coordinates": [80.273616, 6.754885]}, "properties": {"name": "", "lat": 6.754885, "lon": 80.273616, "elev_m": 329.1, "prominence_m": 108.4}}, {"type": "Feature", "geometry": {"type": "Point", "coordinates": [81.015899, 7.355184]}, "properties": {"name": "", "lat": 7.355184, "lon": 81.015899, "elev_m": 239.1, "prominence_m": 108.4}}, {"type": "Feature", "geometry": {"type": "Point", "coordinates": [81.442122, 6.695551]}, "properties": {"name": "", "lat": 6.695551, "lon": 81.442122, "elev_m": 229.1, "prominence_m": 108.4}}, {"type": "Feature", "geometry": {"type": "Point", "coordinates": [80.47285, 7.119124]}, "properties": {"name": "", "lat": 7.119124, "lon": 80.47285, "elev_m": 909.0, "prominence_m": 108.3}}, {"type": "Feature", "geometry": {"type": "Point", "coordinates": [80.846997, 8.075507]}, "properties": {"name": "", "lat": 8.075507, "lon": 80.846997, "elev_m": 329.0, "prominence_m": 108.3}}, {"type": "Feature", "geometry": {"type": "Point", "coordinates": [80.288043, 6.977355]}, "properties": {"name": "", "lat": 6.977355, "lon": 80.288043, "elev_m": 279.0, "prominence_m": 108.3}}, {"type": "Feature", "geometry": {"type": "Point", "coordinates": [81.291855, 7.480282]}, "properties": {"name": "", "lat": 7.480282, "lon": 81.291855, "elev_m": 209.0, "prominence_m": 108.3}}, {"type": "Feature", "geometry": {"type": "Point", "coordinates": [80.876297, 7.668304]}, "properties": {"name": "", "lat": 7.668304, "lon": 80.876297, "elev_m": 428.9, "prominence_m": 108.2}}, {"type": "Feature", "geometry": {"type": "Point", "coordinates": [80.579389, 6.259441]}, "properties": {"name": "", "lat": 6.259441, "lon": 80.579389, "elev_m": 408.9, "prominence_m": 108.2}}, {"type": "Feature", "geometry": {"type": "Point", "coordinates": [81.479899, 6.924185]}, "properties": {"name": "", "lat": 6.924185, "lon": 81.479899, "elev_m": 218.9, "prominence_m": 108.2}}, {"type": "Feature", "geometry": {"type": "Point", "coordinates": [81.042971, 6.700812]}, "properties": {"name": "", "lat": 6.700812, "lon": 81.042971, "elev_m": 538.8, "prominence_m": 108.1}}, {"type": "Feature", "geometry": {"type": "Point", "coordinates": [80.205341, 6.888824]}, "properties": {"name": "", "lat": 6.888824, "lon": 80.205341, "elev_m": 338.8, "prominence_m": 108.1}}, {"type": "Feature", "geometry": {"type": "Point", "coordinates": [80.675048, 6.50364]}, "properties": {"name": "", "lat": 6.50364, "lon": 80.675048, "elev_m": 338.8, "prominence_m": 108.1}}, {"type": "Feature", "geometry": {"type": "Point", "coordinates": [80.371773, 6.853726]}, "properties": {"name": "", "lat": 6.853726, "lon": 80.371773, "elev_m": 468.7, "prominence_m": 108.0}}, {"type": "Feature", "geometry": {"type": "Point", "coordinates": [80.882491, 7.420887]}, "properties": {"name": "", "lat": 7.420887, "lon": 80.882491, "elev_m": 1318.6, "prominence_m": 107.9}}, {"type": "Feature", "geometry": {"type": "Point", "coordinates": [80.688853, 6.667778]}, "properties": {"name": "", "lat": 6.667778, "lon": 80.688853, "elev_m": 668.6, "prominence_m": 107.9}}, {"type": "Feature", "geometry": {"type": "Point", "coordinates": [80.247367, 6.427954]}, "properties": {"name": "", "lat": 6.427954, "lon": 80.247367, "elev_m": 278.5, "prominence_m": 107.8}}, {"type": "Feature", "geometry": {"type": "Point", "coordinates": [81.330787, 7.31367]}, "properties": {"name": "", "lat": 7.31367, "lon": 81.330787, "elev_m": 268.5, "prominence_m": 107.8}}, {"type": "Feature", "geometry": {"type": "Point", "coordinates": [81.171882, 7.362398]}, "properties": {"name": "", "lat": 7.362398, "lon": 81.171882, "elev_m": 298.4, "prominence_m": 107.7}}, {"type": "Feature", "geometry": {"type": "Point", "coordinates": [80.349375, 7.302144]}, "properties": {"name": "", "lat": 7.302144, "lon": 80.349375, "elev_m": 338.3, "prominence_m": 107.6}}, {"type": "Feature", "geometry": {"type": "Point", "coordinates": [80.745479, 7.900535]}, "properties": {"name": "", "lat": 7.900535, "lon": 80.745479, "elev_m": 308.3, "prominence_m": 107.6}}, {"type": "Feature", "geometry": {"type": "Point", "coordinates": [80.372305, 6.191498]}, "properties": {"name": "", "lat": 6.191498, "lon": 80.372305, "elev_m": 238.3, "prominence_m": 107.6}}, {"type": "Feature", "geometry": {"type": "Point", "coordinates": [81.448277, 7.02189]}, "properties": {"name": "", "lat": 7.02189, "lon": 81.448277, "elev_m": 488.2, "prominence_m": 107.5}}, {"type": "Feature", "geometry": {"type": "Point", "coordinates": [80.426283, 6.921863]}, "properties": {"name": "", "lat": 6.921863, "lon": 80.426283, "elev_m": 448.2, "prominence_m": 107.5}}, {"type": "Feature", "geometry": {"type": "Point", "coordinates": [80.28292, 6.401674]}, "properties": {"name": "", "lat": 6.401674, "lon": 80.28292, "elev_m": 268.2, "prominence_m": 107.5}}, {"type": "Feature", "geometry": {"type": "Point", "coordinates": [81.034338, 7.286809]}, "properties": {"name": "", "lat": 7.286809, "lon": 81.034338, "elev_m": 218.2, "prominence_m": 107.5}}, {"type": "Feature", "geometry": {"type": "Point", "coordinates": [81.166251, 6.805991]}, "properties": {"name": "", "lat": 6.805991, "lon": 81.166251, "elev_m": 398.1, "prominence_m": 107.4}}, {"type": "Feature", "geometry": {"type": "Point", "coordinates": [80.735414, 7.882086]}, "properties": {"name": "", "lat": 7.882086, "lon": 80.735414, "elev_m": 318.1, "prominence_m": 107.4}}, {"type": "Feature", "geometry": {"type": "Point", "coordinates": [81.164551, 7.049882]}, "properties": {"name": "", "lat": 7.049882, "lon": 81.164551, "elev_m": 1488.0, "prominence_m": 107.3}}, {"type": "Feature", "geometry": {"type": "Point", "coordinates": [80.558107, 6.575225]}, "properties": {"name": "", "lat": 6.575225, "lon": 80.558107, "elev_m": 268.0, "prominence_m": 107.3}}, {"type": "Feature", "geometry": {"type": "Point", "coordinates": [80.637062, 7.455332]}, "properties": {"name": "", "lat": 7.455332, "lon": 80.637062, "elev_m": 497.9, "prominence_m": 107.2}}, {"type": "Feature", "geometry": {"type": "Point", "coordinates": [80.385617, 6.511909]}, "properties": {"name": "", "lat": 6.511909, "lon": 80.385617, "elev_m": 377.9, "prominence_m": 107.2}}, {"type": "Feature", "geometry": {"type": "Point", "coordinates": [80.90442, 7.123004]}, "properties": {"name": "", "lat": 7.123004, "lon": 80.90442, "elev_m": 1187.8, "prominence_m": 107.1}}, {"type": "Feature", "geometry": {"type": "Point", "coordinates": [81.20057, 6.942963]}, "properties": {"name": "", "lat": 6.942963, "lon": 81.20057, "elev_m": 967.8, "prominence_m": 107.1}}, {"type": "Feature", "geometry": {"type": "Point", "coordinates": [80.751812, 6.517757]}, "properties": {"name": "", "lat": 6.517757, "lon": 80.751812, "elev_m": 337.8, "prominence_m": 107.1}}, {"type": "Feature", "geometry": {"type": "Point", "coordinates": [80.400229, 6.188263]}, "properties": {"name": "", "lat": 6.188263, "lon": 80.400229, "elev_m": 287.8, "prominence_m": 107.1}}, {"type": "Feature", "geometry": {"type": "Point", "coordinates": [80.934495, 8.381485]}, "properties": {"name": "", "lat": 8.381485, "lon": 80.934495, "elev_m": 227.8, "prominence_m": 107.1}}, {"type": "Feature", "geometry": {"type": "Point", "coordinates": [80.499865, 6.419743]}, "properties": {"name": "", "lat": 6.419743, "lon": 80.499865, "elev_m": 807.7, "prominence_m": 107.0}}, {"type": "Feature", "geometry": {"type": "Point", "coordinates": [80.411178, 6.424571]}, "properties": {"name": "", "lat": 6.424571, "lon": 80.411178, "elev_m": 607.7, "prominence_m": 107.0}}, {"type": "Feature", "geometry": {"type": "Point", "coordinates": [81.464343, 7.235089]}, "properties": {"name": "", "lat": 7.235089, "lon": 81.464343, "elev_m": 287.7, "prominence_m": 107.0}}, {"type": "Feature", "geometry": {"type": "Point", "coordinates": [81.279246, 7.38779]}, "properties": {"name": "", "lat": 7.38779, "lon": 81.279246, "elev_m": 227.7, "prominence_m": 107.0}}, {"type": "Feature", "geometry": {"type": "Point", "coordinates": [81.038179, 6.870917]}, "properties": {"name": "", "lat": 6.870917, "lon": 81.038179, "elev_m": 1257.6, "prominence_m": 106.9}}, {"type": "Feature", "geometry": {"type": "Point", "coordinates": [80.899633, 7.494131]}, "properties": {"name": "", "lat": 7.494131, "lon": 80.899633, "elev_m": 387.6, "prominence_m": 106.9}}, {"type": "Feature", "geometry": {"type": "Point", "coordinates": [80.289591, 7.056029]}, "properties": {"name": "", "lat": 7.056029, "lon": 80.289591, "elev_m": 227.6, "prominence_m": 106.9}}, {"type": "Feature", "geometry": {"type": "Point", "coordinates": [80.628084, 7.480016]}, "properties": {"name": "", "lat": 7.480016, "lon": 80.628084, "elev_m": 477.5, "prominence_m": 106.8}}, {"type": "Feature", "geometry": {"type": "Point", "coordinates": [80.705451, 6.336252]}, "properties": {"name": "", "lat": 6.336252, "lon": 80.705451, "elev_m": 607.4, "prominence_m": 106.7}}, {"type": "Feature", "geometry": {"type": "Point", "coordinates": [81.357141, 7.313095]}, "properties": {"name": "", "lat": 7.313095, "lon": 81.357141, "elev_m": 427.4, "prominence_m": 106.7}}, {"type": "Feature", "geometry": {"type": "Point", "coordinates": [81.461694, 6.721024]}, "properties": {"name": "", "lat": 6.721024, "lon": 81.461694, "elev_m": 217.4, "prominence_m": 106.7}}, {"type": "Feature", "geometry": {"type": "Point", "coordinates": [80.822681, 7.251069]}, "properties": {"name": "", "lat": 7.251069, "lon": 80.822681, "elev_m": 967.3, "prominence_m": 106.6}}, {"type": "Feature", "geometry": {"type": "Point", "coordinates": [80.936696, 6.991416]}, "properties": {"name": "", "lat": 6.991416, "lon": 80.936696, "elev_m": 1567.1, "prominence_m": 106.4}}, {"type": "Feature", "geometry": {"type": "Point", "coordinates": [81.375087, 7.116666]}, "properties": {"name": "", "lat": 7.116666, "lon": 81.375087, "elev_m": 407.1, "prominence_m": 106.4}}, {"type": "Feature", "geometry": {"type": "Point", "coordinates": [80.269536, 6.763562]}, "properties": {"name": "", "lat": 6.763562, "lon": 80.269536, "elev_m": 387.1, "prominence_m": 106.4}}, {"type": "Feature", "geometry": {"type": "Point", "coordinates": [80.805349, 8.054623]}, "properties": {"name": "", "lat": 8.054623, "lon": 80.805349, "elev_m": 277.1, "prominence_m": 106.4}}, {"type": "Feature", "geometry": {"type": "Point", "coordinates": [81.036295, 7.382844]}, "properties": {"name": "", "lat": 7.382844, "lon": 81.036295, "elev_m": 227.1, "prominence_m": 106.4}}, {"type": "Feature", "geometry": {"type": "Point", "coordinates": [81.420715, 6.920742]}, "properties": {"name": "", "lat": 6.920742, "lon": 81.420715, "elev_m": 327.0, "prominence_m": 106.3}}, {"type": "Feature", "geometry": {"type": "Point", "coordinates": [80.956681, 6.703836]}, "properties": {"name": "", "lat": 6.703836, "lon": 80.956681, "elev_m": 656.9, "prominence_m": 106.2}}, {"type": "Feature", "geometry": {"type": "Point", "coordinates": [80.287479, 7.254064]}, "properties": {"name": "", "lat": 7.254064, "lon": 80.287479, "elev_m": 276.9, "prominence_m": 106.2}}, {"type": "Feature", "geometry": {"type": "Point", "coordinates": [80.450525, 7.195069]}, "properties": {"name": "", "lat": 7.195069, "lon": 80.450525, "elev_m": 386.8, "prominence_m": 106.1}}, {"type": "Feature", "geometry": {"type": "Point", "coordinates": [80.627706, 7.789283]}, "properties": {"name": "", "lat": 7.789283, "lon": 80.627706, "elev_m": 316.7, "prominence_m": 106.0}}, {"type": "Feature", "geometry": {"type": "Point", "coordinates": [80.210473, 6.678313]}, "properties": {"name": "", "lat": 6.678313, "lon": 80.210473, "elev_m": 286.6, "prominence_m": 105.9}}, {"type": "Feature", "geometry": {"type": "Point", "coordinates": [80.366558, 6.261217]}, "properties": {"name": "", "lat": 6.261217, "lon": 80.366558, "elev_m": 316.4, "prominence_m": 105.7}}, {"type": "Feature", "geometry": {"type": "Point", "coordinates": [80.903309, 7.968066]}, "properties": {"name": "", "lat": 7.968066, "lon": 80.903309, "elev_m": 216.4, "prominence_m": 105.7}}, {"type": "Feature", "geometry": {"type": "Point", "coordinates": [81.404583, 7.237074]}, "properties": {"name": "", "lat": 7.237074, "lon": 81.404583, "elev_m": 706.3, "prominence_m": 105.6}}, {"type": "Feature", "geometry": {"type": "Point", "coordinates": [80.170061, 6.440347]}, "properties": {"name": "", "lat": 6.440347, "lon": 80.170061, "elev_m": 226.3, "prominence_m": 105.6}}, {"type": "Feature", "geometry": {"type": "Point", "coordinates": [80.332171, 6.522987]}, "properties": {"name": "", "lat": 6.522987, "lon": 80.332171, "elev_m": 436.2, "prominence_m": 105.5}}, {"type": "Feature", "geometry": {"type": "Point", "coordinates": [80.648009, 6.156096]}, "properties": {"name": "", "lat": 6.156096, "lon": 80.648009, "elev_m": 226.1, "prominence_m": 105.4}}, {"type": "Feature", "geometry": {"type": "Point", "coordinates": [80.857739, 7.311562]}, "properties": {"name": "", "lat": 7.311562, "lon": 80.857739, "elev_m": 1466.0, "prominence_m": 105.3}}, {"type": "Feature", "geometry": {"type": "Point", "coordinates": [81.125024, 7.208888]}, "properties": {"name": "", "lat": 7.208888, "lon": 81.125024, "elev_m": 356.0, "prominence_m": 105.3}}, {"type": "Feature", "geometry": {"type": "Point", "coordinates": [80.252356, 7.32076]}, "properties": {"name": "", "lat": 7.32076, "lon": 80.252356, "elev_m": 296.0, "prominence_m": 105.3}}, {"type": "Feature", "geometry": {"type": "Point", "coordinates": [80.191848, 7.043981]}, "properties": {"name": "", "lat": 7.043981, "lon": 80.191848, "elev_m": 256.0, "prominence_m": 105.3}}, {"type": "Feature", "geometry": {"type": "Point", "coordinates": [81.119992, 7.017634]}, "properties": {"name": "", "lat": 7.017634, "lon": 81.119992, "elev_m": 1095.9, "prominence_m": 105.2}}, {"type": "Feature", "geometry": {"type": "Point", "coordinates": [80.196527, 7.209467]}, "properties": {"name": "", "lat": 7.209467, "lon": 80.196527, "elev_m": 235.9, "prominence_m": 105.2}}, {"type": "Feature", "geometry": {"type": "Point", "coordinates": [81.289216, 6.820797]}, "properties": {"name": "", "lat": 6.820797, "lon": 81.289216, "elev_m": 385.8, "prominence_m": 105.1}}, {"type": "Feature", "geometry": {"type": "Point", "coordinates": [80.745208, 7.879917]}, "properties": {"name": "", "lat": 7.879917, "lon": 80.745208, "elev_m": 375.8, "prominence_m": 105.1}}, {"type": "Feature", "geometry": {"type": "Point", "coordinates": [80.384535, 6.148371]}, "properties": {"name": "", "lat": 6.148371, "lon": 80.384535, "elev_m": 295.8, "prominence_m": 105.1}}, {"type": "Feature", "geometry": {"type": "Point", "coordinates": [80.733073, 6.763824]}, "properties": {"name": "", "lat": 6.763824, "lon": 80.733073, "elev_m": 1895.6, "prominence_m": 104.9}}, {"type": "Feature", "geometry": {"type": "Point", "coordinates": [80.550191, 6.681842]}, "properties": {"name": "", "lat": 6.681842, "lon": 80.550191, "elev_m": 565.6, "prominence_m": 104.9}}, {"type": "Feature", "geometry": {"type": "Point", "coordinates": [80.538524, 7.721421]}, "properties": {"name": "", "lat": 7.721421, "lon": 80.538524, "elev_m": 475.6, "prominence_m": 104.9}}, {"type": "Feature", "geometry": {"type": "Point", "coordinates": [81.464344, 6.867239]}, "properties": {"name": "", "lat": 6.867239, "lon": 81.464344, "elev_m": 245.6, "prominence_m": 104.9}}, {"type": "Feature", "geometry": {"type": "Point", "coordinates": [81.610985, 7.060149]}, "properties": {"name": "", "lat": 7.060149, "lon": 81.610985, "elev_m": 225.6, "prominence_m": 104.9}}, {"type": "Feature", "geometry": {"type": "Point", "coordinates": [81.380684, 7.24226]}, "properties": {"name": "", "lat": 7.24226, "lon": 81.380684, "elev_m": 615.5, "prominence_m": 104.8}}, {"type": "Feature", "geometry": {"type": "Point", "coordinates": [80.749336, 7.130888]}, "properties": {"name": "", "lat": 7.130888, "lon": 80.749336, "elev_m": 1095.4, "prominence_m": 104.7}}, {"type": "Feature", "geometry": {"type": "Point", "coordinates": [81.328625, 6.867415]}, "properties": {"name": "", "lat": 6.867415, "lon": 81.328625, "elev_m": 295.4, "prominence_m": 104.7}}, {"type": "Feature", "geometry": {"type": "Point", "coordinates": [80.522834, 7.580344]}, "properties": {"name": "", "lat": 7.580344, "lon": 80.522834, "elev_m": 275.4, "prominence_m": 104.7}}, {"type": "Feature", "geometry": {"type": "Point", "coordinates": [80.327658, 7.00398]}, "properties": {"name": "", "lat": 7.00398, "lon": 80.327658, "elev_m": 245.4, "prominence_m": 104.7}}, {"type": "Feature", "geometry": {"type": "Point", "coordinates": [80.379157, 6.786994]}, "properties": {"name": "", "lat": 6.786994, "lon": 80.379157, "elev_m": 225.4, "prominence_m": 104.7}}, {"type": "Feature", "geometry": {"type": "Point", "coordinates": [81.173202, 6.676037]}, "properties": {"name": "", "lat": 6.676037, "lon": 81.173202, "elev_m": 275.3, "prominence_m": 104.6}}, {"type": "Feature", "geometry": {"type": "Point", "coordinates": [80.637979, 7.125171]}, "properties": {"name": "", "lat": 7.125171, "lon": 80.637979, "elev_m": 1205.2, "prominence_m": 104.5}}, {"type": "Feature", "geometry": {"type": "Point", "coordinates": [80.626676, 7.623798]}, "properties": {"name": "", "lat": 7.623798, "lon": 80.626676, "elev_m": 545.2, "prominence_m": 104.5}}, {"type": "Feature", "geometry": {"type": "Point", "coordinates": [81.310416, 7.087175]}, "properties": {"name": "", "lat": 7.087175, "lon": 81.310416, "elev_m": 525.2, "prominence_m": 104.5}}, {"type": "Feature", "geometry": {"type": "Point", "coordinates": [80.254963, 6.937983]}, "properties": {"name": "", "lat": 6.937983, "lon": 80.254963, "elev_m": 285.2, "prominence_m": 104.5}}, {"type": "Feature", "geometry": {"type": "Point", "coordinates": [80.492332, 6.788702]}, "properties": {"name": "", "lat": 6.788702, "lon": 80.492332, "elev_m": 1845.1, "prominence_m": 104.4}}, {"type": "Feature", "geometry": {"type": "Point", "coordinates": [80.352376, 7.288854]}, "properties": {"name": "", "lat": 7.288854, "lon": 80.352376, "elev_m": 325.1, "prominence_m": 104.4}}, {"type": "Feature", "geometry": {"type": "Point", "coordinates": [80.488982, 6.943337]}, "properties": {"name": "", "lat": 6.943337, "lon": 80.488982, "elev_m": 984.9, "prominence_m": 104.2}}, {"type": "Feature", "geometry": {"type": "Point", "coordinates": [81.091543, 6.698885]}, "properties": {"name": "", "lat": 6.698885, "lon": 81.091543, "elev_m": 354.9, "prominence_m": 104.2}}, {"type": "Feature", "geometry": {"type": "Point", "coordinates": [80.777853, 6.531865]}, "properties": {"name": "", "lat": 6.531865, "lon": 80.777853, "elev_m": 314.9, "prominence_m": 104.2}}, {"type": "Feature", "geometry": {"type": "Point", "coordinates": [81.453405, 7.186547]}, "properties": {"name": "Dorapuruwagoda", "lat": 7.186547, "lon": 81.453405, "elev_m": 204.9, "prominence_m": 104.2}}, {"type": "Feature", "geometry": {"type": "Point", "coordinates": [80.646985, 6.968908]}, "properties": {"name": "Hunuketiyagala", "lat": 6.968908, "lon": 80.646985, "elev_m": 1444.8, "prominence_m": 104.1}}, {"type": "Feature", "geometry": {"type": "Point", "coordinates": [80.571362, 7.290634]}, "properties": {"name": "", "lat": 7.290634, "lon": 80.571362, "elev_m": 664.8, "prominence_m": 104.1}}, {"type": "Feature", "geometry": {"type": "Point", "coordinates": [80.544771, 7.220628]}, "properties": {"name": "", "lat": 7.220628, "lon": 80.544771, "elev_m": 674.7, "prominence_m": 104.0}}, {"type": "Feature", "geometry": {"type": "Point", "coordinates": [80.672904, 7.606178]}, "properties": {"name": "", "lat": 7.606178, "lon": 80.672904, "elev_m": 564.7, "prominence_m": 104.0}}, {"type": "Feature", "geometry": {"type": "Point", "coordinates": [81.325692, 7.145212]}, "properties": {"name": "Kirikekumangoda", "lat": 7.145212, "lon": 81.325692, "elev_m": 324.7, "prominence_m": 104.0}}, {"type": "Feature", "geometry": {"type": "Point", "coordinates": [81.494581, 6.939354]}, "properties": {"name": "", "lat": 6.939354, "lon": 81.494581, "elev_m": 204.7, "prominence_m": 104.0}}, {"type": "Feature", "geometry": {"type": "Point", "coordinates": [81.321527, 7.067901]}, "properties": {"name": "", "lat": 7.067901, "lon": 81.321527, "elev_m": 614.6, "prominence_m": 103.9}}, {"type": "Feature", "geometry": {"type": "Point", "coordinates": [81.332019, 6.984877]}, "properties": {"name": "", "lat": 6.984877, "lon": 81.332019, "elev_m": 534.6, "prominence_m": 103.9}}, {"type": "Feature", "geometry": {"type": "Point", "coordinates": [81.288791, 7.416807]}, "properties": {"name": "", "lat": 7.416807, "lon": 81.288791, "elev_m": 224.5, "prominence_m": 103.8}}, {"type": "Feature", "geometry": {"type": "Point", "coordinates": [80.77079, 7.328118]}, "properties": {"name": "", "lat": 7.328118, "lon": 80.77079, "elev_m": 924.4, "prominence_m": 103.7}}, {"type": "Feature", "geometry": {"type": "Point", "coordinates": [81.020134, 6.612653]}, "properties": {"name": "", "lat": 6.612653, "lon": 81.020134, "elev_m": 254.4, "prominence_m": 103.7}}, {"type": "Feature", "geometry": {"type": "Point", "coordinates": [81.286274, 7.354958]}, "properties": {"name": "", "lat": 7.354958, "lon": 81.286274, "elev_m": 234.4, "prominence_m": 103.7}}, {"type": "Feature", "geometry": {"type": "Point", "coordinates": [80.608313, 6.523698]}, "properties": {"name": "", "lat": 6.523698, "lon": 80.608313, "elev_m": 354.3, "prominence_m": 103.6}}, {"type": "Feature", "geometry": {"type": "Point", "coordinates": [80.926156, 7.146057]}, "properties": {"name": "", "lat": 7.146057, "lon": 80.926156, "elev_m": 1104.2, "prominence_m": 103.5}}, {"type": "Feature", "geometry": {"type": "Point", "coordinates": [80.554361, 7.051076]}, "properties": {"name": "", "lat": 7.051076, "lon": 80.554361, "elev_m": 794.2, "prominence_m": 103.5}}, {"type": "Feature", "geometry": {"type": "Point", "coordinates": [80.700719, 7.127356]}, "properties": {"name": "", "lat": 7.127356, "lon": 80.700719, "elev_m": 1694.1, "prominence_m": 103.4}}, {"type": "Feature", "geometry": {"type": "Point", "coordinates": [80.367136, 6.88058]}, "properties": {"name": "", "lat": 6.88058, "lon": 80.367136, "elev_m": 344.1, "prominence_m": 103.4}}, {"type": "Feature", "geometry": {"type": "Point", "coordinates": [81.283384, 7.441499]}, "properties": {"name": "", "lat": 7.441499, "lon": 81.283384, "elev_m": 224.1, "prominence_m": 103.4}}, {"type": "Feature", "geometry": {"type": "Point", "coordinates": [80.777583, 7.357418]}, "properties": {"name": "", "lat": 7.357418, "lon": 80.777583, "elev_m": 1104.0, "prominence_m": 103.3}}, {"type": "Feature", "geometry": {"type": "Point", "coordinates": [80.75696, 6.650694]}, "properties": {"name": "", "lat": 6.650694, "lon": 80.75696, "elev_m": 664.0, "prominence_m": 103.3}}, {"type": "Feature", "geometry": {"type": "Point", "coordinates": [81.163837, 6.841532]}, "properties": {"name": "", "lat": 6.841532, "lon": 81.163837, "elev_m": 644.0, "prominence_m": 103.3}}, {"type": "Feature", "geometry": {"type": "Point", "coordinates": [80.710147, 7.649863]}, "properties": {"name": "", "lat": 7.649863, "lon": 80.710147, "elev_m": 333.9, "prominence_m": 103.2}}, {"type": "Feature", "geometry": {"type": "Point", "coordinates": [81.261038, 7.631962]}, "properties": {"name": "", "lat": 7.631962, "lon": 81.261038, "elev_m": 273.9, "prominence_m": 103.2}}, {"type": "Feature", "geometry": {"type": "Point", "coordinates": [80.291146, 6.305916]}, "properties": {"name": "", "lat": 6.305916, "lon": 80.291146, "elev_m": 263.9, "prominence_m": 103.2}}, {"type": "Feature", "geometry": {"type": "Point", "coordinates": [80.866517, 7.714424]}, "properties": {"name": "", "lat": 7.714424, "lon": 80.866517, "elev_m": 253.9, "prominence_m": 103.2}}, {"type": "Feature", "geometry": {"type": "Point", "coordinates": [81.457723, 6.792376]}, "properties": {"name": "", "lat": 6.792376, "lon": 81.457723, "elev_m": 253.9, "prominence_m": 103.2}}, {"type": "Feature", "geometry": {"type": "Point", "coordinates": [80.642657, 6.912206]}, "properties": {"name": "", "lat": 6.912206, "lon": 80.642657, "elev_m": 1593.8, "prominence_m": 103.1}}, {"type": "Feature", "geometry": {"type": "Point", "coordinates": [80.460393, 7.0654]}, "properties": {"name": "", "lat": 7.0654, "lon": 80.460393, "elev_m": 1133.8, "prominence_m": 103.1}}, {"type": "Feature", "geometry": {"type": "Point", "coordinates": [81.556042, 7.004634]}, "properties": {"name": "", "lat": 7.004634, "lon": 81.556042, "elev_m": 363.8, "prominence_m": 103.1}}, {"type": "Feature", "geometry": {"type": "Point", "coordinates": [81.288577, 7.696223]}, "properties": {"name": "", "lat": 7.696223, "lon": 81.288577, "elev_m": 213.8, "prominence_m": 103.1}}, {"type": "Feature", "geometry": {"type": "Point", "coordinates": [80.564667, 8.186141]}, "properties": {"name": "", "lat": 8.186141, "lon": 80.564667, "elev_m": 233.7, "prominence_m": 103.0}}, {"type": "Feature", "geometry": {"type": "Point", "coordinates": [80.745839, 6.595348]}, "properties": {"name": "", "lat": 6.595348, "lon": 80.745839, "elev_m": 713.6, "prominence_m": 102.9}}, {"type": "Feature", "geometry": {"type": "Point", "coordinates": [80.848811, 7.547857]}, "properties": {"name": "", "lat": 7.547857, "lon": 80.848811, "elev_m": 303.6, "prominence_m": 102.9}}, {"type": "Feature", "geometry": {"type": "Point", "coordinates": [80.765652, 6.224208]}, "properties": {"name": "", "lat": 6.224208, "lon": 80.765652, "elev_m": 233.6, "prominence_m": 102.9}}, {"type": "Feature", "geometry": {"type": "Point", "coordinates": [80.149897, 8.079646]}, "properties": {"name": "", "lat": 8.079646, "lon": 80.149897, "elev_m": 203.6, "prominence_m": 102.9}}, {"type": "Feature", "geometry": {"type": "Point", "coordinates": [80.402872, 7.336102]}, "properties": {"name": "", "lat": 7.336102, "lon": 80.402872, "elev_m": 203.6, "prominence_m": 102.9}}, {"type": "Feature", "geometry": {"type": "Point", "coordinates": [80.672617, 6.452092]}, "properties": {"name": "", "lat": 6.452092, "lon": 80.672617, "elev_m": 1003.5, "prominence_m": 102.8}}, {"type": "Feature", "geometry": {"type": "Point", "coordinates": [80.332178, 6.514577]}, "properties": {"name": "", "lat": 6.514577, "lon": 80.332178, "elev_m": 503.5, "prominence_m": 102.8}}, {"type": "Feature", "geometry": {"type": "Point", "coordinates": [80.301324, 7.000156]}, "properties": {"name": "", "lat": 7.000156, "lon": 80.301324, "elev_m": 253.5, "prominence_m": 102.8}}, {"type": "Feature", "geometry": {"type": "Point", "coordinates": [80.965944, 6.799329]}, "properties": {"name": "", "lat": 6.799329, "lon": 80.965944, "elev_m": 1553.3, "prominence_m": 102.6}}, {"type": "Feature", "geometry": {"type": "Point", "coordinates": [80.773777, 7.685135]}, "properties": {"name": "", "lat": 7.685135, "lon": 80.773777, "elev_m": 363.1, "prominence_m": 102.4}}, {"type": "Feature", "geometry": {"type": "Point", "coordinates": [80.166684, 7.181487]}, "properties": {"name": "", "lat": 7.181487, "lon": 80.166684, "elev_m": 203.1, "prominence_m": 102.4}}, {"type": "Feature", "geometry": {"type": "Point", "coordinates": [80.617048, 6.347898]}, "properties": {"name": "", "lat": 6.347898, "lon": 80.617048, "elev_m": 823.0, "prominence_m": 102.3}}, {"type": "Feature", "geometry": {"type": "Point", "coordinates": [80.631095, 6.538898]}, "properties": {"name": "", "lat": 6.538898, "lon": 80.631095, "elev_m": 473.0, "prominence_m": 102.3}}, {"type": "Feature", "geometry": {"type": "Point", "coordinates": [81.386329, 6.991049]}, "properties": {"name": "", "lat": 6.991049, "lon": 81.386329, "elev_m": 293.0, "prominence_m": 102.3}}, {"type": "Feature", "geometry": {"type": "Point", "coordinates": [81.427783, 7.498006]}, "properties": {"name": "", "lat": 7.498006, "lon": 81.427783, "elev_m": 243.0, "prominence_m": 102.3}}, {"type": "Feature", "geometry": {"type": "Point", "coordinates": [80.480158, 6.260751]}, "properties": {"name": "", "lat": 6.260751, "lon": 80.480158, "elev_m": 233.0, "prominence_m": 102.3}}, {"type": "Feature", "geometry": {"type": "Point", "coordinates": [80.212328, 7.172593]}, "properties": {"name": "", "lat": 7.172593, "lon": 80.212328, "elev_m": 292.9, "prominence_m": 102.2}}, {"type": "Feature", "geometry": {"type": "Point", "coordinates": [80.738375, 8.223631]}, "properties": {"name": "", "lat": 8.223631, "lon": 80.738375, "elev_m": 232.9, "prominence_m": 102.2}}, {"type": "Feature", "geometry": {"type": "Point", "coordinates": [80.491197, 6.87226]}, "properties": {"name": "", "lat": 6.87226, "lon": 80.491197, "elev_m": 1442.8, "prominence_m": 102.1}}, {"type": "Feature", "geometry": {"type": "Point", "coordinates": [81.103698, 7.014118]}, "properties": {"name": "", "lat": 7.014118, "lon": 81.103698, "elev_m": 1202.8, "prominence_m": 102.1}}, {"type": "Feature", "geometry": {"type": "Point", "coordinates": [80.439838, 7.320939]}, "properties": {"name": "", "lat": 7.320939, "lon": 80.439838, "elev_m": 552.8, "prominence_m": 102.1}}, {"type": "Feature", "geometry": {"type": "Point", "coordinates": [80.808853, 7.61894]}, "properties": {"name": "", "lat": 7.61894, "lon": 80.808853, "elev_m": 412.8, "prominence_m": 102.1}}, {"type": "Feature", "geometry": {"type": "Point", "coordinates": [81.443738, 7.262518]}, "properties": {"name": "", "lat": 7.262518, "lon": 81.443738, "elev_m": 222.8, "prominence_m": 102.1}}, {"type": "Feature", "geometry": {"type": "Point", "coordinates": [80.87934, 6.691378]}, "properties": {"name": "", "lat": 6.691378, "lon": 80.87934, "elev_m": 642.7, "prominence_m": 102.0}}, {"type": "Feature", "geometry": {"type": "Point", "coordinates": [80.789825, 7.774659]}, "properties": {"name": "", "lat": 7.774659, "lon": 80.789825, "elev_m": 362.6, "prominence_m": 101.9}}, {"type": "Feature", "geometry": {"type": "Point", "coordinates": [81.268519, 6.752726]}, "properties": {"name": "", "lat": 6.752726, "lon": 81.268519, "elev_m": 332.6, "prominence_m": 101.9}}, {"type": "Feature", "geometry": {"type": "Point", "coordinates": [81.391096, 7.106336]}, "properties": {"name": "", "lat": 7.106336, "lon": 81.391096, "elev_m": 302.6, "prominence_m": 101.9}}, {"type": "Feature", "geometry": {"type": "Point", "coordinates": [80.449433, 7.202665]}, "properties": {"name": "", "lat": 7.202665, "lon": 80.449433, "elev_m": 372.5, "prominence_m": 101.8}}, {"type": "Feature", "geometry": {"type": "Point", "coordinates": [80.418668, 7.625033]}, "properties": {"name": "", "lat": 7.625033, "lon": 80.418668, "elev_m": 432.3, "prominence_m": 101.6}}, {"type": "Feature", "geometry": {"type": "Point", "coordinates": [80.897999, 7.483551]}, "properties": {"name": "", "lat": 7.483551, "lon": 80.897999, "elev_m": 412.3, "prominence_m": 101.6}}, {"type": "Feature", "geometry": {"type": "Point", "coordinates": [80.326042, 6.70122]}, "properties": {"name": "", "lat": 6.70122, "lon": 80.326042, "elev_m": 262.3, "prominence_m": 101.6}}, {"type": "Feature", "geometry": {"type": "Point", "coordinates": [80.625842, 7.676699]}, "properties": {"name": "", "lat": 7.676699, "lon": 80.625842, "elev_m": 492.2, "prominence_m": 101.5}}, {"type": "Feature", "geometry": {"type": "Point", "coordinates": [80.514474, 7.465856]}, "properties": {"name": "", "lat": 7.465856, "lon": 80.514474, "elev_m": 372.2, "prominence_m": 101.5}}, {"type": "Feature", "geometry": {"type": "Point", "coordinates": [80.468165, 7.22004]}, "properties": {"name": "", "lat": 7.22004, "lon": 80.468165, "elev_m": 332.2, "prominence_m": 101.5}}, {"type": "Feature", "geometry": {"type": "Point", "coordinates": [80.256601, 6.929846]}, "properties": {"name": "", "lat": 6.929846, "lon": 80.256601, "elev_m": 282.2, "prominence_m": 101.5}}, {"type": "Feature", "geometry": {"type": "Point", "coordinates": [80.237004, 7.207889]}, "properties": {"name": "", "lat": 7.207889, "lon": 80.237004, "elev_m": 262.2, "prominence_m": 101.5}}, {"type": "Feature", "geometry": {"type": "Point", "coordinates": [80.353838, 7.465732]}, "properties": {"name": "", "lat": 7.465732, "lon": 80.353838, "elev_m": 242.2, "prominence_m": 101.5}}, {"type": "Feature", "geometry": {"type": "Point", "coordinates": [80.560888, 7.030732]}, "properties": {"name": "", "lat": 7.030732, "lon": 80.560888, "elev_m": 1092.1, "prominence_m": 101.4}}, {"type": "Feature", "geometry": {"type": "Point", "coordinates": [80.586026, 7.310716]}, "properties": {"name": "", "lat": 7.310716, "lon": 80.586026, "elev_m": 732.1, "prominence_m": 101.4}}, {"type": "Feature", "geometry": {"type": "Point", "coordinates": [80.846763, 6.590732]}, "properties": {"name": "", "lat": 6.590732, "lon": 80.846763, "elev_m": 572.1, "prominence_m": 101.4}}, {"type": "Feature", "geometry": {"type": "Point", "coordinates": [80.734724, 6.491711]}, "properties": {"name": "", "lat": 6.491711, "lon": 80.734724, "elev_m": 302.1, "prominence_m": 101.4}}, {"type": "Feature", "geometry": {"type": "Point", "coordinates": [80.512498, 7.127287]}, "properties": {"name": "", "lat": 7.127287, "lon": 80.512498, "elev_m": 822.0, "prominence_m": 101.3}}, {"type": "Feature", "geometry": {"type": "Point", "coordinates": [80.383532, 7.075379]}, "properties": {"name": "", "lat": 7.075379, "lon": 80.383532, "elev_m": 751.9, "prominence_m": 101.2}}, {"type": "Feature", "geometry": {"type": "Point", "coordinates": [80.20109, 6.580096]}, "properties": {"name": "", "lat": 6.580096, "lon": 80.20109, "elev_m": 231.8, "prominence_m": 101.1}}, {"type": "Feature", "geometry": {"type": "Point", "coordinates": [80.147627, 7.213743]}, "properties": {"name": "", "lat": 7.213743, "lon": 80.147627, "elev_m": 211.8, "prominence_m": 101.1}}, {"type": "Feature", "geometry": {"type": "Point", "coordinates": [80.806669, 7.494418]}, "properties": {"name": "", "lat": 7.494418, "lon": 80.806669, "elev_m": 1051.7, "prominence_m": 101.0}}, {"type": "Feature", "geometry": {"type": "Point", "coordinates": [80.381893, 7.399022]}, "properties": {"name": "", "lat": 7.399022, "lon": 80.381893, "elev_m": 301.5, "prominence_m": 100.8}}, {"type": "Feature", "geometry": {"type": "Point", "coordinates": [81.364147, 7.056184]}, "properties": {"name": "", "lat": 7.056184, "lon": 81.364147, "elev_m": 271.5, "prominence_m": 100.8}}, {"type": "Feature", "geometry": {"type": "Point", "coordinates": [80.825447, 7.690829]}, "properties": {"name": "", "lat": 7.690829, "lon": 80.825447, "elev_m": 251.5, "prominence_m": 100.8}}, {"type": "Feature", "geometry": {"type": "Point", "coordinates": [80.185091, 6.574652]}, "properties": {"name": "", "lat": 6.574652, "lon": 80.185091, "elev_m": 221.5, "prominence_m": 100.8}}, {"type": "Feature", "geometry": {"type": "Point", "coordinates": [80.433566, 7.696663]}, "properties": {"name": "", "lat": 7.696663, "lon": 80.433566, "elev_m": 211.5, "prominence_m": 100.8}}, {"type": "Feature", "geometry": {"type": "Point", "coordinates": [80.714234, 7.591536]}, "properties": {"name": "Karagahatenna", "lat": 7.591536, "lon": 80.714234, "elev_m": 1291.4, "prominence_m": 100.7}}, {"type": "Feature", "geometry": {"type": "Point", "coordinates": [80.682694, 7.600483]}, "properties": {"name": "", "lat": 7.600483, "lon": 80.682694, "elev_m": 641.4, "prominence_m": 100.7}}, {"type": "Feature", "geometry": {"type": "Point", "coordinates": [80.307353, 6.945091]}, "properties": {"name": "", "lat": 6.945091, "lon": 80.307353, "elev_m": 311.4, "prominence_m": 100.7}}, {"type": "Feature", "geometry": {"type": "Point", "coordinates": [81.404527, 7.196382]}, "properties": {"name": "", "lat": 7.196382, "lon": 81.404527, "elev_m": 301.4, "prominence_m": 100.7}}, {"type": "Feature", "geometry": {"type": "Point", "coordinates": [80.716781, 6.831918]}, "properties": {"name": "", "lat": 6.831918, "lon": 80.716781, "elev_m": 1781.3, "prominence_m": 100.6}}, {"type": "Feature", "geometry": {"type": "Point", "coordinates": [80.901771, 7.362826]}, "properties": {"name": "", "lat": 7.362826, "lon": 80.901771, "elev_m": 731.3, "prominence_m": 100.6}}, {"type": "Feature", "geometry": {"type": "Point", "coordinates": [80.381873, 7.110374]}, "properties": {"name": "", "lat": 7.110374, "lon": 80.381873, "elev_m": 561.3, "prominence_m": 100.6}}, {"type": "Feature", "geometry": {"type": "Point", "coordinates": [81.459421, 7.392705]}, "properties": {"name": "", "lat": 7.392705, "lon": 81.459421, "elev_m": 391.3, "prominence_m": 100.6}}, {"type": "Feature", "geometry": {"type": "Point", "coordinates": [81.031147, 7.409162]}, "properties": {"name": "", "lat": 7.409162, "lon": 81.031147, "elev_m": 211.3, "prominence_m": 100.6}}, {"type": "Feature", "geometry": {"type": "Point", "coordinates": [80.512356, 6.388821]}, "properties": {"name": "", "lat": 6.388821, "lon": 80.512356, "elev_m": 931.2, "prominence_m": 100.5}}, {"type": "Feature", "geometry": {"type": "Point", "coordinates": [80.18775, 6.845668]}, "properties": {"name": "", "lat": 6.845668, "lon": 80.18775, "elev_m": 291.2, "prominence_m": 100.5}}, {"type": "Feature", "geometry": {"type": "Point", "coordinates": [80.478441, 6.417832]}, "properties": {"name": "", "lat": 6.417832, "lon": 80.478441, "elev_m": 681.1, "prominence_m": 100.4}}, {"type": "Feature", "geometry": {"type": "Point", "coordinates": [81.117398, 7.537964]}, "properties": {"name": "", "lat": 7.537964, "lon": 81.117398, "elev_m": 301.1, "prominence_m": 100.4}}, {"type": "Feature", "geometry": {"type": "Point", "coordinates": [80.812086, 7.248357]}, "properties": {"name": "", "lat": 7.248357, "lon": 80.812086, "elev_m": 851.0, "prominence_m": 100.3}}, {"type": "Feature", "geometry": {"type": "Point", "coordinates": [80.87795, 7.758641]}, "properties": {"name": "", "lat": 7.758641, "lon": 80.87795, "elev_m": 351.0, "prominence_m": 100.3}}, {"type": "Feature", "geometry": {"type": "Point", "coordinates": [80.182282, 7.092256]}, "properties": {"name": "", "lat": 7.092256, "lon": 80.182282, "elev_m": 241.0, "prominence_m": 100.3}}, {"type": "Feature", "geometry": {"type": "Point", "coordinates": [81.365595, 6.688595]}, "properties": {"name": "", "lat": 6.688595, "lon": 81.365595, "elev_m": 211.0, "prominence_m": 100.3}}, {"type": "Feature", "geometry": {"type": "Point", "coordinates": [80.436558, 6.182047]}, "properties": {"name": "", "lat": 6.182047, "lon": 80.436558, "elev_m": 250.9, "prominence_m": 100.2}}, {"type": "Feature", "geometry": {"type": "Point", "coordinates": [80.19013, 6.672049]}, "properties": {"name": "", "lat": 6.672049, "lon": 80.19013, "elev_m": 240.9, "prominence_m": 100.2}}, {"type": "Feature", "geometry": {"type": "Point", "coordinates": [81.453938, 7.360704]}, "properties": {"name": "", "lat": 7.360704, "lon": 81.453938, "elev_m": 220.9, "prominence_m": 100.2}}, {"type": "Feature", "geometry": {"type": "Point", "coordinates": [81.140385, 7.052614]}, "properties": {"name": "", "lat": 7.052614, "lon": 81.140385, "elev_m": 1230.8, "prominence_m": 100.1}}, {"type": "Feature", "geometry": {"type": "Point", "coordinates": [80.279193, 6.329507]}, "properties": {"name": "", "lat": 6.329507, "lon": 80.279193, "elev_m": 330.8, "prominence_m": 100.1}}, {"type": "Feature", "geometry": {"type": "Point", "coordinates": [80.386036, 7.004032]}, "properties": {"name": "", "lat": 7.004032, "lon": 80.386036, "elev_m": 240.8, "prominence_m": 100.1}}, {"type": "Feature", "geometry": {"type": "Point", "coordinates": [81.057165, 8.501319]}, "properties": {"name": "", "lat": 8.501319, "lon": 81.057165, "elev_m": 210.8, "prominence_m": 100.1}}, {"type": "Feature", "geometry": {"type": "Point", "coordinates": [81.340234, 6.813958]}, "properties": {"name": "", "lat": 6.813958, "lon": 81.340234, "elev_m": 380.7, "prominence_m": 100.0}}, {"type": "Feature", "geometry": {"type": "Point", "coordinates": [80.312388, 7.069617]}, "properties": {"name": "", "lat": 7.069617, "lon": 80.312388, "elev_m": 310.7, "prominence_m": 100.0}}, {"type": "Feature", "geometry": {"type": "Point", "coordinates": [80.720225, 7.522359]}, "properties": {"name": "", "lat": 7.522359, "lon": 80.720225, "elev_m": 1110.6, "prominence_m": 99.9}}, {"type": "Feature", "geometry": {"type": "Point", "coordinates": [80.506359, 6.447419]}, "properties": {"name": "", "lat": 6.447419, "lon": 80.506359, "elev_m": 570.6, "prominence_m": 99.9}}, {"type": "Feature", "geometry": {"type": "Point", "coordinates": [81.17108, 7.064798]}, "properties": {"name": "", "lat": 7.064798, "lon": 81.17108, "elev_m": 1330.4, "prominence_m": 99.7}}, {"type": "Feature", "geometry": {"type": "Point", "coordinates": [80.640068, 6.459952]}, "properties": {"name": "Kurulugala Peak", "lat": 6.459952, "lon": 80.640068, "elev_m": 1090.4, "prominence_m": 99.7}}, {"type": "Feature", "geometry": {"type": "Point", "coordinates": [80.754245, 6.68759]}, "properties": {"name": "", "lat": 6.68759, "lon": 80.754245, "elev_m": 600.4, "prominence_m": 99.7}}, {"type": "Feature", "geometry": {"type": "Point", "coordinates": [80.253647, 6.386724]}, "properties": {"name": "", "lat": 6.386724, "lon": 80.253647, "elev_m": 200.4, "prominence_m": 99.7}}, {"type": "Feature", "geometry": {"type": "Point", "coordinates": [80.931745, 6.796085]}, "properties": {"name": "", "lat": 6.796085, "lon": 80.931745, "elev_m": 1380.3, "prominence_m": 99.6}}, {"type": "Feature", "geometry": {"type": "Point", "coordinates": [80.65095, 6.326475]}, "properties": {"name": "", "lat": 6.326475, "lon": 80.65095, "elev_m": 500.3, "prominence_m": 99.6}}, {"type": "Feature", "geometry": {"type": "Point", "coordinates": [80.349121, 6.364838]}, "properties": {"name": "", "lat": 6.364838, "lon": 80.349121, "elev_m": 200.3, "prominence_m": 99.6}}, {"type": "Feature", "geometry": {"type": "Point", "coordinates": [81.432361, 7.469787]}, "properties": {"name": "", "lat": 7.469787, "lon": 81.432361, "elev_m": 470.2, "prominence_m": 99.5}}, {"type": "Feature", "geometry": {"type": "Point", "coordinates": [80.44171, 7.361091]}, "properties": {"name": "", "lat": 7.361091, "lon": 80.44171, "elev_m": 400.2, "prominence_m": 99.5}}, {"type": "Feature", "geometry": {"type": "Point", "coordinates": [80.337041, 7.132036]}, "properties": {"name": "", "lat": 7.132036, "lon": 80.337041, "elev_m": 310.2, "prominence_m": 99.5}}, {"type": "Feature", "geometry": {"type": "Point", "coordinates": [81.528091, 7.013902]}, "properties": {"name": "", "lat": 7.013902, "lon": 81.528091, "elev_m": 240.2, "prominence_m": 99.5}}, {"type": "Feature", "geometry": {"type": "Point", "coordinates": [80.74637, 6.79204]}, "properties": {"name": "", "lat": 6.79204, "lon": 80.74637, "elev_m": 2120.1, "prominence_m": 99.4}}, {"type": "Feature", "geometry": {"type": "Point", "coordinates": [80.79281, 7.593711]}, "properties": {"name": "", "lat": 7.593711, "lon": 80.79281, "elev_m": 650.1, "prominence_m": 99.4}}, {"type": "Feature", "geometry": {"type": "Point", "coordinates": [80.674624, 7.220947]}, "properties": {"name": "", "lat": 7.220947, "lon": 80.674624, "elev_m": 1080.0, "prominence_m": 99.3}}, {"type": "Feature", "geometry": {"type": "Point", "coordinates": [80.953677, 6.653104]}, "properties": {"name": "", "lat": 6.653104, "lon": 80.953677, "elev_m": 500.0, "prominence_m": 99.3}}, {"type": "Feature", "geometry": {"type": "Point", "coordinates": [80.29442, 7.112733]}, "properties": {"name": "", "lat": 7.112733, "lon": 80.29442, "elev_m": 300.0, "prominence_m": 99.3}}, {"type": "Feature", "geometry": {"type": "Point", "coordinates": [80.313263, 7.008578]}, "properties": {"name": "", "lat": 7.008578, "lon": 80.313263, "elev_m": 250.0, "prominence_m": 99.3}}, {"type": "Feature", "geometry": {"type": "Point", "coordinates": [80.42358, 6.906397]}, "properties": {"name": "", "lat": 6.906397, "lon": 80.42358, "elev_m": 479.9, "prominence_m": 99.2}}, {"type": "Feature", "geometry": {"type": "Point", "coordinates": [81.436967, 7.460286]}, "properties": {"name": "", "lat": 7.460286, "lon": 81.436967, "elev_m": 459.9, "prominence_m": 99.2}}, {"type": "Feature", "geometry": {"type": "Point", "coordinates": [80.597562, 6.236387]}, "properties": {"name": "", "lat": 6.236387, "lon": 80.597562, "elev_m": 319.9, "prominence_m": 99.2}}, {"type": "Feature", "geometry": {"type": "Point", "coordinates": [81.267946, 6.722885]}, "properties": {"name": "", "lat": 6.722885, "lon": 81.267946, "elev_m": 479.6, "prominence_m": 98.9}}, {"type": "Feature", "geometry": {"type": "Point", "coordinates": [80.581542, 6.303935]}, "properties": {"name": "", "lat": 6.303935, "lon": 80.581542, "elev_m": 409.6, "prominence_m": 98.9}}, {"type": "Feature", "geometry": {"type": "Point", "coordinates": [80.481337, 7.011698]}, "properties": {"name": "", "lat": 7.011698, "lon": 80.481337, "elev_m": 809.5, "prominence_m": 98.8}}, {"type": "Feature", "geometry": {"type": "Point", "coordinates": [80.566954, 7.420037]}, "properties": {"name": "", "lat": 7.420037, "lon": 80.566954, "elev_m": 749.5, "prominence_m": 98.8}}, {"type": "Feature", "geometry": {"type": "Point", "coordinates": [80.412021, 6.381978]}, "properties": {"name": "", "lat": 6.381978, "lon": 80.412021, "elev_m": 329.5, "prominence_m": 98.8}}, {"type": "Feature", "geometry": {"type": "Point", "coordinates": [80.209816, 7.226575]}, "properties": {"name": "", "lat": 7.226575, "lon": 80.209816, "elev_m": 309.5, "prominence_m": 98.8}}, {"type": "Feature", "geometry": {"type": "Point", "coordinates": [81.327355, 6.942833]}, "properties": {"name": "", "lat": 6.942833, "lon": 81.327355, "elev_m": 529.4, "prominence_m": 98.7}}, {"type": "Feature", "geometry": {"type": "Point", "coordinates": [80.654916, 7.758908]}, "properties": {"name": "", "lat": 7.758908, "lon": 80.654916, "elev_m": 509.4, "prominence_m": 98.7}}, {"type": "Feature", "geometry": {"type": "Point", "coordinates": [81.437529, 6.908511]}, "properties": {"name": "", "lat": 6.908511, "lon": 81.437529, "elev_m": 219.4, "prominence_m": 98.7}}, {"type": "Feature", "geometry": {"type": "Point", "coordinates": [80.361678, 7.218057]}, "properties": {"name": "", "lat": 7.218057, "lon": 80.361678, "elev_m": 319.3, "prominence_m": 98.6}}, {"type": "Feature", "geometry": {"type": "Point", "coordinates": [80.53039, 8.138105]}, "properties": {"name": "", "lat": 8.138105, "lon": 80.53039, "elev_m": 259.3, "prominence_m": 98.6}}, {"type": "Feature", "geometry": {"type": "Point", "coordinates": [80.793326, 6.859051]}, "properties": {"name": "", "lat": 6.859051, "lon": 80.793326, "elev_m": 2109.2, "prominence_m": 98.5}}, {"type": "Feature", "geometry": {"type": "Point", "coordinates": [80.150846, 7.242774]}, "properties": {"name": "", "lat": 7.242774, "lon": 80.150846, "elev_m": 209.2, "prominence_m": 98.5}}, {"type": "Feature", "geometry": {"type": "Point", "coordinates": [80.534801, 7.065987]}, "properties": {"name": "", "lat": 7.065987, "lon": 80.534801, "elev_m": 829.1, "prominence_m": 98.4}}, {"type": "Feature", "geometry": {"type": "Point", "coordinates": [80.343524, 7.169209]}, "properties": {"name": "", "lat": 7.169209, "lon": 80.343524, "elev_m": 409.1, "prominence_m": 98.4}}, {"type": "Feature", "geometry": {"type": "Point", "coordinates": [80.173881, 7.078953]}, "properties": {"name": "", "lat": 7.078953, "lon": 80.173881, "elev_m": 269.1, "prominence_m": 98.4}}, {"type": "Feature", "geometry": {"type": "Point", "coordinates": [80.976039, 6.926562]}, "properties": {"name": "", "lat": 6.926562, "lon": 80.976039, "elev_m": 1289.0, "prominence_m": 98.3}}, {"type": "Feature", "geometry": {"type": "Point", "coordinates": [80.592929, 6.305567]}, "properties": {"name": "", "lat": 6.305567, "lon": 80.592929, "elev_m": 419.0, "prominence_m": 98.3}}, {"type": "Feature", "geometry": {"type": "Point", "coordinates": [80.929808, 6.679157]}, "properties": {"name": "", "lat": 6.679157, "lon": 80.929808, "elev_m": 389.0, "prominence_m": 98.3}}, {"type": "Feature", "geometry": {"type": "Point", "coordinates": [80.474955, 7.621006]}, "properties": {"name": "", "lat": 7.621006, "lon": 80.474955, "elev_m": 249.0, "prominence_m": 98.3}}, {"type": "Feature", "geometry": {"type": "Point", "coordinates": [80.809408, 7.761636]}, "properties": {"name": "", "lat": 7.761636, "lon": 80.809408, "elev_m": 239.0, "prominence_m": 98.3}}, {"type": "Feature", "geometry": {"type": "Point", "coordinates": [81.610122, 7.475998]}, "properties": {"name": "", "lat": 7.475998, "lon": 81.610122, "elev_m": 238.9, "prominence_m": 98.2}}, {"type": "Feature", "geometry": {"type": "Point", "coordinates": [80.387315, 7.718326]}, "properties": {"name": "", "lat": 7.718326, "lon": 80.387315, "elev_m": 208.9, "prominence_m": 98.2}}, {"type": "Feature", "geometry": {"type": "Point", "coordinates": [81.365786, 7.275647]}, "properties": {"name": "", "lat": 7.275647, "lon": 81.365786, "elev_m": 558.8, "prominence_m": 98.1}}, {"type": "Feature", "geometry": {"type": "Point", "coordinates": [81.378388, 6.938431]}, "properties": {"name": "", "lat": 6.938431, "lon": 81.378388, "elev_m": 348.8, "prominence_m": 98.1}}, {"type": "Feature", "geometry": {"type": "Point", "coordinates": [80.413223, 7.304099]}, "properties": {"name": "", "lat": 7.304099, "lon": 80.413223, "elev_m": 278.7, "prominence_m": 98.0}}, {"type": "Feature", "geometry": {"type": "Point", "coordinates": [80.453586, 6.263448]}, "properties": {"name": "", "lat": 6.263448, "lon": 80.453586, "elev_m": 268.7, "prominence_m": 98.0}}, {"type": "Feature", "geometry": {"type": "Point", "coordinates": [80.503194, 6.777856]}, "properties": {"name": "", "lat": 6.777856, "lon": 80.503194, "elev_m": 1818.6, "prominence_m": 97.9}}, {"type": "Feature", "geometry": {"type": "Point", "coordinates": [80.566728, 6.717389]}, "properties": {"name": "", "lat": 6.717389, "lon": 80.566728, "elev_m": 1058.6, "prominence_m": 97.9}}, {"type": "Feature", "geometry": {"type": "Point", "coordinates": [81.089563, 6.991611]}, "properties": {"name": "", "lat": 6.991611, "lon": 81.089563, "elev_m": 1018.6, "prominence_m": 97.9}}, {"type": "Feature", "geometry": {"type": "Point", "coordinates": [80.377177, 6.200997]}, "properties": {"name": "", "lat": 6.200997, "lon": 80.377177, "elev_m": 288.6, "prominence_m": 97.9}}, {"type": "Feature", "geometry": {"type": "Point", "coordinates": [80.467153, 6.690749]}, "properties": {"name": "", "lat": 6.690749, "lon": 80.467153, "elev_m": 268.6, "prominence_m": 97.9}}, {"type": "Feature", "geometry": {"type": "Point", "coordinates": [80.905085, 7.546759]}, "properties": {"name": "", "lat": 7.546759, "lon": 80.905085, "elev_m": 258.6, "prominence_m": 97.9}}, {"type": "Feature", "geometry": {"type": "Point", "coordinates": [80.805599, 7.748886]}, "properties": {"name": "", "lat": 7.748886, "lon": 80.805599, "elev_m": 238.6, "prominence_m": 97.9}}, {"type": "Feature", "geometry": {"type": "Point", "coordinates": [80.61517, 6.284142]}, "properties": {"name": "", "lat": 6.284142, "lon": 80.61517, "elev_m": 468.5, "prominence_m": 97.8}}, {"type": "Feature", "geometry": {"type": "Point", "coordinates": [80.91295, 7.485717]}, "properties": {"name": "", "lat": 7.485717, "lon": 80.91295, "elev_m": 408.5, "prominence_m": 97.8}}, {"type": "Feature", "geometry": {"type": "Point", "coordinates": [81.07721, 7.202683]}, "properties": {"name": "", "lat": 7.202683, "lon": 81.07721, "elev_m": 378.5, "prominence_m": 97.8}}, {"type": "Feature", "geometry": {"type": "Point", "coordinates": [80.31301, 7.26033]}, "properties": {"name": "", "lat": 7.26033, "lon": 80.31301, "elev_m": 298.5, "prominence_m": 97.8}}, {"type": "Feature", "geometry": {"type": "Point", "coordinates": [80.330722, 7.47846]}, "properties": {"name": "", "lat": 7.47846, "lon": 80.330722, "elev_m": 218.5, "prominence_m": 97.8}}, {"type": "Feature", "geometry": {"type": "Point", "coordinates": [81.202217, 7.257383]}, "properties": {"name": "", "lat": 7.257383, "lon": 81.202217, "elev_m": 308.4, "prominence_m": 97.7}}, {"type": "Feature", "geometry": {"type": "Point", "coordinates": [80.304537, 7.045736]}, "properties": {"name": "", "lat": 7.045736, "lon": 80.304537, "elev_m": 208.4, "prominence_m": 97.7}}, {"type": "Feature", "geometry": {"type": "Point", "coordinates": [81.05886, 6.485937]}, "properties": {"name": "", "lat": 6.485937, "lon": 81.05886, "elev_m": 238.3, "prominence_m": 97.6}}, {"type": "Feature", "geometry": {"type": "Point", "coordinates": [80.636813, 7.382626]}, "properties": {"name": "", "lat": 7.382626, "lon": 80.636813, "elev_m": 678.2, "prominence_m": 97.5}}, {"type": "Feature", "geometry": {"type": "Point", "coordinates": [80.326193, 7.115749]}, "properties": {"name": "", "lat": 7.115749, "lon": 80.326193, "elev_m": 318.2, "prominence_m": 97.5}}, {"type": "Feature", "geometry": {"type": "Point", "coordinates": [80.921747, 8.52825]}, "properties": {"name": "", "lat": 8.52825, "lon": 80.921747, "elev_m": 208.2, "prominence_m": 97.5}}, {"type": "Feature", "geometry": {"type": "Point", "coordinates": [80.607897, 6.941766]}, "properties": {"name": "", "lat": 6.941766, "lon": 80.607897, "elev_m": 1428.1, "prominence_m": 97.4}}, {"type": "Feature", "geometry": {"type": "Point", "coordinates": [81.182869, 6.879497]}, "properties": {"name": "", "lat": 6.879497, "lon": 81.182869, "elev_m": 658.1, "prominence_m": 97.4}}, {"type": "Feature", "geometry": {"type": "Point", "coordinates": [80.85533, 7.517201]}, "properties": {"name": "", "lat": 7.517201, "lon": 80.85533, "elev_m": 458.1, "prominence_m": 97.4}}, {"type": "Feature", "geometry": {"type": "Point", "coordinates": [81.605545, 7.055004]}, "properties": {"name": "", "lat": 7.055004, "lon": 81.605545, "elev_m": 218.1, "prominence_m": 97.4}}, {"type": "Feature", "geometry": {"type": "Point", "coordinates": [81.149145, 6.796238]}, "properties": {"name": "", "lat": 6.796238, "lon": 81.149145, "elev_m": 387.9, "prominence_m": 97.2}}, {"type": "Feature", "geometry": {"type": "Point", "coordinates": [80.422448, 7.321197]}, "properties": {"name": "", "lat": 7.321197, "lon": 80.422448, "elev_m": 297.9, "prominence_m": 97.2}}, {"type": "Feature", "geometry": {"type": "Point", "coordinates": [81.337899, 6.671265]}, "properties": {"name": "", "lat": 6.671265, "lon": 81.337899, "elev_m": 227.8, "prominence_m": 97.1}}, {"type": "Feature", "geometry": {"type": "Point", "coordinates": [80.614151, 6.913825]}, "properties": {"name": "", "lat": 6.913825, "lon": 80.614151, "elev_m": 1427.7, "prominence_m": 97.0}}, {"type": "Feature", "geometry": {"type": "Point", "coordinates": [80.584517, 6.324555]}, "properties": {"name": "", "lat": 6.324555, "lon": 80.584517, "elev_m": 597.7, "prominence_m": 97.0}}, {"type": "Feature", "geometry": {"type": "Point", "coordinates": [81.427689, 7.0561]}, "properties": {"name": "", "lat": 7.0561, "lon": 81.427689, "elev_m": 497.7, "prominence_m": 97.0}}, {"type": "Feature", "geometry": {"type": "Point", "coordinates": [80.955853, 7.376372]}, "properties": {"name": "", "lat": 7.376372, "lon": 80.955853, "elev_m": 217.7, "prominence_m": 97.0}}, {"type": "Feature", "geometry": {"type": "Point", "coordinates": [80.958095, 6.85766]}, "properties": {"name": "", "lat": 6.85766, "lon": 80.958095, "elev_m": 1307.6, "prominence_m": 96.9}}, {"type": "Feature", "geometry": {"type": "Point", "coordinates": [80.384281, 6.485321]}, "properties": {"name": "", "lat": 6.485321, "lon": 80.384281, "elev_m": 527.6, "prominence_m": 96.9}}, {"type": "Feature", "geometry": {"type": "Point", "coordinates": [81.222483, 6.859387]}, "properties": {"name": "", "lat": 6.859387, "lon": 81.222483, "elev_m": 477.6, "prominence_m": 96.9}}, {"type": "Feature", "geometry": {"type": "Point", "coordinates": [80.308853, 6.512115]}, "properties": {"name": "", "lat": 6.512115, "lon": 80.308853, "elev_m": 357.6, "prominence_m": 96.9}}, {"type": "Feature", "geometry": {"type": "Point", "coordinates": [81.426789, 6.795674]}, "properties": {"name": "", "lat": 6.795674, "lon": 81.426789, "elev_m": 347.6, "prominence_m": 96.9}}, {"type": "Feature", "geometry": {"type": "Point", "coordinates": [80.182738, 7.159806]}, "properties": {"name": "", "lat": 7.159806, "lon": 80.182738, "elev_m": 207.6, "prominence_m": 96.9}}, {"type": "Feature", "geometry": {"type": "Point", "coordinates": [80.979562, 6.912453]}, "properties": {"name": "", "lat": 6.912453, "lon": 80.979562, "elev_m": 1317.5, "prominence_m": 96.8}}, {"type": "Feature", "geometry": {"type": "Point", "coordinates": [81.066866, 6.726843]}, "properties": {"name": "", "lat": 6.726843, "lon": 81.066866, "elev_m": 547.5, "prominence_m": 96.8}}, {"type": "Feature", "geometry": {"type": "Point", "coordinates": [80.296378, 6.509661]}, "properties": {"name": "", "lat": 6.509661, "lon": 80.296378, "elev_m": 337.5, "prominence_m": 96.8}}, {"type": "Feature", "geometry": {"type": "Point", "coordinates": [81.328105, 7.770503]}, "properties": {"name": "", "lat": 7.770503, "lon": 81.328105, "elev_m": 207.5, "prominence_m": 96.8}}, {"type": "Feature", "geometry": {"type": "Point", "coordinates": [80.803417, 7.653122]}, "properties": {"name": "", "lat": 7.653122, "lon": 80.803417, "elev_m": 297.4, "prominence_m": 96.7}}, {"type": "Feature", "geometry": {"type": "Point", "coordinates": [80.850032, 6.67809]}, "properties": {"name": "", "lat": 6.67809, "lon": 80.850032, "elev_m": 627.3, "prominence_m": 96.6}}, {"type": "Feature", "geometry": {"type": "Point", "coordinates": [80.764289, 6.559537]}, "properties": {"name": "", "lat": 6.559537, "lon": 80.764289, "elev_m": 487.3, "prominence_m": 96.6}}, {"type": "Feature", "geometry": {"type": "Point", "coordinates": [80.664719, 7.714962]}, "properties": {"name": "", "lat": 7.714962, "lon": 80.664719, "elev_m": 417.3, "prominence_m": 96.6}}, {"type": "Feature", "geometry": {"type": "Point", "coordinates": [80.273768, 6.605405]}, "properties": {"name": "", "lat": 6.605405, "lon": 80.273768, "elev_m": 297.3, "prominence_m": 96.6}}, {"type": "Feature", "geometry": {"type": "Point", "coordinates": [80.387455, 6.232475]}, "properties": {"name": "", "lat": 6.232475, "lon": 80.387455, "elev_m": 287.3, "prominence_m": 96.6}}, {"type": "Feature", "geometry": {"type": "Point", "coordinates": [80.490605, 6.489733]}, "properties": {"name": "", "lat": 6.489733, "lon": 80.490605, "elev_m": 1027.2, "prominence_m": 96.5}}, {"type": "Feature", "geometry": {"type": "Point", "coordinates": [80.997341, 6.605881]}, "properties": {"name": "", "lat": 6.605881, "lon": 80.997341, "elev_m": 267.2, "prominence_m": 96.5}}, {"type": "Feature", "geometry": {"type": "Point", "coordinates": [80.599764, 6.910022]}, "properties": {"name": "", "lat": 6.910022, "lon": 80.599764, "elev_m": 1447.1, "prominence_m": 96.4}}, {"type": "Feature", "geometry": {"type": "Point", "coordinates": [81.099071, 6.998387]}, "properties": {"name": "", "lat": 6.998387, "lon": 81.099071, "elev_m": 1127.1, "prominence_m": 96.4}}, {"type": "Feature", "geometry": {"type": "Point", "coordinates": [81.090225, 7.167406]}, "properties": {"name": "", "lat": 7.167406, "lon": 81.090225, "elev_m": 527.1, "prominence_m": 96.4}}, {"type": "Feature", "geometry": {"type": "Point", "coordinates": [81.081531, 7.164971]}, "properties": {"name": "", "lat": 7.164971, "lon": 81.081531, "elev_m": 397.1, "prominence_m": 96.4}}, {"type": "Feature", "geometry": {"type": "Point", "coordinates": [80.26614, 7.144443]}, "properties": {"name": "", "lat": 7.144443, "lon": 80.26614, "elev_m": 237.1, "prominence_m": 96.4}}, {"type": "Feature", "geometry": {"type": "Point", "coordinates": [80.739265, 7.392413]}, "properties": {"name": "", "lat": 7.392413, "lon": 80.739265, "elev_m": 997.0, "prominence_m": 96.3}}, {"type": "Feature", "geometry": {"type": "Point", "coordinates": [80.632742, 7.367161]}, "properties": {"name": "", "lat": 7.367161, "lon": 80.632742, "elev_m": 647.0, "prominence_m": 96.3}}, {"type": "Feature", "geometry": {"type": "Point", "coordinates": [80.314261, 6.530567]}, "properties": {"name": "", "lat": 6.530567, "lon": 80.314261, "elev_m": 347.0, "prominence_m": 96.3}}, {"type": "Feature", "geometry": {"type": "Point", "coordinates": [80.237894, 6.663151]}, "properties": {"name": "", "lat": 6.663151, "lon": 80.237894, "elev_m": 317.0, "prominence_m": 96.3}}, {"type": "Feature", "geometry": {"type": "Point", "coordinates": [80.612515, 6.102639]}, "properties": {"name": "", "lat": 6.102639, "lon": 80.612515, "elev_m": 247.0, "prominence_m": 96.3}}, {"type": "Feature", "geometry": {"type": "Point", "coordinates": [81.569236, 7.099827]}, "properties": {"name": "", "lat": 7.099827, "lon": 81.569236, "elev_m": 217.0, "prominence_m": 96.3}}, {"type": "Feature", "geometry": {"type": "Point", "coordinates": [80.9464, 6.792554]}, "properties": {"name": "", "lat": 6.792554, "lon": 80.9464, "elev_m": 1296.9, "prominence_m": 96.2}}, {"type": "Feature", "geometry": {"type": "Point", "coordinates": [80.893319, 7.255126]}, "properties": {"name": "", "lat": 7.255126, "lon": 80.893319, "elev_m": 836.9, "prominence_m": 96.2}}, {"type": "Feature", "geometry": {"type": "Point", "coordinates": [80.485917, 7.492153]}, "properties": {"name": "", "lat": 7.492153, "lon": 80.485917, "elev_m": 706.9, "prominence_m": 96.2}}, {"type": "Feature", "geometry": {"type": "Point", "coordinates": [80.357988, 6.465224]}, "properties": {"name": "", "lat": 6.465224, "lon": 80.357988, "elev_m": 506.9, "prominence_m": 96.2}}, {"type": "Feature", "geometry": {"type": "Point", "coordinates": [80.380154, 6.894969]}, "properties": {"name": "", "lat": 6.894969, "lon": 80.380154, "elev_m": 506.9, "prominence_m": 96.2}}, {"type": "Feature", "geometry": {"type": "Point", "coordinates": [80.527974, 7.623753]}, "properties": {"name": "", "lat": 7.623753, "lon": 80.527974, "elev_m": 296.9, "prominence_m": 96.2}}, {"type": "Feature", "geometry": {"type": "Point", "coordinates": [80.546691, 7.185633]}, "properties": {"name": "", "lat": 7.185633, "lon": 80.546691, "elev_m": 826.8, "prominence_m": 96.1}}, {"type": "Feature", "geometry": {"type": "Point", "coordinates": [80.438054, 6.383623]}, "properties": {"name": "", "lat": 6.383623, "lon": 80.438054, "elev_m": 656.7, "prominence_m": 96.0}}, {"type": "Feature", "geometry": {"type": "Point", "coordinates": [80.248774, 6.638205]}, "properties": {"name": "", "lat": 6.638205, "lon": 80.248774, "elev_m": 266.7, "prominence_m": 96.0}}, {"type": "Feature", "geometry": {"type": "Point", "coordinates": [80.363916, 7.443768]}, "properties": {"name": "", "lat": 7.443768, "lon": 80.363916, "elev_m": 246.7, "prominence_m": 96.0}}, {"type": "Feature", "geometry": {"type": "Point", "coordinates": [80.662292, 6.533751]}, "properties": {"name": "", "lat": 6.533751, "lon": 80.662292, "elev_m": 486.6, "prominence_m": 95.9}}, {"type": "Feature", "geometry": {"type": "Point", "coordinates": [80.99561, 8.550731]}, "properties": {"name": "", "lat": 8.550731, "lon": 80.99561, "elev_m": 216.6, "prominence_m": 95.9}}, {"type": "Feature", "geometry": {"type": "Point", "coordinates": [80.448105, 7.160885]}, "properties": {"name": "", "lat": 7.160885, "lon": 80.448105, "elev_m": 596.5, "prominence_m": 95.8}}, {"type": "Feature", "geometry": {"type": "Point", "coordinates": [81.472477, 7.400552]}, "properties": {"name": "", "lat": 7.400552, "lon": 81.472477, "elev_m": 466.5, "prominence_m": 95.8}}, {"type": "Feature", "geometry": {"type": "Point", "coordinates": [81.295954, 7.025339]}, "properties": {"name": "", "lat": 7.025339, "lon": 81.295954, "elev_m": 456.5, "prominence_m": 95.8}}, {"type": "Feature", "geometry": {"type": "Point", "coordinates": [80.880129, 7.770306]}, "properties": {"name": "", "lat": 7.770306, "lon": 80.880129, "elev_m": 326.5, "prominence_m": 95.8}}, {"type": "Feature", "geometry": {"type": "Point", "coordinates": [80.209726, 7.079812]}, "properties": {"name": "", "lat": 7.079812, "lon": 80.209726, "elev_m": 326.5, "prominence_m": 95.8}}, {"type": "Feature", "geometry": {"type": "Point", "coordinates": [81.117611, 7.103363]}, "properties": {"name": "", "lat": 7.103363, "lon": 81.117611, "elev_m": 1116.4, "prominence_m": 95.7}}, {"type": "Feature", "geometry": {"type": "Point", "coordinates": [80.504925, 7.524449]}, "properties": {"name": "", "lat": 7.524449, "lon": 80.504925, "elev_m": 266.4, "prominence_m": 95.7}}, {"type": "Feature", "geometry": {"type": "Point", "coordinates": [80.410623, 7.811125]}, "properties": {"name": "Kalugala", "lat": 7.811125, "lon": 80.410623, "elev_m": 236.3, "prominence_m": 95.6}}, {"type": "Feature", "geometry": {"type": "Point", "coordinates": [80.165692, 6.464758]}, "properties": {"name": "", "lat": 6.464758, "lon": 80.165692, "elev_m": 216.3, "prominence_m": 95.6}}, {"type": "Feature", "geometry": {"type": "Point", "coordinates": [80.785193, 7.424155]}, "properties": {"name": "", "lat": 7.424155, "lon": 80.785193, "elev_m": 1626.2, "prominence_m": 95.5}}, {"type": "Feature", "geometry": {"type": "Point", "coordinates": [81.241029, 6.949979]}, "properties": {"name": "", "lat": 6.949979, "lon": 81.241029, "elev_m": 476.2, "prominence_m": 95.5}}, {"type": "Feature", "geometry": {"type": "Point", "coordinates": [80.543226, 7.576558]}, "properties": {"name": "", "lat": 7.576558, "lon": 80.543226, "elev_m": 416.2, "prominence_m": 95.5}}, {"type": "Feature", "geometry": {"type": "Point", "coordinates": [80.341194, 7.047128]}, "properties": {"name": "", "lat": 7.047128, "lon": 80.341194, "elev_m": 346.2, "prominence_m": 95.5}}, {"type": "Feature", "geometry": {"type": "Point", "coordinates": [80.477666, 7.633216]}, "properties": {"name": "", "lat": 7.633216, "lon": 80.477666, "elev_m": 246.2, "prominence_m": 95.5}}, {"type": "Feature", "geometry": {"type": "Point", "coordinates": [80.550611, 6.944184]}, "properties": {"name": "", "lat": 6.944184, "lon": 80.550611, "elev_m": 1256.1, "prominence_m": 95.4}}, {"type": "Feature", "geometry": {"type": "Point", "coordinates": [80.368862, 6.433763]}, "properties": {"name": "", "lat": 6.433763, "lon": 80.368862, "elev_m": 506.1, "prominence_m": 95.4}}, {"type": "Feature", "geometry": {"type": "Point", "coordinates": [80.871737, 6.666692]}, "properties": {"name": "", "lat": 6.666692, "lon": 80.871737, "elev_m": 396.1, "prominence_m": 95.4}}, {"type": "Feature", "geometry": {"type": "Point", "coordinates": [80.504732, 7.827744]}, "properties": {"name": "", "lat": 7.827744, "lon": 80.504732, "elev_m": 336.1, "prominence_m": 95.4}}, {"type": "Feature", "geometry": {"type": "Point", "coordinates": [81.140301, 6.94437]}, "properties": {"name": "", "lat": 6.94437, "lon": 81.140301, "elev_m": 1116.0, "prominence_m": 95.3}}, {"type": "Feature", "geometry": {"type": "Point", "coordinates": [80.57509, 7.459649]}, "properties": {"name": "", "lat": 7.459649, "lon": 80.57509, "elev_m": 806.0, "prominence_m": 95.3}}, {"type": "Feature", "geometry": {"type": "Point", "coordinates": [80.705678, 6.652317]}, "properties": {"name": "", "lat": 6.652317, "lon": 80.705678, "elev_m": 636.0, "prominence_m": 95.3}}, {"type": "Feature", "geometry": {"type": "Point", "coordinates": [80.501068, 6.698366]}, "properties": {"name": "", "lat": 6.698366, "lon": 80.501068, "elev_m": 276.0, "prominence_m": 95.3}}, {"type": "Feature", "geometry": {"type": "Point", "coordinates": [81.181219, 6.853726]}, "properties": {"name": "", "lat": 6.853726, "lon": 81.181219, "elev_m": 565.9, "prominence_m": 95.2}}, {"type": "Feature", "geometry": {"type": "Point", "coordinates": [80.429441, 6.286493]}, "properties": {"name": "", "lat": 6.286493, "lon": 80.429441, "elev_m": 245.9, "prominence_m": 95.2}}, {"type": "Feature", "geometry": {"type": "Point", "coordinates": [80.29932, 7.101344]}, "properties": {"name": "", "lat": 7.101344, "lon": 80.29932, "elev_m": 305.7, "prominence_m": 95.0}}, {"type": "Feature", "geometry": {"type": "Point", "coordinates": [80.250492, 7.288204]}, "properties": {"name": "", "lat": 7.288204, "lon": 80.250492, "elev_m": 225.7, "prominence_m": 95.0}}, {"type": "Feature", "geometry": {"type": "Point", "coordinates": [80.903834, 6.965111]}, "properties": {"name": "Sthreepura", "lat": 6.965111, "lon": 80.903834, "elev_m": 1455.6, "prominence_m": 94.9}}, {"type": "Feature", "geometry": {"type": "Point", "coordinates": [80.432971, 7.056971]}, "properties": {"name": "", "lat": 7.056971, "lon": 80.432971, "elev_m": 875.6, "prominence_m": 94.9}}, {"type": "Feature", "geometry": {"type": "Point", "coordinates": [80.48302, 7.352167]}, "properties": {"name": "", "lat": 7.352167, "lon": 80.48302, "elev_m": 385.6, "prominence_m": 94.9}}, {"type": "Feature", "geometry": {"type": "Point", "coordinates": [80.28371, 7.22232]}, "properties": {"name": "", "lat": 7.22232, "lon": 80.28371, "elev_m": 265.6, "prominence_m": 94.9}}, {"type": "Feature", "geometry": {"type": "Point", "coordinates": [81.271892, 7.372607]}, "properties": {"name": "", "lat": 7.372607, "lon": 81.271892, "elev_m": 225.6, "prominence_m": 94.9}}, {"type": "Feature", "geometry": {"type": "Point", "coordinates": [80.4131, 7.118267]}, "properties": {"name": "", "lat": 7.118267, "lon": 80.4131, "elev_m": 955.5, "prominence_m": 94.8}}, {"type": "Feature", "geometry": {"type": "Point", "coordinates": [81.146493, 7.219723]}, "properties": {"name": "", "lat": 7.219723, "lon": 81.146493, "elev_m": 525.5, "prominence_m": 94.8}}, {"type": "Feature", "geometry": {"type": "Point", "coordinates": [80.266922, 6.399488]}, "properties": {"name": "", "lat": 6.399488, "lon": 80.266922, "elev_m": 335.5, "prominence_m": 94.8}}, {"type": "Feature", "geometry": {"type": "Point", "coordinates": [80.648632, 7.851685]}, "properties": {"name": "", "lat": 7.851685, "lon": 80.648632, "elev_m": 315.5, "prominence_m": 94.8}}, {"type": "Feature", "geometry": {"type": "Point", "coordinates": [80.413216, 6.607154]}, "properties": {"name": "", "lat": 6.607154, "lon": 80.413216, "elev_m": 215.4, "prominence_m": 94.7}}, {"type": "Feature", "geometry": {"type": "Point", "coordinates": [80.564479, 6.256179]}, "properties": {"name": "", "lat": 6.256179, "lon": 80.564479, "elev_m": 405.3, "prominence_m": 94.6}}, {"type": "Feature", "geometry": {"type": "Point", "coordinates": [81.011461, 7.182103]}, "properties": {"name": "", "lat": 7.182103, "lon": 81.011461, "elev_m": 255.3, "prominence_m": 94.6}}, {"type": "Feature", "geometry": {"type": "Point", "coordinates": [80.429635, 7.846679]}, "properties": {"name": "", "lat": 7.846679, "lon": 80.429635, "elev_m": 235.3, "prominence_m": 94.6}}, {"type": "Feature", "geometry": {"type": "Point", "coordinates": [81.06242, 6.545349]}, "properties": {"name": "", "lat": 6.545349, "lon": 81.06242, "elev_m": 225.3, "prominence_m": 94.6}}, {"type": "Feature", "geometry": {"type": "Point", "coordinates": [80.881376, 8.384487]}, "properties": {"name": "", "lat": 8.384487, "lon": 80.881376, "elev_m": 215.3, "prominence_m": 94.6}}, {"type": "Feature", "geometry": {"type": "Point", "coordinates": [80.349196, 6.273954]}, "properties": {"name": "", "lat": 6.273954, "lon": 80.349196, "elev_m": 385.2, "prominence_m": 94.5}}, {"type": "Feature", "geometry": {"type": "Point", "coordinates": [80.846036, 7.187041]}, "properties": {"name": "", "lat": 7.187041, "lon": 80.846036, "elev_m": 345.2, "prominence_m": 94.5}}, {"type": "Feature", "geometry": {"type": "Point", "coordinates": [80.215892, 6.685372]}, "properties": {"name": "", "lat": 6.685372, "lon": 80.215892, "elev_m": 295.2, "prominence_m": 94.5}}, {"type": "Feature", "geometry": {"type": "Point", "coordinates": [80.413316, 6.468251]}, "properties": {"name": "", "lat": 6.468251, "lon": 80.413316, "elev_m": 445.1, "prominence_m": 94.4}}, {"type": "Feature", "geometry": {"type": "Point", "coordinates": [80.231587, 6.475684]}, "properties": {"name": "", "lat": 6.475684, "lon": 80.231587, "elev_m": 295.1, "prominence_m": 94.4}}, {"type": "Feature", "geometry": {"type": "Point", "coordinates": [80.703625, 7.62626]}, "properties": {"name": "", "lat": 7.62626, "lon": 80.703625, "elev_m": 715.0, "prominence_m": 94.3}}, {"type": "Feature", "geometry": {"type": "Point", "coordinates": [80.905542, 7.246984]}, "properties": {"name": "", "lat": 7.246984, "lon": 80.905542, "elev_m": 605.0, "prominence_m": 94.3}}, {"type": "Feature", "geometry": {"type": "Point", "coordinates": [80.266575, 7.241562]}, "properties": {"name": "", "lat": 7.241562, "lon": 80.266575, "elev_m": 265.0, "prominence_m": 94.3}}, {"type": "Feature", "geometry": {"type": "Point", "coordinates": [80.634342, 7.462113]}, "properties": {"name": "", "lat": 7.462113, "lon": 80.634342, "elev_m": 494.8, "prominence_m": 94.1}}, {"type": "Feature", "geometry": {"type": "Point", "coordinates": [81.165505, 7.215638]}, "properties": {"name": "", "lat": 7.215638, "lon": 81.165505, "elev_m": 314.8, "prominence_m": 94.1}}, {"type": "Feature", "geometry": {"type": "Point", "coordinates": [80.345551, 6.418822]}, "properties": {"name": "", "lat": 6.418822, "lon": 80.345551, "elev_m": 294.8, "prominence_m": 94.1}}, {"type": "Feature", "geometry": {"type": "Point", "coordinates": [80.628176, 7.9979]}, "properties": {"name": "", "lat": 7.9979, "lon": 80.628176, "elev_m": 254.8, "prominence_m": 94.1}}, {"type": "Feature", "geometry": {"type": "Point", "coordinates": [80.43911, 7.562654]}, "properties": {"name": "", "lat": 7.562654, "lon": 80.43911, "elev_m": 364.7, "prominence_m": 94.0}}, {"type": "Feature", "geometry": {"type": "Point", "coordinates": [80.332873, 7.22861]}, "properties": {"name": "", "lat": 7.22861, "lon": 80.332873, "elev_m": 344.5, "prominence_m": 93.8}}, {"type": "Feature", "geometry": {"type": "Point", "coordinates": [80.373125, 6.530075]}, "properties": {"name": "", "lat": 6.530075, "lon": 80.373125, "elev_m": 344.5, "prominence_m": 93.8}}, {"type": "Feature", "geometry": {"type": "Point", "coordinates": [81.47581, 7.272778]}, "properties": {"name": "", "lat": 7.272778, "lon": 81.47581, "elev_m": 324.5, "prominence_m": 93.8}}, {"type": "Feature", "geometry": {"type": "Point", "coordinates": [80.345704, 6.234342]}, "properties": {"name": "", "lat": 6.234342, "lon": 80.345704, "elev_m": 244.5, "prominence_m": 93.8}}, {"type": "Feature", "geometry": {"type": "Point", "coordinates": [80.467141, 6.265084]}, "properties": {"name": "", "lat": 6.265084, "lon": 80.467141, "elev_m": 254.4, "prominence_m": 93.7}}, {"type": "Feature", "geometry": {"type": "Point", "coordinates": [81.040533, 7.195109]}, "properties": {"name": "", "lat": 7.195109, "lon": 81.040533, "elev_m": 254.4, "prominence_m": 93.7}}, {"type": "Feature", "geometry": {"type": "Point", "coordinates": [80.635964, 6.585834]}, "properties": {"name": "", "lat": 6.585834, "lon": 80.635964, "elev_m": 364.3, "prominence_m": 93.6}}, {"type": "Feature", "geometry": {"type": "Point", "coordinates": [80.532138, 7.47292]}, "properties": {"name": "", "lat": 7.47292, "lon": 80.532138, "elev_m": 334.3, "prominence_m": 93.6}}, {"type": "Feature", "geometry": {"type": "Point", "coordinates": [80.535084, 8.026883]}, "properties": {"name": "Dahaiya Kanda", "lat": 8.026883, "lon": 80.535084, "elev_m": 214.3, "prominence_m": 93.6}}, {"type": "Feature", "geometry": {"type": "Point", "coordinates": [80.172042, 7.237649]}, "properties": {"name": "", "lat": 7.237649, "lon": 80.172042, "elev_m": 204.3, "prominence_m": 93.6}}, {"type": "Feature", "geometry": {"type": "Point", "coordinates": [80.50101, 6.306883]}, "properties": {"name": "", "lat": 6.306883, "lon": 80.50101, "elev_m": 584.2, "prominence_m": 93.5}}, {"type": "Feature", "geometry": {"type": "Point", "coordinates": [80.698724, 7.665324]}, "properties": {"name": "", "lat": 7.665324, "lon": 80.698724, "elev_m": 324.2, "prominence_m": 93.5}}, {"type": "Feature", "geometry": {"type": "Point", "coordinates": [80.588404, 8.650034]}, "properties": {"name": "", "lat": 8.650034, "lon": 80.588404, "elev_m": 224.2, "prominence_m": 93.5}}, {"type": "Feature", "geometry": {"type": "Point", "coordinates": [80.528309, 6.486497]}, "properties": {"name": "", "lat": 6.486497, "lon": 80.528309, "elev_m": 1094.1, "prominence_m": 93.4}}, {"type": "Feature", "geometry": {"type": "Point", "coordinates": [80.257663, 6.700068]}, "properties": {"name": "", "lat": 6.700068, "lon": 80.257663, "elev_m": 454.1, "prominence_m": 93.4}}, {"type": "Feature", "geometry": {"type": "Point", "coordinates": [80.817854, 7.908401]}, "properties": {"name": "", "lat": 7.908401, "lon": 80.817854, "elev_m": 364.1, "prominence_m": 93.4}}, {"type": "Feature", "geometry": {"type": "Point", "coordinates": [80.323435, 7.158067]}, "properties": {"name": "", "lat": 7.158067, "lon": 80.323435, "elev_m": 364.1, "prominence_m": 93.4}}, {"type": "Feature", "geometry": {"type": "Point", "coordinates": [80.323862, 6.410122]}, "properties": {"name": "", "lat": 6.410122, "lon": 80.323862, "elev_m": 274.1, "prominence_m": 93.4}}, {"type": "Feature", "geometry": {"type": "Point", "coordinates": [80.326886, 6.959488]}, "properties": {"name": "", "lat": 6.959488, "lon": 80.326886, "elev_m": 264.1, "prominence_m": 93.4}}, {"type": "Feature", "geometry": {"type": "Point", "coordinates": [80.505846, 7.352182]}, "properties": {"name": "", "lat": 7.352182, "lon": 80.505846, "elev_m": 484.0, "prominence_m": 93.3}}, {"type": "Feature", "geometry": {"type": "Point", "coordinates": [80.452335, 6.527962]}, "properties": {"name": "", "lat": 6.527962, "lon": 80.452335, "elev_m": 434.0, "prominence_m": 93.3}}, {"type": "Feature", "geometry": {"type": "Point", "coordinates": [81.338757, 6.710329]}, "properties": {"name": "", "lat": 6.710329, "lon": 81.338757, "elev_m": 274.0, "prominence_m": 93.3}}, {"type": "Feature", "geometry": {"type": "Point", "coordinates": [80.96892, 6.774368]}, "properties": {"name": "Roehampton", "lat": 6.774368, "lon": 80.96892, "elev_m": 1763.9, "prominence_m": 93.2}}, {"type": "Feature", "geometry": {"type": "Point", "coordinates": [80.640217, 6.899726]}, "properties": {"name": "", "lat": 6.899726, "lon": 80.640217, "elev_m": 1663.9, "prominence_m": 93.2}}, {"type": "Feature", "geometry": {"type": "Point", "coordinates": [80.357191, 7.075085]}, "properties": {"name": "", "lat": 7.075085, "lon": 80.357191, "elev_m": 653.9, "prominence_m": 93.2}}, {"type": "Feature", "geometry": {"type": "Point", "coordinates": [80.692711, 6.307492]}, "properties": {"name": "", "lat": 6.307492, "lon": 80.692711, "elev_m": 623.9, "prominence_m": 93.2}}, {"type": "Feature", "geometry": {"type": "Point", "coordinates": [80.303051, 6.624152]}, "properties": {"name": "", "lat": 6.624152, "lon": 80.303051, "elev_m": 423.9, "prominence_m": 93.2}}, {"type": "Feature", "geometry": {"type": "Point", "coordinates": [80.619146, 6.57986]}, "properties": {"name": "", "lat": 6.57986, "lon": 80.619146, "elev_m": 353.9, "prominence_m": 93.2}}, {"type": "Feature", "geometry": {"type": "Point", "coordinates": [80.433627, 6.102012]}, "properties": {"name": "", "lat": 6.102012, "lon": 80.433627, "elev_m": 223.9, "prominence_m": 93.2}}, {"type": "Feature", "geometry": {"type": "Point", "coordinates": [80.415877, 7.03851]}, "properties": {"name": "", "lat": 7.03851, "lon": 80.415877, "elev_m": 1093.8, "prominence_m": 93.1}}, {"type": "Feature", "geometry": {"type": "Point", "coordinates": [80.510613, 7.099614]}, "properties": {"name": "", "lat": 7.099614, "lon": 80.510613, "elev_m": 873.8, "prominence_m": 93.1}}, {"type": "Feature", "geometry": {"type": "Point", "coordinates": [81.193466, 7.194453]}, "properties": {"name": "", "lat": 7.194453, "lon": 81.193466, "elev_m": 643.8, "prominence_m": 93.1}}, {"type": "Feature", "geometry": {"type": "Point", "coordinates": [80.595412, 6.182939]}, "properties": {"name": "", "lat": 6.182939, "lon": 80.595412, "elev_m": 433.8, "prominence_m": 93.1}}, {"type": "Feature", "geometry": {"type": "Point", "coordinates": [80.845371, 8.117285]}, "properties": {"name": "", "lat": 8.117285, "lon": 80.845371, "elev_m": 283.8, "prominence_m": 93.1}}, {"type": "Feature", "geometry": {"type": "Point", "coordinates": [80.337805, 6.895475]}, "properties": {"name": "", "lat": 6.895475, "lon": 80.337805, "elev_m": 333.7, "prominence_m": 93.0}}, {"type": "Feature", "geometry": {"type": "Point", "coordinates": [81.240644, 6.832783]}, "properties": {"name": "", "lat": 6.832783, "lon": 81.240644, "elev_m": 313.7, "prominence_m": 93.0}}, {"type": "Feature", "geometry": {"type": "Point", "coordinates": [80.829498, 7.460505]}, "properties": {"name": "", "lat": 7.460505, "lon": 80.829498, "elev_m": 1203.6, "prominence_m": 92.9}}, {"type": "Feature", "geometry": {"type": "Point", "coordinates": [80.394093, 7.112283]}, "properties": {"name": "", "lat": 7.112283, "lon": 80.394093, "elev_m": 753.6, "prominence_m": 92.9}}, {"type": "Feature", "geometry": {"type": "Point", "coordinates": [80.697693, 7.349272]}, "properties": {"name": "", "lat": 7.349272, "lon": 80.697693, "elev_m": 733.6, "prominence_m": 92.9}}, {"type": "Feature", "geometry": {"type": "Point", "coordinates": [80.750938, 7.603205]}, "properties": {"name": "", "lat": 7.603205, "lon": 80.750938, "elev_m": 613.6, "prominence_m": 92.9}}, {"type": "Feature", "geometry": {"type": "Point", "coordinates": [80.360986, 7.380013]}, "properties": {"name": "", "lat": 7.380013, "lon": 80.360986, "elev_m": 283.6, "prominence_m": 92.9}}, {"type": "Feature", "geometry": {"type": "Point", "coordinates": [80.635946, 6.650674]}, "properties": {"name": "", "lat": 6.650674, "lon": 80.635946, "elev_m": 1513.5, "prominence_m": 92.8}}, {"type": "Feature", "geometry": {"type": "Point", "coordinates": [80.26345, 6.614347]}, "properties": {"name": "", "lat": 6.614347, "lon": 80.26345, "elev_m": 273.5, "prominence_m": 92.8}}, {"type": "Feature", "geometry": {"type": "Point", "coordinates": [80.926732, 7.245892]}, "properties": {"name": "", "lat": 7.245892, "lon": 80.926732, "elev_m": 953.3, "prominence_m": 92.6}}, {"type": "Feature", "geometry": {"type": "Point", "coordinates": [80.249546, 8.058356]}, "properties": {"name": "", "lat": 8.058356, "lon": 80.249546, "elev_m": 203.3, "prominence_m": 92.6}}, {"type": "Feature", "geometry": {"type": "Point", "coordinates": [80.545706, 7.515791]}, "properties": {"name": "", "lat": 7.515791, "lon": 80.545706, "elev_m": 383.2, "prominence_m": 92.5}}, {"type": "Feature", "geometry": {"type": "Point", "coordinates": [80.769973, 7.439076]}, "properties": {"name": "", "lat": 7.439076, "lon": 80.769973, "elev_m": 1683.1, "prominence_m": 92.4}}, {"type": "Feature", "geometry": {"type": "Point", "coordinates": [80.630207, 7.634922]}, "properties": {"name": "", "lat": 7.634922, "lon": 80.630207, "elev_m": 513.0, "prominence_m": 92.3}}, {"type": "Feature", "geometry": {"type": "Point", "coordinates": [81.081749, 7.083855]}, "properties": {"name": "", "lat": 7.083855, "lon": 81.081749, "elev_m": 1012.9, "prominence_m": 92.2}}, {"type": "Feature", "geometry": {"type": "Point", "coordinates": [80.791725, 7.661261]}, "properties": {"name": "", "lat": 7.661261, "lon": 80.791725, "elev_m": 492.8, "prominence_m": 92.1}}, {"type": "Feature", "geometry": {"type": "Point", "coordinates": [81.254564, 6.910629]}, "properties": {"name": "", "lat": 6.910629, "lon": 81.254564, "elev_m": 412.8, "prominence_m": 92.1}}, {"type": "Feature", "geometry": {"type": "Point", "coordinates": [80.396746, 6.501879]}, "properties": {"name": "", "lat": 6.501879, "lon": 80.396746, "elev_m": 372.8, "prominence_m": 92.1}}, {"type": "Feature", "geometry": {"type": "Point", "coordinates": [81.116187, 7.377636]}, "properties": {"name": "", "lat": 7.377636, "lon": 81.116187, "elev_m": 242.8, "prominence_m": 92.1}}, {"type": "Feature", "geometry": {"type": "Point", "coordinates": [80.276199, 6.341441]}, "properties": {"name": "", "lat": 6.341441, "lon": 80.276199, "elev_m": 312.7, "prominence_m": 92.0}}, {"type": "Feature", "geometry": {"type": "Point", "coordinates": [81.37438, 7.404221]}, "properties": {"name": "", "lat": 7.404221, "lon": 81.37438, "elev_m": 342.6, "prominence_m": 91.9}}, {"type": "Feature", "geometry": {"type": "Point", "coordinates": [80.251248, 7.103462]}, "properties": {"name": "", "lat": 7.103462, "lon": 80.251248, "elev_m": 292.6, "prominence_m": 91.9}}, {"type": "Feature", "geometry": {"type": "Point", "coordinates": [80.672776, 6.98058]}, "properties": {"name": "", "lat": 6.98058, "lon": 80.672776, "elev_m": 2012.5, "prominence_m": 91.8}}, {"type": "Feature", "geometry": {"type": "Point", "coordinates": [80.948617, 6.919519]}, "properties": {"name": "", "lat": 6.919519, "lon": 80.948617, "elev_m": 1162.5, "prominence_m": 91.8}}, {"type": "Feature", "geometry": {"type": "Point", "coordinates": [81.112069, 7.676323]}, "properties": {"name": "", "lat": 7.676323, "lon": 81.112069, "elev_m": 272.5, "prominence_m": 91.8}}, {"type": "Feature", "geometry": {"type": "Point", "coordinates": [80.78979, 6.598605]}, "properties": {"name": "", "lat": 6.598605, "lon": 80.78979, "elev_m": 582.4, "prominence_m": 91.7}}, {"type": "Feature", "geometry": {"type": "Point", "coordinates": [81.153449, 6.747131]}, "properties": {"name": "", "lat": 6.747131, "lon": 81.153449, "elev_m": 292.4, "prominence_m": 91.7}}, {"type": "Feature", "geometry": {"type": "Point", "coordinates": [80.283656, 7.272507]}, "properties": {"name": "", "lat": 7.272507, "lon": 80.283656, "elev_m": 242.4, "prominence_m": 91.7}}, {"type": "Feature", "geometry": {"type": "Point", "coordinates": [80.484724, 6.802805]}, "properties": {"name": "", "lat": 6.802805, "lon": 80.484724, "elev_m": 1932.3, "prominence_m": 91.6}}, {"type": "Feature", "geometry": {"type": "Point", "coordinates": [80.436625, 6.492955]}, "properties": {"name": "", "lat": 6.492955, "lon": 80.436625, "elev_m": 682.3, "prominence_m": 91.6}}, {"type": "Feature", "geometry": {"type": "Point", "coordinates": [80.769441, 6.702512]}, "properties": {"name": "", "lat": 6.702512, "lon": 80.769441, "elev_m": 632.3, "prominence_m": 91.6}}, {"type": "Feature", "geometry": {"type": "Point", "coordinates": [80.276252, 6.563629]}, "properties": {"name": "", "lat": 6.563629, "lon": 80.276252, "elev_m": 322.3, "prominence_m": 91.6}}, {"type": "Feature", "geometry": {"type": "Point", "coordinates": [80.449909, 6.070823]}, "properties": {"name": "", "lat": 6.070823, "lon": 80.449909, "elev_m": 292.3, "prominence_m": 91.6}}, {"type": "Feature", "geometry": {"type": "Point", "coordinates": [80.235527, 7.077401]}, "properties": {"name": "", "lat": 7.077401, "lon": 80.235527, "elev_m": 232.3, "prominence_m": 91.6}}, {"type": "Feature", "geometry": {"type": "Point", "coordinates": [80.71617, 7.357685]}, "properties": {"name": "", "lat": 7.357685, "lon": 80.71617, "elev_m": 852.2, "prominence_m": 91.5}}, {"type": "Feature", "geometry": {"type": "Point", "coordinates": [81.394657, 7.712359]}, "properties": {"name": "", "lat": 7.712359, "lon": 81.394657, "elev_m": 222.2, "prominence_m": 91.5}}, {"type": "Feature", "geometry": {"type": "Point", "coordinates": [81.175102, 7.004026]}, "properties": {"name": "", "lat": 7.004026, "lon": 81.175102, "elev_m": 1432.1, "prominence_m": 91.4}}, {"type": "Feature", "geometry": {"type": "Point", "coordinates": [80.561442, 7.006044]}, "properties": {"name": "", "lat": 7.006044, "lon": 80.561442, "elev_m": 1152.1, "prominence_m": 91.4}}, {"type": "Feature", "geometry": {"type": "Point", "coordinates": [81.102458, 6.790303]}, "properties": {"name": "", "lat": 6.790303, "lon": 81.102458, "elev_m": 402.1, "prominence_m": 91.4}}, {"type": "Feature", "geometry": {"type": "Point", "coordinates": [80.878997, 7.589901]}, "properties": {"name": "", "lat": 7.589901, "lon": 80.878997, "elev_m": 382.1, "prominence_m": 91.4}}, {"type": "Feature", "geometry": {"type": "Point", "coordinates": [80.608176, 6.920606]}, "properties": {"name": "", "lat": 6.920606, "lon": 80.608176, "elev_m": 1372.0, "prominence_m": 91.3}}, {"type": "Feature", "geometry": {"type": "Point", "coordinates": [81.04909, 6.963422]}, "properties": {"name": "", "lat": 6.963422, "lon": 81.04909, "elev_m": 922.0, "prominence_m": 91.3}}, {"type": "Feature", "geometry": {"type": "Point", "coordinates": [80.617819, 6.485448]}, "properties": {"name": "", "lat": 6.485448, "lon": 80.617819, "elev_m": 502.0, "prominence_m": 91.3}}, {"type": "Feature", "geometry": {"type": "Point", "coordinates": [80.241349, 6.972964]}, "properties": {"name": "", "lat": 6.972964, "lon": 80.241349, "elev_m": 242.0, "prominence_m": 91.3}}, {"type": "Feature", "geometry": {"type": "Point", "coordinates": [80.535996, 6.288452]}, "properties": {"name": "", "lat": 6.288452, "lon": 80.535996, "elev_m": 451.9, "prominence_m": 91.2}}, {"type": "Feature", "geometry": {"type": "Point", "coordinates": [81.041778, 6.497883]}, "properties": {"name": "", "lat": 6.497883, "lon": 81.041778, "elev_m": 291.9, "prominence_m": 91.2}}, {"type": "Feature", "geometry": {"type": "Point", "coordinates": [80.706749, 6.754597]}, "properties": {"name": "", "lat": 6.754597, "lon": 80.706749, "elev_m": 1701.8, "prominence_m": 91.1}}, {"type": "Feature", "geometry": {"type": "Point", "coordinates": [80.652641, 7.14308]}, "properties": {"name": "", "lat": 7.14308, "lon": 80.652641, "elev_m": 1111.8, "prominence_m": 91.1}}, {"type": "Feature", "geometry": {"type": "Point", "coordinates": [81.361326, 7.396914]}, "properties": {"name": "", "lat": 7.396914, "lon": 81.361326, "elev_m": 321.8, "prominence_m": 91.1}}, {"type": "Feature", "geometry": {"type": "Point", "coordinates": [80.864854, 7.567116]}, "properties": {"name": "", "lat": 7.567116, "lon": 80.864854, "elev_m": 311.8, "prominence_m": 91.1}}, {"type": "Feature", "geometry": {"type": "Point", "coordinates": [81.215008, 6.994766]}, "properties": {"name": "", "lat": 6.994766, "lon": 81.215008, "elev_m": 981.7, "prominence_m": 91.0}}, {"type": "Feature", "geometry": {"type": "Point", "coordinates": [81.227666, 6.887053]}, "properties": {"name": "", "lat": 6.887053, "lon": 81.227666, "elev_m": 521.7, "prominence_m": 91.0}}, {"type": "Feature", "geometry": {"type": "Point", "coordinates": [80.658624, 7.112969]}, "properties": {"name": "", "lat": 7.112969, "lon": 80.658624, "elev_m": 1321.6, "prominence_m": 90.9}}, {"type": "Feature", "geometry": {"type": "Point", "coordinates": [80.775953, 7.55763]}, "properties": {"name": "", "lat": 7.55763, "lon": 80.775953, "elev_m": 661.6, "prominence_m": 90.9}}, {"type": "Feature", "geometry": {"type": "Point", "coordinates": [81.227947, 6.896548]}, "properties": {"name": "", "lat": 6.896548, "lon": 81.227947, "elev_m": 541.6, "prominence_m": 90.9}}, {"type": "Feature", "geometry": {"type": "Point", "coordinates": [81.299205, 7.018825]}, "properties": {"name": "", "lat": 7.018825, "lon": 81.299205, "elev_m": 421.6, "prominence_m": 90.9}}, {"type": "Feature", "geometry": {"type": "Point", "coordinates": [80.343513, 7.180603]}, "properties": {"name": "", "lat": 7.180603, "lon": 80.343513, "elev_m": 371.6, "prominence_m": 90.9}}, {"type": "Feature", "geometry": {"type": "Point", "coordinates": [81.194014, 6.897121]}, "properties": {"name": "", "lat": 6.897121, "lon": 81.194014, "elev_m": 571.4, "prominence_m": 90.7}}, {"type": "Feature", "geometry": {"type": "Point", "coordinates": [80.289386, 6.992006]}, "properties": {"name": "", "lat": 6.992006, "lon": 80.289386, "elev_m": 261.4, "prominence_m": 90.7}}, {"type": "Feature", "geometry": {"type": "Point", "coordinates": [80.805877, 7.835155]}, "properties": {"name": "", "lat": 7.835155, "lon": 80.805877, "elev_m": 531.2, "prominence_m": 90.5}}, {"type": "Feature", "geometry": {"type": "Point", "coordinates": [80.23794, 7.334036]}, "properties": {"name": "", "lat": 7.334036, "lon": 80.23794, "elev_m": 281.2, "prominence_m": 90.5}}, {"type": "Feature", "geometry": {"type": "Point", "coordinates": [80.79417, 7.604291]}, "properties": {"name": "", "lat": 7.604291, "lon": 80.79417, "elev_m": 621.1, "prominence_m": 90.4}}, {"type": "Feature", "geometry": {"type": "Point", "coordinates": [80.673438, 7.649042]}, "properties": {"name": "", "lat": 7.649042, "lon": 80.673438, "elev_m": 471.1, "prominence_m": 90.4}}, {"type": "Feature", "geometry": {"type": "Point", "coordinates": [81.115349, 7.69748]}, "properties": {"name": "", "lat": 7.69748, "lon": 81.115349, "elev_m": 201.1, "prominence_m": 90.4}}, {"type": "Feature", "geometry": {"type": "Point", "coordinates": [80.437039, 7.427824]}, "properties": {"name": "", "lat": 7.427824, "lon": 80.437039, "elev_m": 281.0, "prominence_m": 90.3}}, {"type": "Feature", "geometry": {"type": "Point", "coordinates": [80.239073, 7.064112]}, "properties": {"name": "", "lat": 7.064112, "lon": 80.239073, "elev_m": 241.0, "prominence_m": 90.3}}, {"type": "Feature", "geometry": {"type": "Point", "coordinates": [81.182699, 6.996966]}, "properties": {"name": "", "lat": 6.996966, "lon": 81.182699, "elev_m": 1410.9, "prominence_m": 90.2}}, {"type": "Feature", "geometry": {"type": "Point", "coordinates": [80.984849, 6.577671]}, "properties": {"name": "", "lat": 6.577671, "lon": 80.984849, "elev_m": 250.8, "prominence_m": 90.1}}, {"type": "Feature", "geometry": {"type": "Point", "coordinates": [80.928776, 6.850617]}, "properties": {"name": "", "lat": 6.850617, "lon": 80.928776, "elev_m": 1350.7, "prominence_m": 90.0}}, {"type": "Feature", "geometry": {"type": "Point", "coordinates": [81.213755, 7.659954]}, "properties": {"name": "", "lat": 7.659954, "lon": 81.213755, "elev_m": 310.6, "prominence_m": 89.9}}, {"type": "Feature", "geometry": {"type": "Point", "coordinates": [80.850173, 7.563321]}, "properties": {"name": "", "lat": 7.563321, "lon": 80.850173, "elev_m": 270.6, "prominence_m": 89.9}}, {"type": "Feature", "geometry": {"type": "Point", "coordinates": [81.259605, 7.566043]}, "properties": {"name": "", "lat": 7.566043, "lon": 81.259605, "elev_m": 230.6, "prominence_m": 89.9}}, {"type": "Feature", "geometry": {"type": "Point", "coordinates": [80.186354, 6.422462]}, "properties": {"name": "", "lat": 6.422462, "lon": 80.186354, "elev_m": 200.6, "prominence_m": 89.9}}, {"type": "Feature", "geometry": {"type": "Point", "coordinates": [80.819674, 7.049227]}, "properties": {"name": "", "lat": 7.049227, "lon": 80.819674, "elev_m": 1860.5, "prominence_m": 89.8}}, {"type": "Feature", "geometry": {"type": "Point", "coordinates": [80.926015, 6.698149]}, "properties": {"name": "", "lat": 6.698149, "lon": 80.926015, "elev_m": 330.5, "prominence_m": 89.8}}, {"type": "Feature", "geometry": {"type": "Point", "coordinates": [80.195073, 7.07057]}, "properties": {"name": "", "lat": 7.07057, "lon": 80.195073, "elev_m": 260.4, "prominence_m": 89.7}}, {"type": "Feature", "geometry": {"type": "Point", "coordinates": [80.484721, 7.243111]}, "properties": {"name": "", "lat": 7.243111, "lon": 80.484721, "elev_m": 390.3, "prominence_m": 89.6}}, {"type": "Feature", "geometry": {"type": "Point", "coordinates": [80.528836, 7.542639]}, "properties": {"name": "", "lat": 7.542639, "lon": 80.528836, "elev_m": 310.3, "prominence_m": 89.6}}, {"type": "Feature", "geometry": {"type": "Point", "coordinates": [80.272738, 6.550603]}, "properties": {"name": "", "lat": 6.550603, "lon": 80.272738, "elev_m": 200.3, "prominence_m": 89.6}}, {"type": "Feature", "geometry": {"type": "Point", "coordinates": [80.564963, 6.397527]}, "properties": {"name": "", "lat": 6.397527, "lon": 80.564963, "elev_m": 1180.2, "prominence_m": 89.5}}, {"type": "Feature", "geometry": {"type": "Point", "coordinates": [80.749323, 7.337342]}, "properties": {"name": "", "lat": 7.337342, "lon": 80.749323, "elev_m": 770.2, "prominence_m": 89.5}}, {"type": "Feature", "geometry": {"type": "Point", "coordinates": [81.436617, 7.407931]}, "properties": {"name": "", "lat": 7.407931, "lon": 81.436617, "elev_m": 460.2, "prominence_m": 89.5}}, {"type": "Feature", "geometry": {"type": "Point", "coordinates": [81.36985, 7.266961]}, "properties": {"name": "", "lat": 7.266961, "lon": 81.36985, "elev_m": 430.2, "prominence_m": 89.5}}, {"type": "Feature", "geometry": {"type": "Point", "coordinates": [80.438114, 7.443288]}, "properties": {"name": "", "lat": 7.443288, "lon": 80.438114, "elev_m": 270.2, "prominence_m": 89.5}}, {"type": "Feature", "geometry": {"type": "Point", "coordinates": [80.826224, 7.347377]}, "properties": {"name": "", "lat": 7.347377, "lon": 80.826224, "elev_m": 1330.1, "prominence_m": 89.4}}, {"type": "Feature", "geometry": {"type": "Point", "coordinates": [80.769974, 7.382105]}, "properties": {"name": "", "lat": 7.382105, "lon": 80.769974, "elev_m": 1130.1, "prominence_m": 89.4}}, {"type": "Feature", "geometry": {"type": "Point", "coordinates": [81.086402, 6.721405]}, "properties": {"name": "", "lat": 6.721405, "lon": 81.086402, "elev_m": 400.1, "prominence_m": 89.4}}, {"type": "Feature", "geometry": {"type": "Point", "coordinates": [80.728759, 6.470006]}, "properties": {"name": "", "lat": 6.470006, "lon": 80.728759, "elev_m": 250.1, "prominence_m": 89.4}}, {"type": "Feature", "geometry": {"type": "Point", "coordinates": [80.607008, 7.147678]}, "properties": {"name": "", "lat": 7.147678, "lon": 80.607008, "elev_m": 920.0, "prominence_m": 89.3}}, {"type": "Feature", "geometry": {"type": "Point", "coordinates": [80.736827, 7.305871]}, "properties": {"name": "", "lat": 7.305871, "lon": 80.736827, "elev_m": 610.0, "prominence_m": 89.3}}, {"type": "Feature", "geometry": {"type": "Point", "coordinates": [80.7251, 7.676993]}, "properties": {"name": "", "lat": 7.676993, "lon": 80.7251, "elev_m": 390.0, "prominence_m": 89.3}}, {"type": "Feature", "geometry": {"type": "Point", "coordinates": [81.401583, 7.028465]}, "properties": {"name": "", "lat": 7.028465, "lon": 81.401583, "elev_m": 390.0, "prominence_m": 89.3}}, {"type": "Feature", "geometry": {"type": "Point", "coordinates": [80.544611, 7.528541]}, "properties": {"name": "", "lat": 7.528541, "lon": 80.544611, "elev_m": 340.0, "prominence_m": 89.3}}, {"type": "Feature", "geometry": {"type": "Point", "coordinates": [80.634172, 7.971588]}, "properties": {"name": "", "lat": 7.971588, "lon": 80.634172, "elev_m": 260.0, "prominence_m": 89.3}}, {"type": "Feature", "geometry": {"type": "Point", "coordinates": [80.687867, 7.566031]}, "properties": {"name": "", "lat": 7.566031, "lon": 80.687867, "elev_m": 789.9, "prominence_m": 89.2}}, {"type": "Feature", "geometry": {"type": "Point", "coordinates": [80.370271, 6.366754]}, "properties": {"name": "", "lat": 6.366754, "lon": 80.370271, "elev_m": 209.9, "prominence_m": 89.2}}, {"type": "Feature", "geometry": {"type": "Point", "coordinates": [80.643001, 6.64932]}, "properties": {"name": "", "lat": 6.64932, "lon": 80.643001, "elev_m": 1499.8, "prominence_m": 89.1}}, {"type": "Feature", "geometry": {"type": "Point", "coordinates": [80.188534, 6.870356]}, "properties": {"name": "", "lat": 6.870356, "lon": 80.188534, "elev_m": 349.8, "prominence_m": 89.1}}, {"type": "Feature", "geometry": {"type": "Point", "coordinates": [80.303529, 6.968147]}, "properties": {"name": "", "lat": 6.968147, "lon": 80.303529, "elev_m": 269.8, "prominence_m": 89.1}}, {"type": "Feature", "geometry": {"type": "Point", "coordinates": [80.418391, 7.297321]}, "properties": {"name": "", "lat": 7.297321, "lon": 80.418391, "elev_m": 239.8, "prominence_m": 89.1}}, {"type": "Feature", "geometry": {"type": "Point", "coordinates": [80.359813, 6.219432]}, "properties": {"name": "", "lat": 6.219432, "lon": 80.359813, "elev_m": 259.7, "prominence_m": 89.0}}, {"type": "Feature", "geometry": {"type": "Point", "coordinates": [80.194003, 6.608844]}, "properties": {"name": "", "lat": 6.608844, "lon": 80.194003, "elev_m": 259.7, "prominence_m": 89.0}}, {"type": "Feature", "geometry": {"type": "Point", "coordinates": [81.096695, 7.479653]}, "properties": {"name": "", "lat": 7.479653, "lon": 81.096695, "elev_m": 549.6, "prominence_m": 88.9}}, {"type": "Feature", "geometry": {"type": "Point", "coordinates": [81.249476, 6.980355]}, "properties": {"name": "", "lat": 6.980355, "lon": 81.249476, "elev_m": 479.6, "prominence_m": 88.9}}, {"type": "Feature", "geometry": {"type": "Point", "coordinates": [81.190973, 7.141554]}, "properties": {"name": "", "lat": 7.141554, "lon": 81.190973, "elev_m": 419.6, "prominence_m": 88.9}}, {"type": "Feature", "geometry": {"type": "Point", "coordinates": [80.507513, 7.733068]}, "properties": {"name": "", "lat": 7.733068, "lon": 80.507513, "elev_m": 289.6, "prominence_m": 88.9}}, {"type": "Feature", "geometry": {"type": "Point", "coordinates": [81.393684, 7.213216]}, "properties": {"name": "", "lat": 7.213216, "lon": 81.393684, "elev_m": 519.5, "prominence_m": 88.8}}, {"type": "Feature", "geometry": {"type": "Point", "coordinates": [81.212128, 6.815176]}, "properties": {"name": "", "lat": 6.815176, "lon": 81.212128, "elev_m": 319.5, "prominence_m": 88.8}}, {"type": "Feature", "geometry": {"type": "Point", "coordinates": [80.409504, 7.529805]}, "properties": {"name": "", "lat": 7.529805, "lon": 80.409504, "elev_m": 209.5, "prominence_m": 88.8}}, {"type": "Feature", "geometry": {"type": "Point", "coordinates": [80.745239, 7.458337]}, "properties": {"name": "", "lat": 7.458337, "lon": 80.745239, "elev_m": 1869.4, "prominence_m": 88.7}}, {"type": "Feature", "geometry": {"type": "Point", "coordinates": [80.684984, 7.036741]}, "properties": {"name": "", "lat": 7.036741, "lon": 80.684984, "elev_m": 1699.4, "prominence_m": 88.7}}, {"type": "Feature", "geometry": {"type": "Point", "coordinates": [81.224098, 7.130672]}, "properties": {"name": "", "lat": 7.130672, "lon": 81.224098, "elev_m": 329.4, "prominence_m": 88.7}}, {"type": "Feature", "geometry": {"type": "Point", "coordinates": [81.199816, 7.30486]}, "properties": {"name": "", "lat": 7.30486, "lon": 81.199816, "elev_m": 309.4, "prominence_m": 88.7}}, {"type": "Feature", "geometry": {"type": "Point", "coordinates": [80.310266, 6.146954]}, "properties": {"name": "", "lat": 6.146954, "lon": 80.310266, "elev_m": 219.4, "prominence_m": 88.7}}, {"type": "Feature", "geometry": {"type": "Point", "coordinates": [80.220476, 6.46672]}, "properties": {"name": "", "lat": 6.46672, "lon": 80.220476, "elev_m": 269.3, "prominence_m": 88.6}}, {"type": "Feature", "geometry": {"type": "Point", "coordinates": [80.659256, 6.754587]}, "properties": {"name": "", "lat": 6.754587, "lon": 80.659256, "elev_m": 2009.2, "prominence_m": 88.5}}, {"type": "Feature", "geometry": {"type": "Point", "coordinates": [80.920531, 7.394019]}, "properties": {"name": "", "lat": 7.394019, "lon": 80.920531, "elev_m": 1019.2, "prominence_m": 88.5}}, {"type": "Feature", "geometry": {"type": "Point", "coordinates": [80.344823, 6.93943]}, "properties": {"name": "", "lat": 6.93943, "lon": 80.344823, "elev_m": 299.2, "prominence_m": 88.5}}, {"type": "Feature", "geometry": {"type": "Point", "coordinates": [80.418115, 7.303018]}, "properties": {"name": "", "lat": 7.303018, "lon": 80.418115, "elev_m": 269.2, "prominence_m": 88.5}}, {"type": "Feature", "geometry": {"type": "Point", "coordinates": [81.63659, 7.103776]}, "properties": {"name": "", "lat": 7.103776, "lon": 81.63659, "elev_m": 329.1, "prominence_m": 88.4}}, {"type": "Feature", "geometry": {"type": "Point", "coordinates": [80.499731, 6.662011]}, "properties": {"name": "", "lat": 6.662011, "lon": 80.499731, "elev_m": 319.1, "prominence_m": 88.4}}, {"type": "Feature", "geometry": {"type": "Point", "coordinates": [80.304482, 6.545751]}, "properties": {"name": "", "lat": 6.545751, "lon": 80.304482, "elev_m": 369.0, "prominence_m": 88.3}}, {"type": "Feature", "geometry": {"type": "Point", "coordinates": [80.235215, 6.632222]}, "properties": {"name": "", "lat": 6.632222, "lon": 80.235215, "elev_m": 239.0, "prominence_m": 88.3}}, {"type": "Feature", "geometry": {"type": "Point", "coordinates": [81.19527, 6.779923]}, "properties": {"name": "", "lat": 6.779923, "lon": 81.19527, "elev_m": 278.9, "prominence_m": 88.2}}, {"type": "Feature", "geometry": {"type": "Point", "coordinates": [80.492854, 6.347031]}, "properties": {"name": "", "lat": 6.347031, "lon": 80.492854, "elev_m": 368.8, "prominence_m": 88.1}}, {"type": "Feature", "geometry": {"type": "Point", "coordinates": [80.593763, 6.24778]}, "properties": {"name": "", "lat": 6.24778, "lon": 80.593763, "elev_m": 318.8, "prominence_m": 88.1}}, {"type": "Feature", "geometry": {"type": "Point", "coordinates": [80.404568, 7.580531]}, "properties": {"name": "", "lat": 7.580531, "lon": 80.404568, "elev_m": 268.8, "prominence_m": 88.1}}, {"type": "Feature", "geometry": {"type": "Point", "coordinates": [80.910307, 6.811827]}, "properties": {"name": "", "lat": 6.811827, "lon": 80.910307, "elev_m": 1368.6, "prominence_m": 87.9}}, {"type": "Feature", "geometry": {"type": "Point", "coordinates": [81.027929, 6.994632]}, "properties": {"name": "", "lat": 6.994632, "lon": 81.027929, "elev_m": 1068.5, "prominence_m": 87.8}}, {"type": "Feature", "geometry": {"type": "Point", "coordinates": [80.579087, 7.634902]}, "properties": {"name": "", "lat": 7.634902, "lon": 80.579087, "elev_m": 548.5, "prominence_m": 87.8}}, {"type": "Feature", "geometry": {"type": "Point", "coordinates": [80.34923, 6.557999]}, "properties": {"name": "", "lat": 6.557999, "lon": 80.34923, "elev_m": 428.5, "prominence_m": 87.8}}, {"type": "Feature", "geometry": {"type": "Point", "coordinates": [81.360917, 6.633258]}, "properties": {"name": "", "lat": 6.633258, "lon": 81.360917, "elev_m": 218.5, "prominence_m": 87.8}}, {"type": "Feature", "geometry": {"type": "Point", "coordinates": [80.415858, 6.703736]}, "properties": {"name": "", "lat": 6.703736, "lon": 80.415858, "elev_m": 358.4, "prominence_m": 87.7}}, {"type": "Feature", "geometry": {"type": "Point", "coordinates": [81.318578, 6.864442]}, "properties": {"name": "", "lat": 6.864442, "lon": 81.318578, "elev_m": 308.4, "prominence_m": 87.7}}, {"type": "Feature", "geometry": {"type": "Point", "coordinates": [80.444955, 6.61233]}, "properties": {"name": "", "lat": 6.61233, "lon": 80.444955, "elev_m": 278.4, "prominence_m": 87.7}}, {"type": "Feature", "geometry": {"type": "Point", "coordinates": [80.556152, 7.817194]}, "properties": {"name": "", "lat": 7.817194, "lon": 80.556152, "elev_m": 278.3, "prominence_m": 87.6}}, {"type": "Feature", "geometry": {"type": "Point", "coordinates": [80.521633, 6.808251]}, "properties": {"name": "", "lat": 6.808251, "lon": 80.521633, "elev_m": 1828.2, "prominence_m": 87.5}}, {"type": "Feature", "geometry": {"type": "Point", "coordinates": [80.936365, 6.81616]}, "properties": {"name": "", "lat": 6.81616, "lon": 80.936365, "elev_m": 1328.2, "prominence_m": 87.5}}, {"type": "Feature", "geometry": {"type": "Point", "coordinates": [80.591216, 7.243438]}, "properties": {"name": "", "lat": 7.243438, "lon": 80.591216, "elev_m": 588.2, "prominence_m": 87.5}}, {"type": "Feature", "geometry": {"type": "Point", "coordinates": [80.698427, 7.802866]}, "properties": {"name": "", "lat": 7.802866, "lon": 80.698427, "elev_m": 378.2, "prominence_m": 87.5}}, {"type": "Feature", "geometry": {"type": "Point", "coordinates": [80.842912, 8.066284]}, "properties": {"name": "", "lat": 8.066284, "lon": 80.842912, "elev_m": 228.2, "prominence_m": 87.5}}, {"type": "Feature", "geometry": {"type": "Point", "coordinates": [80.644115, 7.503623]}, "properties": {"name": "", "lat": 7.503623, "lon": 80.644115, "elev_m": 468.1, "prominence_m": 87.4}}, {"type": "Feature", "geometry": {"type": "Point", "coordinates": [80.695392, 6.503372]}, "properties": {"name": "", "lat": 6.503372, "lon": 80.695392, "elev_m": 328.1, "prominence_m": 87.4}}, {"type": "Feature", "geometry": {"type": "Point", "coordinates": [80.612958, 6.41952]}, "properties": {"name": "", "lat": 6.41952, "lon": 80.612958, "elev_m": 1178.0, "prominence_m": 87.3}}, {"type": "Feature", "geometry": {"type": "Point", "coordinates": [81.423033, 7.027894]}, "properties": {"name": "", "lat": 7.027894, "lon": 81.423033, "elev_m": 487.9, "prominence_m": 87.2}}, {"type": "Feature", "geometry": {"type": "Point", "coordinates": [80.442742, 6.261542]}, "properties": {"name": "", "lat": 6.261542, "lon": 80.442742, "elev_m": 267.9, "prominence_m": 87.2}}, {"type": "Feature", "geometry": {"type": "Point", "coordinates": [80.8954, 6.897018]}, "properties": {"name": "", "lat": 6.897018, "lon": 80.8954, "elev_m": 1197.8, "prominence_m": 87.1}}, {"type": "Feature", "geometry": {"type": "Point", "coordinates": [80.809688, 7.866624]}, "properties": {"name": "", "lat": 7.866624, "lon": 80.809688, "elev_m": 507.8, "prominence_m": 87.1}}, {"type": "Feature", "geometry": {"type": "Point", "coordinates": [80.78897, 6.347651]}, "properties": {"name": "", "lat": 6.347651, "lon": 80.78897, "elev_m": 267.8, "prominence_m": 87.1}}, {"type": "Feature", "geometry": {"type": "Point", "coordinates": [80.672649, 7.537813]}, "properties": {"name": "", "lat": 7.537813, "lon": 80.672649, "elev_m": 577.7, "prominence_m": 87.0}}, {"type": "Feature", "geometry": {"type": "Point", "coordinates": [81.034735, 6.515521]}, "properties": {"name": "", "lat": 6.515521, "lon": 81.034735, "elev_m": 287.7, "prominence_m": 87.0}}, {"type": "Feature", "geometry": {"type": "Point", "coordinates": [80.37282, 6.572126]}, "properties": {"name": "", "lat": 6.572126, "lon": 80.37282, "elev_m": 417.6, "prominence_m": 86.9}}, {"type": "Feature", "geometry": {"type": "Point", "coordinates": [80.332967, 6.843383]}, "properties": {"name": "", "lat": 6.843383, "lon": 80.332967, "elev_m": 317.6, "prominence_m": 86.9}}, {"type": "Feature", "geometry": {"type": "Point", "coordinates": [80.383463, 6.491831]}, "properties": {"name": "", "lat": 6.491831, "lon": 80.383463, "elev_m": 527.5, "prominence_m": 86.8}}, {"type": "Feature", "geometry": {"type": "Point", "coordinates": [81.439147, 6.702879]}, "properties": {"name": "", "lat": 6.702879, "lon": 81.439147, "elev_m": 247.5, "prominence_m": 86.8}}, {"type": "Feature", "geometry": {"type": "Point", "coordinates": [80.714923, 6.495236]}, "properties": {"name": "", "lat": 6.495236, "lon": 80.714923, "elev_m": 297.4, "prominence_m": 86.7}}, {"type": "Feature", "geometry": {"type": "Point", "coordinates": [80.760169, 7.958047]}, "properties": {"name": "Sigiriya", "lat": 7.958047, "lon": 80.760169, "elev_m": 297.4, "prominence_m": 86.7}}, {"type": "Feature", "geometry": {"type": "Point", "coordinates": [80.177397, 6.428691]}, "properties": {"name": "", "lat": 6.428691, "lon": 80.177397, "elev_m": 227.4, "prominence_m": 86.7}}, {"type": "Feature", "geometry": {"type": "Point", "coordinates": [80.601224, 7.356299]}, "properties": {"name": "", "lat": 7.356299, "lon": 80.601224, "elev_m": 587.3, "prominence_m": 86.6}}, {"type": "Feature", "geometry": {"type": "Point", "coordinates": [80.333482, 6.873496]}, "properties": {"name": "", "lat": 6.873496, "lon": 80.333482, "elev_m": 297.3, "prominence_m": 86.6}}, {"type": "Feature", "geometry": {"type": "Point", "coordinates": [80.202314, 6.694852]}, "properties": {"name": "", "lat": 6.694852, "lon": 80.202314, "elev_m": 277.3, "prominence_m": 86.6}}, {"type": "Feature", "geometry": {"type": "Point", "coordinates": [80.812119, 7.654749]}, "properties": {"name": "", "lat": 7.654749, "lon": 80.812119, "elev_m": 257.3, "prominence_m": 86.6}}, {"type": "Feature", "geometry": {"type": "Point", "coordinates": [80.836993, 6.560891]}, "properties": {"name": "", "lat": 6.560891, "lon": 80.836993, "elev_m": 217.3, "prominence_m": 86.6}}, {"type": "Feature", "geometry": {"type": "Point", "coordinates": [81.050141, 6.903465]}, "properties": {"name": "", "lat": 6.903465, "lon": 81.050141, "elev_m": 1247.2, "prominence_m": 86.5}}, {"type": "Feature", "geometry": {"type": "Point", "coordinates": [80.56345, 6.767035]}, "properties": {"name": "", "lat": 6.767035, "lon": 80.56345, "elev_m": 1877.1, "prominence_m": 86.4}}, {"type": "Feature", "geometry": {"type": "Point", "coordinates": [80.573434, 7.513905]}, "properties": {"name": "", "lat": 7.513905, "lon": 80.573434, "elev_m": 697.1, "prominence_m": 86.4}}, {"type": "Feature", "geometry": {"type": "Point", "coordinates": [80.724885, 7.183788]}, "properties": {"name": "", "lat": 7.183788, "lon": 80.724885, "elev_m": 1087.0, "prominence_m": 86.3}}, {"type": "Feature", "geometry": {"type": "Point", "coordinates": [80.262435, 6.806417]}, "properties": {"name": "", "lat": 6.806417, "lon": 80.262435, "elev_m": 287.0, "prominence_m": 86.3}}, {"type": "Feature", "geometry": {"type": "Point", "coordinates": [80.896054, 8.281126]}, "properties": {"name": "", "lat": 8.281126, "lon": 80.896054, "elev_m": 277.0, "prominence_m": 86.3}}, {"type": "Feature", "geometry": {"type": "Point", "coordinates": [80.466339, 7.108539]}, "properties": {"name": "", "lat": 7.108539, "lon": 80.466339, "elev_m": 1106.9, "prominence_m": 86.2}}, {"type": "Feature", "geometry": {"type": "Point", "coordinates": [81.096121, 7.052376]}, "properties": {"name": "", "lat": 7.052376, "lon": 81.096121, "elev_m": 1096.9, "prominence_m": 86.2}}, {"type": "Feature", "geometry": {"type": "Point", "coordinates": [80.935982, 7.28387]}, "properties": {"name": "", "lat": 7.28387, "lon": 80.935982, "elev_m": 1046.9, "prominence_m": 86.2}}, {"type": "Feature", "geometry": {"type": "Point", "coordinates": [80.398391, 6.478006]}, "properties": {"name": "", "lat": 6.478006, "lon": 80.398391, "elev_m": 526.9, "prominence_m": 86.2}}, {"type": "Feature", "geometry": {"type": "Point", "coordinates": [80.372247, 6.935656]}, "properties": {"name": "", "lat": 6.935656, "lon": 80.372247, "elev_m": 376.9, "prominence_m": 86.2}}, {"type": "Feature", "geometry": {"type": "Point", "coordinates": [80.286316, 6.536238]}, "properties": {"name": "", "lat": 6.536238, "lon": 80.286316, "elev_m": 286.9, "prominence_m": 86.2}}, {"type": "Feature", "geometry": {"type": "Point", "coordinates": [81.433845, 6.795393]}, "properties": {"name": "", "lat": 6.795393, "lon": 81.433845, "elev_m": 256.9, "prominence_m": 86.2}}, {"type": "Feature", "geometry": {"type": "Point", "coordinates": [81.121477, 7.188002]}, "properties": {"name": "", "lat": 7.188002, "lon": 81.121477, "elev_m": 656.8, "prominence_m": 86.1}}, {"type": "Feature", "geometry": {"type": "Point", "coordinates": [80.951262, 6.72934]}, "properties": {"name": "", "lat": 6.72934, "lon": 80.951262, "elev_m": 576.8, "prominence_m": 86.1}}, {"type": "Feature", "geometry": {"type": "Point", "coordinates": [80.354755, 7.359661]}, "properties": {"name": "", "lat": 7.359661, "lon": 80.354755, "elev_m": 246.8, "prominence_m": 86.1}}, {"type": "Feature", "geometry": {"type": "Point", "coordinates": [80.46667, 7.018471]}, "properties": {"name": "", "lat": 7.018471, "lon": 80.46667, "elev_m": 1256.6, "prominence_m": 85.9}}, {"type": "Feature", "geometry": {"type": "Point", "coordinates": [80.522485, 7.239607]}, "properties": {"name": "", "lat": 7.239607, "lon": 80.522485, "elev_m": 646.6, "prominence_m": 85.9}}, {"type": "Feature", "geometry": {"type": "Point", "coordinates": [80.769433, 7.247816]}, "properties": {"name": "", "lat": 7.247816, "lon": 80.769433, "elev_m": 736.5, "prominence_m": 85.8}}, {"type": "Feature", "geometry": {"type": "Point", "coordinates": [80.822897, 6.68162]}, "properties": {"name": "", "lat": 6.68162, "lon": 80.822897, "elev_m": 596.5, "prominence_m": 85.8}}, {"type": "Feature", "geometry": {"type": "Point", "coordinates": [81.380921, 7.417776]}, "properties": {"name": "", "lat": 7.417776, "lon": 81.380921, "elev_m": 306.3, "prominence_m": 85.6}}, {"type": "Feature", "geometry": {"type": "Point", "coordinates": [80.863347, 6.788777]}, "properties": {"name": "Meeriyathenna", "lat": 6.788777, "lon": 80.863347, "elev_m": 2036.2, "prominence_m": 85.5}}, {"type": "Feature", "geometry": {"type": "Point", "coordinates": [80.686764, 7.639007]}, "properties": {"name": "", "lat": 7.639007, "lon": 80.686764, "elev_m": 406.2, "prominence_m": 85.5}}, {"type": "Feature", "geometry": {"type": "Point", "coordinates": [80.591037, 6.288746]}, "properties": {"name": "", "lat": 6.288746, "lon": 80.591037, "elev_m": 366.2, "prominence_m": 85.5}}, {"type": "Feature", "geometry": {"type": "Point", "coordinates": [80.343137, 7.290744]}, "properties": {"name": "", "lat": 7.290744, "lon": 80.343137, "elev_m": 316.2, "prominence_m": 85.5}}, {"type": "Feature", "geometry": {"type": "Point", "coordinates": [81.333752, 7.294949]}, "properties": {"name": "", "lat": 7.294949, "lon": 81.333752, "elev_m": 296.2, "prominence_m": 85.5}}, {"type": "Feature", "geometry": {"type": "Point", "coordinates": [80.209298, 6.755628]}, "properties": {"name": "", "lat": 6.755628, "lon": 80.209298, "elev_m": 256.2, "prominence_m": 85.5}}, {"type": "Feature", "geometry": {"type": "Point", "coordinates": [80.898265, 8.384753]}, "properties": {"name": "", "lat": 8.384753, "lon": 80.898265, "elev_m": 226.2, "prominence_m": 85.5}}, {"type": "Feature", "geometry": {"type": "Point", "coordinates": [81.069739, 6.537206]}, "properties": {"name": "", "lat": 6.537206, "lon": 81.069739, "elev_m": 216.2, "prominence_m": 85.5}}, {"type": "Feature", "geometry": {"type": "Point", "coordinates": [80.202522, 7.194826]}, "properties": {"name": "", "lat": 7.194826, "lon": 80.202522, "elev_m": 206.2, "prominence_m": 85.5}}, {"type": "Feature", "geometry": {"type": "Point", "coordinates": [81.348277, 6.729851]}, "properties": {"name": "", "lat": 6.729851, "lon": 81.348277, "elev_m": 206.2, "prominence_m": 85.5}}, {"type": "Feature", "geometry": {"type": "Point", "coordinates": [80.182398, 6.783267]}, "properties": {"name": "", "lat": 6.783267, "lon": 80.182398, "elev_m": 306.1, "prominence_m": 85.4}}, {"type": "Feature", "geometry": {"type": "Point", "coordinates": [80.455861, 6.087647]}, "properties": {"name": "", "lat": 6.087647, "lon": 80.455861, "elev_m": 246.1, "prominence_m": 85.4}}, {"type": "Feature", "geometry": {"type": "Point", "coordinates": [80.465917, 6.497857]}, "properties": {"name": "", "lat": 6.497857, "lon": 80.465917, "elev_m": 896.0, "prominence_m": 85.3}}, {"type": "Feature", "geometry": {"type": "Point", "coordinates": [81.181036, 7.268525]}, "properties": {"name": "", "lat": 7.268525, "lon": 81.181036, "elev_m": 396.0, "prominence_m": 85.3}}, {"type": "Feature", "geometry": {"type": "Point", "coordinates": [80.918565, 8.016349]}, "properties": {"name": "", "lat": 8.016349, "lon": 80.918565, "elev_m": 246.0, "prominence_m": 85.3}}, {"type": "Feature", "geometry": {"type": "Point", "coordinates": [80.268309, 6.36802]}, "properties": {"name": "", "lat": 6.36802, "lon": 80.268309, "elev_m": 246.0, "prominence_m": 85.3}}, {"type": "Feature", "geometry": {"type": "Point", "coordinates": [80.809699, 7.996297]}, "properties": {"name": "", "lat": 7.996297, "lon": 80.809699, "elev_m": 216.0, "prominence_m": 85.3}}, {"type": "Feature", "geometry": {"type": "Point", "coordinates": [80.351285, 7.848235]}, "properties": {"name": "", "lat": 7.848235, "lon": 80.351285, "elev_m": 206.0, "prominence_m": 85.3}}, {"type": "Feature", "geometry": {"type": "Point", "coordinates": [80.724367, 6.96404]}, "properties": {"name": "", "lat": 6.96404, "lon": 80.724367, "elev_m": 2145.9, "prominence_m": 85.2}}, {"type": "Feature", "geometry": {"type": "Point", "coordinates": [80.504517, 6.838356]}, "properties": {"name": "", "lat": 6.838356, "lon": 80.504517, "elev_m": 1935.9, "prominence_m": 85.2}}, {"type": "Feature", "geometry": {"type": "Point", "coordinates": [80.481555, 7.097426]}, "properties": {"name": "", "lat": 7.097426, "lon": 80.481555, "elev_m": 915.9, "prominence_m": 85.2}}, {"type": "Feature", "geometry": {"type": "Point", "coordinates": [81.539184, 7.316892]}, "properties": {"name": "", "lat": 7.316892, "lon": 81.539184, "elev_m": 475.9, "prominence_m": 85.2}}, {"type": "Feature", "geometry": {"type": "Point", "coordinates": [81.467668, 7.09809]}, "properties": {"name": "", "lat": 7.09809, "lon": 81.467668, "elev_m": 285.9, "prominence_m": 85.2}}, {"type": "Feature", "geometry": {"type": "Point", "coordinates": [81.171303, 7.322519]}, "properties": {"name": "", "lat": 7.322519, "lon": 81.171303, "elev_m": 255.9, "prominence_m": 85.2}}, {"type": "Feature", "geometry": {"type": "Point", "coordinates": [81.036002, 6.862237]}, "properties": {"name": "", "lat": 6.862237, "lon": 81.036002, "elev_m": 1235.8, "prominence_m": 85.1}}, {"type": "Feature", "geometry": {"type": "Point", "coordinates": [81.333718, 6.811796]}, "properties": {"name": "", "lat": 6.811796, "lon": 81.333718, "elev_m": 305.8, "prominence_m": 85.1}}, {"type": "Feature", "geometry": {"type": "Point", "coordinates": [80.366141, 7.38897]}, "properties": {"name": "", "lat": 7.38897, "lon": 80.366141, "elev_m": 295.8, "prominence_m": 85.1}}, {"type": "Feature", "geometry": {"type": "Point", "coordinates": [80.324653, 7.022696]}, "properties": {"name": "", "lat": 7.022696, "lon": 80.324653, "elev_m": 235.8, "prominence_m": 85.1}}, {"type": "Feature", "geometry": {"type": "Point", "coordinates": [80.839419, 8.349772]}, "properties": {"name": "", "lat": 8.349772, "lon": 80.839419, "elev_m": 225.8, "prominence_m": 85.1}}, {"type": "Feature", "geometry": {"type": "Point", "coordinates": [80.994504, 6.935507]}, "properties": {"name": "", "lat": 6.935507, "lon": 80.994504, "elev_m": 1315.7, "prominence_m": 85.0}}, {"type": "Feature", "geometry": {"type": "Point", "coordinates": [80.569647, 7.474567]}, "properties": {"name": "", "lat": 7.474567, "lon": 80.569647, "elev_m": 845.7, "prominence_m": 85.0}}, {"type": "Feature", "geometry": {"type": "Point", "coordinates": [80.489293, 7.72953]}, "properties": {"name": "", "lat": 7.72953, "lon": 80.489293, "elev_m": 255.7, "prominence_m": 85.0}}, {"type": "Feature", "geometry": {"type": "Point", "coordinates": [80.311064, 6.467082]}, "properties": {"name": "", "lat": 6.467082, "lon": 80.311064, "elev_m": 255.7, "prominence_m": 85.0}}, {"type": "Feature", "geometry": {"type": "Point", "coordinates": [81.052431, 6.633255]}, "properties": {"name": "", "lat": 6.633255, "lon": 81.052431, "elev_m": 245.7, "prominence_m": 85.0}}, {"type": "Feature", "geometry": {"type": "Point", "coordinates": [80.70587, 7.189483]}, "properties": {"name": "", "lat": 7.189483, "lon": 80.70587, "elev_m": 1295.6, "prominence_m": 84.9}}, {"type": "Feature", "geometry": {"type": "Point", "coordinates": [80.669934, 7.522349]}, "properties": {"name": "", "lat": 7.522349, "lon": 80.669934, "elev_m": 435.6, "prominence_m": 84.9}}, {"type": "Feature", "geometry": {"type": "Point", "coordinates": [81.05815, 6.669605]}, "properties": {"name": "", "lat": 6.669605, "lon": 81.05815, "elev_m": 415.6, "prominence_m": 84.9}}, {"type": "Feature", "geometry": {"type": "Point", "coordinates": [81.177796, 7.291045]}, "properties": {"name": "", "lat": 7.291045, "lon": 81.177796, "elev_m": 285.6, "prominence_m": 84.9}}, {"type": "Feature", "geometry": {"type": "Point", "coordinates": [80.587284, 7.544838]}, "properties": {"name": "", "lat": 7.544838, "lon": 80.587284, "elev_m": 535.5, "prominence_m": 84.8}}, {"type": "Feature", "geometry": {"type": "Point", "coordinates": [80.961491, 7.208984]}, "properties": {"name": "", "lat": 7.208984, "lon": 80.961491, "elev_m": 255.5, "prominence_m": 84.8}}, {"type": "Feature", "geometry": {"type": "Point", "coordinates": [80.588308, 6.338664]}, "properties": {"name": "", "lat": 6.338664, "lon": 80.588308, "elev_m": 805.4, "prominence_m": 84.7}}, {"type": "Feature", "geometry": {"type": "Point", "coordinates": [80.629201, 7.392119]}, "properties": {"name": "", "lat": 7.392119, "lon": 80.629201, "elev_m": 625.4, "prominence_m": 84.7}}, {"type": "Feature", "geometry": {"type": "Point", "coordinates": [81.119811, 6.766146]}, "properties": {"name": "", "lat": 6.766146, "lon": 81.119811, "elev_m": 415.4, "prominence_m": 84.7}}, {"type": "Feature", "geometry": {"type": "Point", "coordinates": [80.207357, 6.791164]}, "properties": {"name": "", "lat": 6.791164, "lon": 80.207357, "elev_m": 275.4, "prominence_m": 84.7}}, {"type": "Feature", "geometry": {"type": "Point", "coordinates": [80.345224, 7.379998]}, "properties": {"name": "", "lat": 7.379998, "lon": 80.345224, "elev_m": 275.4, "prominence_m": 84.7}}, {"type": "Feature", "geometry": {"type": "Point", "coordinates": [80.43824, 6.094419]}, "properties": {"name": "", "lat": 6.094419, "lon": 80.43824, "elev_m": 245.4, "prominence_m": 84.7}}, {"type": "Feature", "geometry": {"type": "Point", "coordinates": [80.600428, 7.972117]}, "properties": {"name": "", "lat": 7.972117, "lon": 80.600428, "elev_m": 225.4, "prominence_m": 84.7}}, {"type": "Feature", "geometry": {"type": "Point", "coordinates": [81.583381, 6.95603]}, "properties": {"name": "", "lat": 6.95603, "lon": 81.583381, "elev_m": 215.4, "prominence_m": 84.7}}, {"type": "Feature", "geometry": {"type": "Point", "coordinates": [80.397745, 7.292963]}, "properties": {"name": "", "lat": 7.292963, "lon": 80.397745, "elev_m": 215.4, "prominence_m": 84.7}}, {"type": "Feature", "geometry": {"type": "Point", "coordinates": [80.647809, 6.933369]}, "properties": {"name": "", "lat": 6.933369, "lon": 80.647809, "elev_m": 1405.3, "prominence_m": 84.6}}, {"type": "Feature", "geometry": {"type": "Point", "coordinates": [80.357189, 6.44786]}, "properties": {"name": "", "lat": 6.44786, "lon": 80.357189, "elev_m": 445.3, "prominence_m": 84.6}}, {"type": "Feature", "geometry": {"type": "Point", "coordinates": [80.894, 7.767318]}, "properties": {"name": "", "lat": 7.767318, "lon": 80.894, "elev_m": 365.3, "prominence_m": 84.6}}, {"type": "Feature", "geometry": {"type": "Point", "coordinates": [80.318029, 6.853135]}, "properties": {"name": "", "lat": 6.853135, "lon": 80.318029, "elev_m": 285.3, "prominence_m": 84.6}}, {"type": "Feature", "geometry": {"type": "Point", "coordinates": [80.870987, 6.991705]}, "properties": {"name": "", "lat": 6.991705, "lon": 80.870987, "elev_m": 1785.2, "prominence_m": 84.5}}, {"type": "Feature", "geometry": {"type": "Point", "coordinates": [81.033316, 6.914326]}, "properties": {"name": "", "lat": 6.914326, "lon": 81.033316, "elev_m": 1305.2, "prominence_m": 84.5}}, {"type": "Feature", "geometry": {"type": "Point", "coordinates": [80.642835, 8.109944]}, "properties": {"name": "", "lat": 8.109944, "lon": 80.642835, "elev_m": 405.2, "prominence_m": 84.5}}, {"type": "Feature", "geometry": {"type": "Point", "coordinates": [80.865147, 7.666407]}, "properties": {"name": "", "lat": 7.666407, "lon": 80.865147, "elev_m": 275.2, "prominence_m": 84.5}}, {"type": "Feature", "geometry": {"type": "Point", "coordinates": [80.281726, 7.046797]}, "properties": {"name": "", "lat": 7.046797, "lon": 80.281726, "elev_m": 235.2, "prominence_m": 84.5}}, {"type": "Feature", "geometry": {"type": "Point", "coordinates": [80.891345, 6.965657]}, "properties": {"name": "Dabaragala", "lat": 6.965657, "lon": 80.891345, "elev_m": 1395.1, "prominence_m": 84.4}}, {"type": "Feature", "geometry": {"type": "Point", "coordinates": [80.817257, 7.351448]}, "properties": {"name": "", "lat": 7.351448, "lon": 80.817257, "elev_m": 1345.1, "prominence_m": 84.4}}, {"type": "Feature", "geometry": {"type": "Point", "coordinates": [80.738691, 7.738577]}, "properties": {"name": "", "lat": 7.738577, "lon": 80.738691, "elev_m": 445.1, "prominence_m": 84.4}}, {"type": "Feature", "geometry": {"type": "Point", "coordinates": [80.78572, 6.559809]}, "properties": {"name": "", "lat": 6.559809, "lon": 80.78572, "elev_m": 255.1, "prominence_m": 84.4}}, {"type": "Feature", "geometry": {"type": "Point", "coordinates": [80.621483, 6.908402]}, "properties": {"name": "", "lat": 6.908402, "lon": 80.621483, "elev_m": 1465.0, "prominence_m": 84.3}}, {"type": "Feature", "geometry": {"type": "Point", "coordinates": [80.794712, 7.575263]}, "properties": {"name": "", "lat": 7.575263, "lon": 80.794712, "elev_m": 735.0, "prominence_m": 84.3}}, {"type": "Feature", "geometry": {"type": "Point", "coordinates": [80.784364, 6.609999]}, "properties": {"name": "", "lat": 6.609999, "lon": 80.784364, "elev_m": 645.0, "prominence_m": 84.3}}, {"type": "Feature", "geometry": {"type": "Point", "coordinates": [81.168977, 6.82091]}, "properties": {"name": "", "lat": 6.82091, "lon": 81.168977, "elev_m": 465.0, "prominence_m": 84.3}}, {"type": "Feature", "geometry": {"type": "Point", "coordinates": [81.240726, 6.917696]}, "properties": {"name": "", "lat": 6.917696, "lon": 81.240726, "elev_m": 455.0, "prominence_m": 84.3}}, {"type": "Feature", "geometry": {"type": "Point", "coordinates": [80.274077, 6.567967]}, "properties": {"name": "", "lat": 6.567967, "lon": 80.274077, "elev_m": 285.0, "prominence_m": 84.3}}, {"type": "Feature", "geometry": {"type": "Point", "coordinates": [81.280908, 6.661018]}, "properties": {"name": "", "lat": 6.661018, "lon": 81.280908, "elev_m": 235.0, "prominence_m": 84.3}}, {"type": "Feature", "geometry": {"type": "Point", "coordinates": [81.491452, 7.370953]}, "properties": {"name": "", "lat": 7.370953, "lon": 81.491452, "elev_m": 594.9, "prominence_m": 84.2}}, {"type": "Feature", "geometry": {"type": "Point", "coordinates": [80.641189, 6.323488]}, "properties": {"name": "", "lat": 6.323488, "lon": 80.641189, "elev_m": 484.9, "prominence_m": 84.2}}, {"type": "Feature", "geometry": {"type": "Point", "coordinates": [80.599998, 7.699748]}, "properties": {"name": "", "lat": 7.699748, "lon": 80.599998, "elev_m": 484.9, "prominence_m": 84.2}}, {"type": "Feature", "geometry": {"type": "Point", "coordinates": [80.331563, 6.596236]}, "properties": {"name": "", "lat": 6.596236, "lon": 80.331563, "elev_m": 484.9, "prominence_m": 84.2}}, {"type": "Feature", "geometry": {"type": "Point", "coordinates": [80.889876, 7.603191]}, "properties": {"name": "", "lat": 7.603191, "lon": 80.889876, "elev_m": 244.9, "prominence_m": 84.2}}, {"type": "Feature", "geometry": {"type": "Point", "coordinates": [80.423749, 7.39336]}, "properties": {"name": "", "lat": 7.39336, "lon": 80.423749, "elev_m": 234.9, "prominence_m": 84.2}}, {"type": "Feature", "geometry": {"type": "Point", "coordinates": [80.342989, 7.159984]}, "properties": {"name": "", "lat": 7.159984, "lon": 80.342989, "elev_m": 414.8, "prominence_m": 84.1}}, {"type": "Feature", "geometry": {"type": "Point", "coordinates": [80.626832, 6.272208]}, "properties": {"name": "", "lat": 6.272208, "lon": 80.626832, "elev_m": 404.8, "prominence_m": 84.1}}, {"type": "Feature", "geometry": {"type": "Point", "coordinates": [80.541734, 6.189972]}, "properties": {"name": "", "lat": 6.189972, "lon": 80.541734, "elev_m": 394.8, "prominence_m": 84.1}}, {"type": "Feature", "geometry": {"type": "Point", "coordinates": [80.396951, 7.268547]}, "properties": {"name": "", "lat": 7.268547, "lon": 80.396951, "elev_m": 264.8, "prominence_m": 84.1}}, {"type": "Feature", "geometry": {"type": "Point", "coordinates": [80.301724, 6.302127]}, "properties": {"name": "", "lat": 6.302127, "lon": 80.301724, "elev_m": 254.8, "prominence_m": 84.1}}, {"type": "Feature", "geometry": {"type": "Point", "coordinates": [80.237995, 6.817785]}, "properties": {"name": "", "lat": 6.817785, "lon": 80.237995, "elev_m": 244.8, "prominence_m": 84.1}}, {"type": "Feature", "geometry": {"type": "Point", "coordinates": [80.72219, 7.003649]}, "properties": {"name": "", "lat": 7.003649, "lon": 80.72219, "elev_m": 1854.7, "prominence_m": 84.0}}, {"type": "Feature", "geometry": {"type": "Point", "coordinates": [80.904205, 7.322132]}, "properties": {"name": "", "lat": 7.322132, "lon": 80.904205, "elev_m": 1094.7, "prominence_m": 84.0}}, {"type": "Feature", "geometry": {"type": "Point", "coordinates": [80.756367, 7.803415]}, "properties": {"name": "", "lat": 7.803415, "lon": 80.756367, "elev_m": 444.7, "prominence_m": 84.0}}, {"type": "Feature", "geometry": {"type": "Point", "coordinates": [80.380959, 6.218363]}, "properties": {"name": "", "lat": 6.218363, "lon": 80.380959, "elev_m": 334.7, "prominence_m": 84.0}}, {"type": "Feature", "geometry": {"type": "Point", "coordinates": [80.574491, 7.579557]}, "properties": {"name": "", "lat": 7.579557, "lon": 80.574491, "elev_m": 904.6, "prominence_m": 83.9}}, {"type": "Feature", "geometry": {"type": "Point", "coordinates": [81.446958, 7.048748]}, "properties": {"name": "", "lat": 7.048748, "lon": 81.446958, "elev_m": 554.6, "prominence_m": 83.9}}, {"type": "Feature", "geometry": {"type": "Point", "coordinates": [81.479824, 6.872914]}, "properties": {"name": "", "lat": 6.872914, "lon": 81.479824, "elev_m": 404.6, "prominence_m": 83.9}}, {"type": "Feature", "geometry": {"type": "Point", "coordinates": [80.292213, 6.324636]}, "properties": {"name": "", "lat": 6.324636, "lon": 80.292213, "elev_m": 304.6, "prominence_m": 83.9}}, {"type": "Feature", "geometry": {"type": "Point", "coordinates": [80.863783, 7.644162]}, "properties": {"name": "", "lat": 7.644162, "lon": 80.863783, "elev_m": 284.6, "prominence_m": 83.9}}, {"type": "Feature", "geometry": {"type": "Point", "coordinates": [80.695608, 6.837612]}, "properties": {"name": "", "lat": 6.837612, "lon": 80.695608, "elev_m": 1834.5, "prominence_m": 83.8}}, {"type": "Feature", "geometry": {"type": "Point", "coordinates": [80.36233, 7.394935]}, "properties": {"name": "", "lat": 7.394935, "lon": 80.36233, "elev_m": 264.5, "prominence_m": 83.8}}, {"type": "Feature", "geometry": {"type": "Point", "coordinates": [80.546871, 6.222531]}, "properties": {"name": "", "lat": 6.222531, "lon": 80.546871, "elev_m": 254.5, "prominence_m": 83.8}}, {"type": "Feature", "geometry": {"type": "Point", "coordinates": [80.310535, 7.288813]}, "properties": {"name": "", "lat": 7.288813, "lon": 80.310535, "elev_m": 204.5, "prominence_m": 83.8}}, {"type": "Feature", "geometry": {"type": "Point", "coordinates": [80.374728, 6.561004]}, "properties": {"name": "", "lat": 6.561004, "lon": 80.374728, "elev_m": 414.4, "prominence_m": 83.7}}, {"type": "Feature", "geometry": {"type": "Point", "coordinates": [81.069548, 6.673668]}, "properties": {"name": "", "lat": 6.673668, "lon": 81.069548, "elev_m": 404.4, "prominence_m": 83.7}}, {"type": "Feature", "geometry": {"type": "Point", "coordinates": [80.408111, 7.242513]}, "properties": {"name": "", "lat": 7.242513, "lon": 80.408111, "elev_m": 394.4, "prominence_m": 83.7}}, {"type": "Feature", "geometry": {"type": "Point", "coordinates": [80.445829, 6.094152]}, "properties": {"name": "", "lat": 6.094152, "lon": 80.445829, "elev_m": 254.4, "prominence_m": 83.7}}, {"type": "Feature", "geometry": {"type": "Point", "coordinates": [80.841751, 7.606185]}, "properties": {"name": "", "lat": 7.606185, "lon": 80.841751, "elev_m": 234.4, "prominence_m": 83.7}}, {"type": "Feature", "geometry": {"type": "Point", "coordinates": [80.651786, 7.288493]}, "properties": {"name": "", "lat": 7.288493, "lon": 80.651786, "elev_m": 654.3, "prominence_m": 83.6}}, {"type": "Feature", "geometry": {"type": "Point", "coordinates": [80.522721, 7.30336]}, "properties": {"name": "", "lat": 7.30336, "lon": 80.522721, "elev_m": 704.2, "prominence_m": 83.5}}, {"type": "Feature", "geometry": {"type": "Point", "coordinates": [80.90444, 7.192183]}, "properties": {"name": "", "lat": 7.192183, "lon": 80.90444, "elev_m": 344.2, "prominence_m": 83.5}}, {"type": "Feature", "geometry": {"type": "Point", "coordinates": [80.642023, 8.097736]}, "properties": {"name": "", "lat": 8.097736, "lon": 80.642023, "elev_m": 324.2, "prominence_m": 83.5}}, {"type": "Feature", "geometry": {"type": "Point", "coordinates": [80.220526, 6.666116]}, "properties": {"name": "", "lat": 6.666116, "lon": 80.220526, "elev_m": 284.2, "prominence_m": 83.5}}, {"type": "Feature", "geometry": {"type": "Point", "coordinates": [80.464496, 7.794077]}, "properties": {"name": "", "lat": 7.794077, "lon": 80.464496, "elev_m": 254.2, "prominence_m": 83.5}}, {"type": "Feature", "geometry": {"type": "Point", "coordinates": [80.363505, 7.300258]}, "properties": {"name": "", "lat": 7.300258, "lon": 80.363505, "elev_m": 214.2, "prominence_m": 83.5}}, {"type": "Feature", "geometry": {"type": "Point", "coordinates": [80.319821, 6.380819]}, "properties": {"name": "", "lat": 6.380819, "lon": 80.319821, "elev_m": 204.2, "prominence_m": 83.5}}, {"type": "Feature", "geometry": {"type": "Point", "coordinates": [80.230007, 6.679963]}, "properties": {"name": "", "lat": 6.679963, "lon": 80.230007, "elev_m": 334.1, "prominence_m": 83.4}}, {"type": "Feature", "geometry": {"type": "Point", "coordinates": [81.665275, 7.051368]}, "properties": {"name": "", "lat": 7.051368, "lon": 81.665275, "elev_m": 284.1, "prominence_m": 83.4}}, {"type": "Feature", "geometry": {"type": "Point", "coordinates": [80.830653, 7.987071]}, "properties": {"name": "", "lat": 7.987071, "lon": 80.830653, "elev_m": 234.1, "prominence_m": 83.4}}, {"type": "Feature", "geometry": {"type": "Point", "coordinates": [80.318129, 6.453253]}, "properties": {"name": "", "lat": 6.453253, "lon": 80.318129, "elev_m": 204.1, "prominence_m": 83.4}}, {"type": "Feature", "geometry": {"type": "Point", "coordinates": [80.788707, 6.686506]}, "properties": {"name": "", "lat": 6.686506, "lon": 80.788707, "elev_m": 574.0, "prominence_m": 83.3}}, {"type": "Feature", "geometry": {"type": "Point", "coordinates": [80.231316, 7.194047]}, "properties": {"name": "", "lat": 7.194047, "lon": 80.231316, "elev_m": 314.0, "prominence_m": 83.3}}, {"type": "Feature", "geometry": {"type": "Point", "coordinates": [80.380704, 7.206137]}, "properties": {"name": "", "lat": 7.206137, "lon": 80.380704, "elev_m": 314.0, "prominence_m": 83.3}}, {"type": "Feature", "geometry": {"type": "Point", "coordinates": [80.898335, 7.710618]}, "properties": {"name": "", "lat": 7.710618, "lon": 80.898335, "elev_m": 224.0, "prominence_m": 83.3}}, {"type": "Feature", "geometry": {"type": "Point", "coordinates": [80.705507, 7.756477]}, "properties": {"name": "", "lat": 7.756477, "lon": 80.705507, "elev_m": 773.9, "prominence_m": 83.2}}, {"type": "Feature", "geometry": {"type": "Point", "coordinates": [81.061122, 6.648171]}, "properties": {"name": "", "lat": 6.648171, "lon": 81.061122, "elev_m": 433.9, "prominence_m": 83.2}}, {"type": "Feature", "geometry": {"type": "Point", "coordinates": [80.821901, 7.589368]}, "properties": {"name": "", "lat": 7.589368, "lon": 80.821901, "elev_m": 263.9, "prominence_m": 83.2}}, {"type": "Feature", "geometry": {"type": "Point", "coordinates": [80.203305, 6.540762]}, "properties": {"name": "", "lat": 6.540762, "lon": 80.203305, "elev_m": 203.9, "prominence_m": 83.2}}, {"type": "Feature", "geometry": {"type": "Point", "coordinates": [80.701007, 7.022094]}, "properties": {"name": "", "lat": 7.022094, "lon": 80.701007, "elev_m": 1733.8, "prominence_m": 83.1}}, {"type": "Feature", "geometry": {"type": "Point", "coordinates": [80.952006, 7.267586]}, "properties": {"name": "", "lat": 7.267586, "lon": 80.952006, "elev_m": 933.8, "prominence_m": 83.1}}, {"type": "Feature", "geometry": {"type": "Point", "coordinates": [80.52873, 6.730393]}, "properties": {"name": "", "lat": 6.730393, "lon": 80.52873, "elev_m": 823.8, "prominence_m": 83.1}}, {"type": "Feature", "geometry": {"type": "Point", "coordinates": [81.244634, 7.025664]}, "properties": {"name": "", "lat": 7.025664, "lon": 81.244634, "elev_m": 793.8, "prominence_m": 83.1}}, {"type": "Feature", "geometry": {"type": "Point", "coordinates": [80.425238, 6.486436]}, "properties": {"name": "", "lat": 6.486436, "lon": 80.425238, "elev_m": 753.8, "prominence_m": 83.1}}, {"type": "Feature", "geometry": {"type": "Point", "coordinates": [81.061942, 6.658208]}, "properties": {"name": "", "lat": 6.658208, "lon": 81.061942, "elev_m": 433.8, "prominence_m": 83.1}}, {"type": "Feature", "geometry": {"type": "Point", "coordinates": [81.059778, 7.126461]}, "properties": {"name": "", "lat": 7.126461, "lon": 81.059778, "elev_m": 403.8, "prominence_m": 83.1}}, {"type": "Feature", "geometry": {"type": "Point", "coordinates": [80.879443, 7.165332]}, "properties": {"name": "", "lat": 7.165332, "lon": 80.879443, "elev_m": 333.8, "prominence_m": 83.1}}, {"type": "Feature", "geometry": {"type": "Point", "coordinates": [81.150159, 7.050165]}, "properties": {"name": "", "lat": 7.050165, "lon": 81.150159, "elev_m": 1313.7, "prominence_m": 83.0}}, {"type": "Feature", "geometry": {"type": "Point", "coordinates": [80.484728, 6.330748]}, "properties": {"name": "", "lat": 6.330748, "lon": 80.484728, "elev_m": 733.7, "prominence_m": 83.0}}, {"type": "Feature", "geometry": {"type": "Point", "coordinates": [81.36337, 7.297624]}, "properties": {"name": "", "lat": 7.297624, "lon": 81.36337, "elev_m": 593.7, "prominence_m": 83.0}}, {"type": "Feature", "geometry": {"type": "Point", "coordinates": [80.402248, 6.758798]}, "properties": {"name": "", "lat": 6.758798, "lon": 80.402248, "elev_m": 363.7, "prominence_m": 83.0}}, {"type": "Feature", "geometry": {"type": "Point", "coordinates": [80.355722, 6.250628]}, "properties": {"name": "", "lat": 6.250628, "lon": 80.355722, "elev_m": 313.7, "prominence_m": 83.0}}, {"type": "Feature", "geometry": {"type": "Point", "coordinates": [80.206921, 7.152512]}, "properties": {"name": "", "lat": 7.152512, "lon": 80.206921, "elev_m": 303.7, "prominence_m": 83.0}}, {"type": "Feature", "geometry": {"type": "Point", "coordinates": [80.289876, 7.298557]}, "properties": {"name": "", "lat": 7.298557, "lon": 80.289876, "elev_m": 213.7, "prominence_m": 83.0}}, {"type": "Feature", "geometry": {"type": "Point", "coordinates": [80.264524, 6.356351]}, "properties": {"name": "", "lat": 6.356351, "lon": 80.264524, "elev_m": 203.7, "prominence_m": 83.0}}, {"type": "Feature", "geometry": {"type": "Point", "coordinates": [80.68571, 6.02235]}, "properties": {"name": "", "lat": 6.02235, "lon": 80.68571, "elev_m": 203.6, "prominence_m": 82.9}}, {"type": "Feature", "geometry": {"type": "Point", "coordinates": [80.719726, 7.171579]}, "properties": {"name": "", "lat": 7.171579, "lon": 80.719726, "elev_m": 943.5, "prominence_m": 82.8}}, {"type": "Feature", "geometry": {"type": "Point", "coordinates": [80.552102, 7.229042]}, "properties": {"name": "", "lat": 7.229042, "lon": 80.552102, "elev_m": 673.5, "prominence_m": 82.8}}, {"type": "Feature", "geometry": {"type": "Point", "coordinates": [80.520871, 7.210578]}, "properties": {"name": "", "lat": 7.210578, "lon": 80.520871, "elev_m": 663.5, "prominence_m": 82.8}}, {"type": "Feature", "geometry": {"type": "Point", "coordinates": [81.476791, 7.378572]}, "properties": {"name": "", "lat": 7.378572, "lon": 81.476791, "elev_m": 653.5, "prominence_m": 82.8}}, {"type": "Feature", "geometry": {"type": "Point", "coordinates": [80.272146, 6.600249]}, "properties": {"name": "", "lat": 6.600249, "lon": 80.272146, "elev_m": 303.5, "prominence_m": 82.8}}, {"type": "Feature", "geometry": {"type": "Point", "coordinates": [80.33215, 7.134202]}, "properties": {"name": "", "lat": 7.134202, "lon": 80.33215, "elev_m": 253.5, "prominence_m": 82.8}}, {"type": "Feature", "geometry": {"type": "Point", "coordinates": [81.304799, 6.674015]}, "properties": {"name": "", "lat": 6.674015, "lon": 81.304799, "elev_m": 243.5, "prominence_m": 82.8}}, {"type": "Feature", "geometry": {"type": "Point", "coordinates": [80.740614, 7.51585]}, "properties": {"name": "", "lat": 7.51585, "lon": 80.740614, "elev_m": 1343.4, "prominence_m": 82.7}}, {"type": "Feature", "geometry": {"type": "Point", "coordinates": [80.588069, 6.963734]}, "properties": {"name": "", "lat": 6.963734, "lon": 80.588069, "elev_m": 1713.3, "prominence_m": 82.6}}, {"type": "Feature", "geometry": {"type": "Point", "coordinates": [80.529113, 6.505488]}, "properties": {"name": "", "lat": 6.505488, "lon": 80.529113, "elev_m": 523.3, "prominence_m": 82.6}}, {"type": "Feature", "geometry": {"type": "Point", "coordinates": [81.309353, 7.107794]}, "properties": {"name": "", "lat": 7.107794, "lon": 81.309353, "elev_m": 333.3, "prominence_m": 82.6}}, {"type": "Feature", "geometry": {"type": "Point", "coordinates": [80.927274, 7.241009]}, "properties": {"name": "", "lat": 7.241009, "lon": 80.927274, "elev_m": 953.2, "prominence_m": 82.5}}, {"type": "Feature", "geometry": {"type": "Point", "coordinates": [80.763997, 7.323778]}, "properties": {"name": "", "lat": 7.323778, "lon": 80.763997, "elev_m": 793.2, "prominence_m": 82.5}}, {"type": "Feature", "geometry": {"type": "Point", "coordinates": [80.497936, 7.820415]}, "properties": {"name": "", "lat": 7.820415, "lon": 80.497936, "elev_m": 323.2, "prominence_m": 82.5}}, {"type": "Feature", "geometry": {"type": "Point", "coordinates": [80.653729, 8.093128]}, "properties": {"name": "", "lat": 8.093128, "lon": 80.653729, "elev_m": 243.2, "prominence_m": 82.5}}, {"type": "Feature", "geometry": {"type": "Point", "coordinates": [80.632161, 6.605366]}, "properties": {"name": "", "lat": 6.605366, "lon": 80.632161, "elev_m": 243.2, "prominence_m": 82.5}}, {"type": "Feature", "geometry": {"type": "Point", "coordinates": [80.733649, 6.375865]}, "properties": {"name": "", "lat": 6.375865, "lon": 80.733649, "elev_m": 393.1, "prominence_m": 82.4}}, {"type": "Feature", "geometry": {"type": "Point", "coordinates": [80.775954, 6.549771]}, "properties": {"name": "", "lat": 6.549771, "lon": 80.775954, "elev_m": 373.1, "prominence_m": 82.4}}, {"type": "Feature", "geometry": {"type": "Point", "coordinates": [80.929804, 6.665049]}, "properties": {"name": "", "lat": 6.665049, "lon": 80.929804, "elev_m": 323.1, "prominence_m": 82.4}}, {"type": "Feature", "geometry": {"type": "Point", "coordinates": [80.482331, 7.569467]}, "properties": {"name": "", "lat": 7.569467, "lon": 80.482331, "elev_m": 243.1, "prominence_m": 82.4}}, {"type": "Feature", "geometry": {"type": "Point", "coordinates": [80.423139, 7.476916]}, "properties": {"name": "", "lat": 7.476916, "lon": 80.423139, "elev_m": 233.1, "prominence_m": 82.4}}, {"type": "Feature", "geometry": {"type": "Point", "coordinates": [80.2302, 6.988414]}, "properties": {"name": "", "lat": 6.988414, "lon": 80.2302, "elev_m": 213.1, "prominence_m": 82.4}}, {"type": "Feature", "geometry": {"type": "Point", "coordinates": [81.301871, 7.446089]}, "properties": {"name": "", "lat": 7.446089, "lon": 81.301871, "elev_m": 213.1, "prominence_m": 82.4}}, {"type": "Feature", "geometry": {"type": "Point", "coordinates": [80.44578, 7.368148]}, "properties": {"name": "", "lat": 7.368148, "lon": 80.44578, "elev_m": 393.0, "prominence_m": 82.3}}, {"type": "Feature", "geometry": {"type": "Point", "coordinates": [80.378256, 7.210476]}, "properties": {"name": "", "lat": 7.210476, "lon": 80.378256, "elev_m": 323.0, "prominence_m": 82.3}}, {"type": "Feature", "geometry": {"type": "Point", "coordinates": [80.430344, 6.149216]}, "properties": {"name": "", "lat": 6.149216, "lon": 80.430344, "elev_m": 213.0, "prominence_m": 82.3}}, {"type": "Feature", "geometry": {"type": "Point", "coordinates": [80.264734, 6.68434]}, "properties": {"name": "", "lat": 6.68434, "lon": 80.264734, "elev_m": 492.9, "prominence_m": 82.2}}, {"type": "Feature", "geometry": {"type": "Point", "coordinates": [80.809161, 8.081751]}, "properties": {"name": "", "lat": 8.081751, "lon": 80.809161, "elev_m": 302.9, "prominence_m": 82.2}}, {"type": "Feature", "geometry": {"type": "Point", "coordinates": [80.545091, 7.648992]}, "properties": {"name": "", "lat": 7.648992, "lon": 80.545091, "elev_m": 282.8, "prominence_m": 82.1}}, {"type": "Feature", "geometry": {"type": "Point", "coordinates": [80.443765, 7.152201]}, "properties": {"name": "", "lat": 7.152201, "lon": 80.443765, "elev_m": 772.7, "prominence_m": 82.0}}, {"type": "Feature", "geometry": {"type": "Point", "coordinates": [80.321734, 6.664321]}, "properties": {"name": "", "lat": 6.664321, "lon": 80.321734, "elev_m": 562.7, "prominence_m": 82.0}}, {"type": "Feature", "geometry": {"type": "Point", "coordinates": [80.389371, 6.207517]}, "properties": {"name": "", "lat": 6.207517, "lon": 80.389371, "elev_m": 362.7, "prominence_m": 82.0}}, {"type": "Feature", "geometry": {"type": "Point", "coordinates": [80.891214, 7.520719]}, "properties": {"name": "", "lat": 7.520719, "lon": 80.891214, "elev_m": 362.7, "prominence_m": 82.0}}, {"type": "Feature", "geometry": {"type": "Point", "coordinates": [80.538717, 7.368206]}, "properties": {"name": "", "lat": 7.368206, "lon": 80.538717, "elev_m": 602.6, "prominence_m": 81.9}}, {"type": "Feature", "geometry": {"type": "Point", "coordinates": [80.45298, 7.18015]}, "properties": {"name": "", "lat": 7.18015, "lon": 80.45298, "elev_m": 322.6, "prominence_m": 81.9}}, {"type": "Feature", "geometry": {"type": "Point", "coordinates": [80.559649, 7.89424]}, "properties": {"name": "", "lat": 7.89424, "lon": 80.559649, "elev_m": 242.6, "prominence_m": 81.9}}, {"type": "Feature", "geometry": {"type": "Point", "coordinates": [80.62951, 8.071689]}, "properties": {"name": "", "lat": 8.071689, "lon": 80.62951, "elev_m": 232.6, "prominence_m": 81.9}}, {"type": "Feature", "geometry": {"type": "Point", "coordinates": [80.625159, 7.290384]}, "properties": {"name": "", "lat": 7.290384, "lon": 80.625159, "elev_m": 632.5, "prominence_m": 81.8}}, {"type": "Feature", "geometry": {"type": "Point", "coordinates": [81.334447, 7.197016]}, "properties": {"name": "", "lat": 7.197016, "lon": 81.334447, "elev_m": 432.5, "prominence_m": 81.8}}, {"type": "Feature", "geometry": {"type": "Point", "coordinates": [80.332073, 7.212875]}, "properties": {"name": "", "lat": 7.212875, "lon": 80.332073, "elev_m": 342.5, "prominence_m": 81.8}}, {"type": "Feature", "geometry": {"type": "Point", "coordinates": [80.612371, 6.556526]}, "properties": {"name": "", "lat": 6.556526, "lon": 80.612371, "elev_m": 332.5, "prominence_m": 81.8}}, {"type": "Feature", "geometry": {"type": "Point", "coordinates": [80.102338, 6.585127]}, "properties": {"name": "", "lat": 6.585127, "lon": 80.102338, "elev_m": 262.5, "prominence_m": 81.8}}, {"type": "Feature", "geometry": {"type": "Point", "coordinates": [81.431423, 7.386779]}, "properties": {"name": "", "lat": 7.386779, "lon": 81.431423, "elev_m": 222.4, "prominence_m": 81.7}}, {"type": "Feature", "geometry": {"type": "Point", "coordinates": [80.465125, 6.461231]}, "properties": {"name": "", "lat": 6.461231, "lon": 80.465125, "elev_m": 662.3, "prominence_m": 81.6}}, {"type": "Feature", "geometry": {"type": "Point", "coordinates": [80.375243, 6.249558]}, "properties": {"name": "", "lat": 6.249558, "lon": 80.375243, "elev_m": 332.3, "prominence_m": 81.6}}, {"type": "Feature", "geometry": {"type": "Point", "coordinates": [80.581184, 6.529928]}, "properties": {"name": "", "lat": 6.529928, "lon": 80.581184, "elev_m": 392.2, "prominence_m": 81.5}}, {"type": "Feature", "geometry": {"type": "Point", "coordinates": [80.287926, 6.554145]}, "properties": {"name": "", "lat": 6.554145, "lon": 80.287926, "elev_m": 342.2, "prominence_m": 81.5}}, {"type": "Feature", "geometry": {"type": "Point", "coordinates": [80.297509, 6.46083]}, "properties": {"name": "", "lat": 6.46083, "lon": 80.297509, "elev_m": 222.2, "prominence_m": 81.5}}, {"type": "Feature", "geometry": {"type": "Point", "coordinates": [80.736041, 6.973808]}, "properties": {"name": "", "lat": 6.973808, "lon": 80.736041, "elev_m": 2182.1, "prominence_m": 81.4}}, {"type": "Feature", "geometry": {"type": "Point", "coordinates": [80.903654, 7.297445]}, "properties": {"name": "", "lat": 7.297445, "lon": 80.903654, "elev_m": 952.1, "prominence_m": 81.4}}, {"type": "Feature", "geometry": {"type": "Point", "coordinates": [80.388353, 6.82661]}, "properties": {"name": "", "lat": 6.82661, "lon": 80.388353, "elev_m": 442.1, "prominence_m": 81.4}}, {"type": "Feature", "geometry": {"type": "Point", "coordinates": [81.206861, 7.284778]}, "properties": {"name": "", "lat": 7.284778, "lon": 81.206861, "elev_m": 252.1, "prominence_m": 81.4}}, {"type": "Feature", "geometry": {"type": "Point", "coordinates": [81.294801, 6.713362]}, "properties": {"name": "", "lat": 6.713362, "lon": 81.294801, "elev_m": 222.1, "prominence_m": 81.4}}, {"type": "Feature", "geometry": {"type": "Point", "coordinates": [80.299939, 7.289615]}, "properties": {"name": "", "lat": 7.289615, "lon": 80.299939, "elev_m": 202.1, "prominence_m": 81.4}}, {"type": "Feature", "geometry": {"type": "Point", "coordinates": [80.730911, 6.661273]}, "properties": {"name": "", "lat": 6.661273, "lon": 80.730911, "elev_m": 652.0, "prominence_m": 81.3}}, {"type": "Feature", "geometry": {"type": "Point", "coordinates": [80.954138, 7.162053]}, "properties": {"name": "", "lat": 7.162053, "lon": 80.954138, "elev_m": 482.0, "prominence_m": 81.3}}, {"type": "Feature", "geometry": {"type": "Point", "coordinates": [81.513347, 7.133285]}, "properties": {"name": "", "lat": 7.133285, "lon": 81.513347, "elev_m": 382.0, "prominence_m": 81.3}}, {"type": "Feature", "geometry": {"type": "Point", "coordinates": [81.3476, 7.288149]}, "properties": {"name": "", "lat": 7.288149, "lon": 81.3476, "elev_m": 302.0, "prominence_m": 81.3}}, {"type": "Feature", "geometry": {"type": "Point", "coordinates": [80.396909, 7.633153]}, "properties": {"name": "", "lat": 7.633153, "lon": 80.396909, "elev_m": 272.0, "prominence_m": 81.3}}, {"type": "Feature", "geometry": {"type": "Point", "coordinates": [80.358695, 6.910414]}, "properties": {"name": "", "lat": 6.910414, "lon": 80.358695, "elev_m": 272.0, "prominence_m": 81.3}}, {"type": "Feature", "geometry": {"type": "Point", "coordinates": [80.826173, 6.875869]}, "properties": {"name": "", "lat": 6.875869, "lon": 80.826173, "elev_m": 1921.9, "prominence_m": 81.2}}, {"type": "Feature", "geometry": {"type": "Point", "coordinates": [81.077874, 6.971272]}, "properties": {"name": "", "lat": 6.971272, "lon": 81.077874, "elev_m": 1121.9, "prominence_m": 81.2}}, {"type": "Feature", "geometry": {"type": "Point", "coordinates": [80.651223, 6.316436]}, "properties": {"name": "", "lat": 6.316436, "lon": 80.651223, "elev_m": 431.9, "prominence_m": 81.2}}, {"type": "Feature", "geometry": {"type": "Point", "coordinates": [81.279587, 6.955365]}, "properties": {"name": "", "lat": 6.955365, "lon": 81.279587, "elev_m": 371.9, "prominence_m": 81.2}}, {"type": "Feature", "geometry": {"type": "Point", "coordinates": [80.631741, 6.168029]}, "properties": {"name": "", "lat": 6.168029, "lon": 80.631741, "elev_m": 201.9, "prominence_m": 81.2}}, {"type": "Feature", "geometry": {"type": "Point", "coordinates": [80.840028, 6.956713]}, "properties": {"name": "Kotakithula Kanda", "lat": 6.956713, "lon": 80.840028, "elev_m": 1761.8, "prominence_m": 81.1}}, {"type": "Feature", "geometry": {"type": "Point", "coordinates": [81.252, 7.320542]}, "properties": {"name": "", "lat": 7.320542, "lon": 81.252, "elev_m": 541.8, "prominence_m": 81.1}}, {"type": "Feature", "geometry": {"type": "Point", "coordinates": [80.382921, 7.155951]}, "properties": {"name": "", "lat": 7.155951, "lon": 80.382921, "elev_m": 361.8, "prominence_m": 81.1}}, {"type": "Feature", "geometry": {"type": "Point", "coordinates": [80.473136, 6.670134]}, "properties": {"name": "", "lat": 6.670134, "lon": 80.473136, "elev_m": 281.8, "prominence_m": 81.1}}, {"type": "Feature", "geometry": {"type": "Point", "coordinates": [80.226815, 7.095838]}, "properties": {"name": "", "lat": 7.095838, "lon": 80.226815, "elev_m": 281.8, "prominence_m": 81.1}}, {"type": "Feature", "geometry": {"type": "Point", "coordinates": [80.287712, 7.290145]}, "properties": {"name": "", "lat": 7.290145, "lon": 80.287712, "elev_m": 281.8, "prominence_m": 81.1}}, {"type": "Feature", "geometry": {"type": "Point", "coordinates": [80.862956, 7.589362]}, "properties": {"name": "", "lat": 7.589362, "lon": 80.862956, "elev_m": 261.8, "prominence_m": 81.1}}, {"type": "Feature", "geometry": {"type": "Point", "coordinates": [80.404924, 6.808718]}, "properties": {"name": "", "lat": 6.808718, "lon": 80.404924, "elev_m": 851.7, "prominence_m": 81.0}}, {"type": "Feature", "geometry": {"type": "Point", "coordinates": [80.521139, 7.217631]}, "properties": {"name": "", "lat": 7.217631, "lon": 80.521139, "elev_m": 651.7, "prominence_m": 81.0}}, {"type": "Feature", "geometry": {"type": "Point", "coordinates": [80.262654, 7.104017]}, "properties": {"name": "", "lat": 7.104017, "lon": 80.262654, "elev_m": 301.7, "prominence_m": 81.0}}, {"type": "Feature", "geometry": {"type": "Point", "coordinates": [80.737641, 7.315366]}, "properties": {"name": "", "lat": 7.315366, "lon": 80.737641, "elev_m": 571.6, "prominence_m": 80.9}}, {"type": "Feature", "geometry": {"type": "Point", "coordinates": [80.400726, 6.969319]}, "properties": {"name": "", "lat": 6.969319, "lon": 80.400726, "elev_m": 441.6, "prominence_m": 80.9}}, {"type": "Feature", "geometry": {"type": "Point", "coordinates": [81.209533, 7.237301]}, "properties": {"name": "", "lat": 7.237301, "lon": 81.209533, "elev_m": 431.6, "prominence_m": 80.9}}, {"type": "Feature", "geometry": {"type": "Point", "coordinates": [80.362832, 6.512162]}, "properties": {"name": "", "lat": 6.512162, "lon": 80.362832, "elev_m": 341.6, "prominence_m": 80.9}}, {"type": "Feature", "geometry": {"type": "Point", "coordinates": [80.217281, 7.119971]}, "properties": {"name": "", "lat": 7.119971, "lon": 80.217281, "elev_m": 331.6, "prominence_m": 80.9}}, {"type": "Feature", "geometry": {"type": "Point", "coordinates": [81.122984, 7.381971]}, "properties": {"name": "", "lat": 7.381971, "lon": 81.122984, "elev_m": 231.6, "prominence_m": 80.9}}, {"type": "Feature", "geometry": {"type": "Point", "coordinates": [80.283842, 6.287461]}, "properties": {"name": "", "lat": 6.287461, "lon": 80.283842, "elev_m": 221.6, "prominence_m": 80.9}}, {"type": "Feature", "geometry": {"type": "Point", "coordinates": [81.090294, 6.864917]}, "properties": {"name": "", "lat": 6.864917, "lon": 81.090294, "elev_m": 1181.5, "prominence_m": 80.8}}, {"type": "Feature", "geometry": {"type": "Point", "coordinates": [80.31332, 6.667569]}, "properties": {"name": "", "lat": 6.667569, "lon": 80.31332, "elev_m": 491.5, "prominence_m": 80.8}}, {"type": "Feature", "geometry": {"type": "Point", "coordinates": [80.633635, 6.182408]}, "properties": {"name": "", "lat": 6.182408, "lon": 80.633635, "elev_m": 201.5, "prominence_m": 80.8}}, {"type": "Feature", "geometry": {"type": "Point", "coordinates": [80.815869, 7.013417]}, "properties": {"name": "", "lat": 7.013417, "lon": 80.815869, "elev_m": 2151.4, "prominence_m": 80.7}}, {"type": "Feature", "geometry": {"type": "Point", "coordinates": [80.793067, 7.218516]}, "properties": {"name": "", "lat": 7.218516, "lon": 80.793067, "elev_m": 781.4, "prominence_m": 80.7}}, {"type": "Feature", "geometry": {"type": "Point", "coordinates": [81.263422, 6.8116]}, "properties": {"name": "", "lat": 6.8116, "lon": 81.263422, "elev_m": 501.4, "prominence_m": 80.7}}, {"type": "Feature", "geometry": {"type": "Point", "coordinates": [81.187265, 7.246545]}, "properties": {"name": "", "lat": 7.246545, "lon": 81.187265, "elev_m": 341.4, "prominence_m": 80.7}}, {"type": "Feature", "geometry": {"type": "Point", "coordinates": [80.494541, 7.606913]}, "properties": {"name": "", "lat": 7.606913, "lon": 80.494541, "elev_m": 231.4, "prominence_m": 80.7}}, {"type": "Feature", "geometry": {"type": "Point", "coordinates": [81.433565, 7.178166]}, "properties": {"name": "", "lat": 7.178166, "lon": 81.433565, "elev_m": 201.4, "prominence_m": 80.7}}, {"type": "Feature", "geometry": {"type": "Point", "coordinates": [80.589977, 6.945287]}, "properties": {"name": "", "lat": 6.945287, "lon": 80.589977, "elev_m": 1481.3, "prominence_m": 80.6}}, {"type": "Feature", "geometry": {"type": "Point", "coordinates": [80.532268, 7.233915]}, "properties": {"name": "", "lat": 7.233915, "lon": 80.532268, "elev_m": 631.3, "prominence_m": 80.6}}, {"type": "Feature", "geometry": {"type": "Point", "coordinates": [80.658795, 7.49576]}, "properties": {"name": "", "lat": 7.49576, "lon": 80.658795, "elev_m": 561.3, "prominence_m": 80.6}}, {"type": "Feature", "geometry": {"type": "Point", "coordinates": [80.510658, 6.524198]}, "properties": {"name": "", "lat": 6.524198, "lon": 80.510658, "elev_m": 521.3, "prominence_m": 80.6}}, {"type": "Feature", "geometry": {"type": "Point", "coordinates": [80.210165, 7.164181]}, "properties": {"name": "", "lat": 7.164181, "lon": 80.210165, "elev_m": 301.3, "prominence_m": 80.6}}, {"type": "Feature", "geometry": {"type": "Point", "coordinates": [80.253592, 6.440982]}, "properties": {"name": "", "lat": 6.440982, "lon": 80.253592, "elev_m": 251.3, "prominence_m": 80.6}}, {"type": "Feature", "geometry": {"type": "Point", "coordinates": [80.334744, 7.260081]}, "properties": {"name": "", "lat": 7.260081, "lon": 80.334744, "elev_m": 321.2, "prominence_m": 80.5}}, {"type": "Feature", "geometry": {"type": "Point", "coordinates": [80.978614, 7.22851]}, "properties": {"name": "", "lat": 7.22851, "lon": 80.978614, "elev_m": 291.2, "prominence_m": 80.5}}, {"type": "Feature", "geometry": {"type": "Point", "coordinates": [80.338366, 6.255768]}, "properties": {"name": "", "lat": 6.255768, "lon": 80.338366, "elev_m": 241.2, "prominence_m": 80.5}}, {"type": "Feature", "geometry": {"type": "Point", "coordinates": [80.157255, 6.488621]}, "properties": {"name": "", "lat": 6.488621, "lon": 80.157255, "elev_m": 221.2, "prominence_m": 80.5}}, {"type": "Feature", "geometry": {"type": "Point", "coordinates": [80.842388, 8.185919]}, "properties": {"name": "", "lat": 8.185919, "lon": 80.842388, "elev_m": 211.2, "prominence_m": 80.5}}, {"type": "Feature", "geometry": {"type": "Point", "coordinates": [81.113692, 6.940863]}, "properties": {"name": "", "lat": 6.940863, "lon": 81.113692, "elev_m": 1871.1, "prominence_m": 80.4}}, {"type": "Feature", "geometry": {"type": "Point", "coordinates": [80.532583, 7.152799]}, "properties": {"name": "", "lat": 7.152799, "lon": 80.532583, "elev_m": 811.1, "prominence_m": 80.4}}, {"type": "Feature", "geometry": {"type": "Point", "coordinates": [80.81313, 6.697356]}, "properties": {"name": "", "lat": 6.697356, "lon": 80.81313, "elev_m": 621.1, "prominence_m": 80.4}}, {"type": "Feature", "geometry": {"type": "Point", "coordinates": [80.668346, 7.346011]}, "properties": {"name": "", "lat": 7.346011, "lon": 80.668346, "elev_m": 581.1, "prominence_m": 80.4}}, {"type": "Feature", "geometry": {"type": "Point", "coordinates": [80.412044, 7.417224]}, "properties": {"name": "", "lat": 7.417224, "lon": 80.412044, "elev_m": 541.1, "prominence_m": 80.4}}, {"type": "Feature", "geometry": {"type": "Point", "coordinates": [81.32824, 7.003328]}, "properties": {"name": "", "lat": 7.003328, "lon": 81.32824, "elev_m": 441.1, "prominence_m": 80.4}}, {"type": "Feature", "geometry": {"type": "Point", "coordinates": [80.315859, 6.562581]}, "properties": {"name": "", "lat": 6.562581, "lon": 80.315859, "elev_m": 431.1, "prominence_m": 80.4}}, {"type": "Feature", "geometry": {"type": "Point", "coordinates": [81.256975, 6.878072]}, "properties": {"name": "", "lat": 6.878072, "lon": 81.256975, "elev_m": 381.1, "prominence_m": 80.4}}, {"type": "Feature", "geometry": {"type": "Point", "coordinates": [80.734189, 6.405166]}, "properties": {"name": "", "lat": 6.405166, "lon": 80.734189, "elev_m": 291.1, "prominence_m": 80.4}}, {"type": "Feature", "geometry": {"type": "Point", "coordinates": [80.802602, 7.663974]}, "properties": {"name": "", "lat": 7.663974, "lon": 80.802602, "elev_m": 281.1, "prominence_m": 80.4}}, {"type": "Feature", "geometry": {"type": "Point", "coordinates": [80.627292, 8.182642]}, "properties": {"name": "", "lat": 8.182642, "lon": 80.627292, "elev_m": 231.1, "prominence_m": 80.4}}, {"type": "Feature", "geometry": {"type": "Point", "coordinates": [80.511148, 7.113721]}, "properties": {"name": "", "lat": 7.113721, "lon": 80.511148, "elev_m": 851.0, "prominence_m": 80.3}}, {"type": "Feature", "geometry": {"type": "Point", "coordinates": [80.786535, 6.627905]}, "properties": {"name": "", "lat": 6.627905, "lon": 80.786535, "elev_m": 621.0, "prominence_m": 80.3}}, {"type": "Feature", "geometry": {"type": "Point", "coordinates": [81.223634, 7.211787]}, "properties": {"name": "", "lat": 7.211787, "lon": 81.223634, "elev_m": 401.0, "prominence_m": 80.3}}, {"type": "Feature", "geometry": {"type": "Point", "coordinates": [80.391321, 6.136167]}, "properties": {"name": "", "lat": 6.136167, "lon": 80.391321, "elev_m": 281.0, "prominence_m": 80.3}}, {"type": "Feature", "geometry": {"type": "Point", "coordinates": [80.787344, 6.360402]}, "properties": {"name": "", "lat": 6.360402, "lon": 80.787344, "elev_m": 261.0, "prominence_m": 80.3}}, {"type": "Feature", "geometry": {"type": "Point", "coordinates": [80.374782, 6.141581]}, "properties": {"name": "", "lat": 6.141581, "lon": 80.374782, "elev_m": 251.0, "prominence_m": 80.3}}, {"type": "Feature", "geometry": {"type": "Point", "coordinates": [80.424558, 6.290559]}, "properties": {"name": "", "lat": 6.290559, "lon": 80.424558, "elev_m": 241.0, "prominence_m": 80.3}}, {"type": "Feature", "geometry": {"type": "Point", "coordinates": [81.08307, 7.430289]}, "properties": {"name": "", "lat": 7.430289, "lon": 81.08307, "elev_m": 211.0, "prominence_m": 80.3}}, {"type": "Feature", "geometry": {"type": "Point", "coordinates": [80.174545, 6.769422]}, "properties": {"name": "", "lat": 6.769422, "lon": 80.174545, "elev_m": 211.0, "prominence_m": 80.3}}, {"type": "Feature", "geometry": {"type": "Point", "coordinates": [80.401891, 6.136989]}, "properties": {"name": "", "lat": 6.136989, "lon": 80.401891, "elev_m": 201.0, "prominence_m": 80.3}}, {"type": "Feature", "geometry": {"type": "Point", "coordinates": [80.820207, 6.943151]}, "properties": {"name": "Ahumulu Kanda", "lat": 6.943151, "lon": 80.820207, "elev_m": 1970.9, "prominence_m": 80.2}}, {"type": "Feature", "geometry": {"type": "Point", "coordinates": [80.90137, 6.885893]}, "properties": {"name": "", "lat": 6.885893, "lon": 80.90137, "elev_m": 1220.9, "prominence_m": 80.2}}, {"type": "Feature", "geometry": {"type": "Point", "coordinates": [80.544683, 6.264853]}, "properties": {"name": "", "lat": 6.264853, "lon": 80.544683, "elev_m": 340.9, "prominence_m": 80.2}}, {"type": "Feature", "geometry": {"type": "Point", "coordinates": [80.937101, 7.373938]}, "properties": {"name": "", "lat": 7.373938, "lon": 80.937101, "elev_m": 290.9, "prominence_m": 80.2}}, {"type": "Feature", "geometry": {"type": "Point", "coordinates": [81.238995, 6.812167]}, "properties": {"name": "", "lat": 6.812167, "lon": 81.238995, "elev_m": 270.9, "prominence_m": 80.2}}, {"type": "Feature", "geometry": {"type": "Point", "coordinates": [81.065971, 6.587398]}, "properties": {"name": "", "lat": 6.587398, "lon": 81.065971, "elev_m": 250.9, "prominence_m": 80.2}}, {"type": "Feature", "geometry": {"type": "Point", "coordinates": [80.906819, 7.879898]}, "properties": {"name": "", "lat": 7.879898, "lon": 80.906819, "elev_m": 230.9, "prominence_m": 80.2}}, {"type": "Feature", "geometry": {"type": "Point", "coordinates": [81.37204, 7.070824]}, "properties": {"name": "", "lat": 7.070824, "lon": 81.37204, "elev_m": 230.9, "prominence_m": 80.2}}, {"type": "Feature", "geometry": {"type": "Point", "coordinates": [80.615474, 7.015832]}, "properties": {"name": "", "lat": 7.015832, "lon": 80.615474, "elev_m": 1490.8, "prominence_m": 80.1}}, {"type": "Feature", "geometry": {"type": "Point", "coordinates": [80.708848, 7.256221]}, "properties": {"name": "", "lat": 7.256221, "lon": 80.708848, "elev_m": 630.8, "prominence_m": 80.1}}, {"type": "Feature", "geometry": {"type": "Point", "coordinates": [81.055395, 6.596357]}, "properties": {"name": "", "lat": 6.596357, "lon": 81.055395, "elev_m": 330.8, "prominence_m": 80.1}}, {"type": "Feature", "geometry": {"type": "Point", "coordinates": [80.166799, 6.885249]}, "properties": {"name": "", "lat": 6.885249, "lon": 80.166799, "elev_m": 270.8, "prominence_m": 80.1}}, {"type": "Feature", "geometry": {"type": "Point", "coordinates": [80.374823, 7.403628]}, "properties": {"name": "", "lat": 7.403628, "lon": 80.374823, "elev_m": 260.8, "prominence_m": 80.1}}, {"type": "Feature", "geometry": {"type": "Point", "coordinates": [81.181531, 6.902015]}, "properties": {"name": "", "lat": 6.902015, "lon": 81.181531, "elev_m": 760.7, "prominence_m": 80.0}}, {"type": "Feature", "geometry": {"type": "Point", "coordinates": [80.427179, 6.424039]}, "properties": {"name": "Mulawella", "lat": 6.424039, "lon": 80.427179, "elev_m": 750.7, "prominence_m": 80.0}}, {"type": "Feature", "geometry": {"type": "Point", "coordinates": [81.413246, 7.215902]}, "properties": {"name": "", "lat": 7.215902, "lon": 81.413246, "elev_m": 690.7, "prominence_m": 80.0}}, {"type": "Feature", "geometry": {"type": "Point", "coordinates": [80.902967, 7.737203]}, "properties": {"name": "", "lat": 7.737203, "lon": 80.902967, "elev_m": 340.7, "prominence_m": 80.0}}, {"type": "Feature", "geometry": {"type": "Point", "coordinates": [80.581328, 8.6286]}, "properties": {"name": "", "lat": 8.6286, "lon": 80.581328, "elev_m": 220.7, "prominence_m": 80.0}}, {"type": "Feature", "geometry": {"type": "Point", "coordinates": [81.48088, 7.213362]}, "properties": {"name": "", "lat": 7.213362, "lon": 81.48088, "elev_m": 350.6, "prominence_m": 79.9}}, {"type": "Feature", "geometry": {"type": "Point", "coordinates": [80.52354, 7.765089]}, "properties": {"name": "", "lat": 7.765089, "lon": 80.52354, "elev_m": 340.6, "prominence_m": 79.9}}, {"type": "Feature", "geometry": {"type": "Point", "coordinates": [81.422405, 7.161363]}, "properties": {"name": "", "lat": 7.161363, "lon": 81.422405, "elev_m": 290.6, "prominence_m": 79.9}}, {"type": "Feature", "geometry": {"type": "Point", "coordinates": [80.419746, 7.636428]}, "properties": {"name": "", "lat": 7.636428, "lon": 80.419746, "elev_m": 250.6, "prominence_m": 79.9}}, {"type": "Feature", "geometry": {"type": "Point", "coordinates": [81.470894, 6.891916]}, "properties": {"name": "", "lat": 6.891916, "lon": 81.470894, "elev_m": 220.6, "prominence_m": 79.9}}, {"type": "Feature", "geometry": {"type": "Point", "coordinates": [81.238321, 7.229406]}, "properties": {"name": "", "lat": 7.229406, "lon": 81.238321, "elev_m": 310.5, "prominence_m": 79.8}}, {"type": "Feature", "geometry": {"type": "Point", "coordinates": [80.887994, 7.685392]}, "properties": {"name": "", "lat": 7.685392, "lon": 80.887994, "elev_m": 270.5, "prominence_m": 79.8}}, {"type": "Feature", "geometry": {"type": "Point", "coordinates": [80.243051, 6.908128]}, "properties": {"name": "", "lat": 6.908128, "lon": 80.243051, "elev_m": 220.5, "prominence_m": 79.8}}, {"type": "Feature", "geometry": {"type": "Point", "coordinates": [80.668352, 6.092615]}, "properties": {"name": "", "lat": 6.092615, "lon": 80.668352, "elev_m": 220.5, "prominence_m": 79.8}}, {"type": "Feature", "geometry": {"type": "Point", "coordinates": [81.29297, 6.777659]}, "properties": {"name": "", "lat": 6.777659, "lon": 81.29297, "elev_m": 220.5, "prominence_m": 79.8}}, {"type": "Feature", "geometry": {"type": "Point", "coordinates": [80.782197, 6.862035]}, "properties": {"name": "", "lat": 6.862035, "lon": 80.782197, "elev_m": 2010.4, "prominence_m": 79.7}}, {"type": "Feature", "geometry": {"type": "Point", "coordinates": [80.590501, 6.994391]}, "properties": {"name": "", "lat": 6.994391, "lon": 80.590501, "elev_m": 1520.4, "prominence_m": 79.7}}, {"type": "Feature", "geometry": {"type": "Point", "coordinates": [81.347284, 6.808253]}, "properties": {"name": "", "lat": 6.808253, "lon": 81.347284, "elev_m": 490.4, "prominence_m": 79.7}}, {"type": "Feature", "geometry": {"type": "Point", "coordinates": [80.540652, 6.185631]}, "properties": {"name": "", "lat": 6.185631, "lon": 80.540652, "elev_m": 390.4, "prominence_m": 79.7}}, {"type": "Feature", "geometry": {"type": "Point", "coordinates": [80.259061, 7.159355]}, "properties": {"name": "", "lat": 7.159355, "lon": 80.259061, "elev_m": 220.4, "prominence_m": 79.7}}, {"type": "Feature", "geometry": {"type": "Point", "coordinates": [80.374432, 6.59166]}, "properties": {"name": "", "lat": 6.59166, "lon": 80.374432, "elev_m": 640.3, "prominence_m": 79.6}}, {"type": "Feature", "geometry": {"type": "Point", "coordinates": [80.343013, 6.533035]}, "properties": {"name": "", "lat": 6.533035, "lon": 80.343013, "elev_m": 390.3, "prominence_m": 79.6}}, {"type": "Feature", "geometry": {"type": "Point", "coordinates": [80.391001, 6.909356]}, "properties": {"name": "", "lat": 6.909356, "lon": 80.391001, "elev_m": 260.3, "prominence_m": 79.6}}, {"type": "Feature", "geometry": {"type": "Point", "coordinates": [80.313988, 7.098375]}, "properties": {"name": "", "lat": 7.098375, "lon": 80.313988, "elev_m": 260.3, "prominence_m": 79.6}}, {"type": "Feature", "geometry": {"type": "Point", "coordinates": [80.742837, 6.847927]}, "properties": {"name": "", "lat": 6.847927, "lon": 80.742837, "elev_m": 1690.2, "prominence_m": 79.5}}, {"type": "Feature", "geometry": {"type": "Point", "coordinates": [80.887672, 7.489793]}, "properties": {"name": "", "lat": 7.489793, "lon": 80.887672, "elev_m": 450.2, "prominence_m": 79.5}}, {"type": "Feature", "geometry": {"type": "Point", "coordinates": [81.206224, 7.185217]}, "properties": {"name": "", "lat": 7.185217, "lon": 81.206224, "elev_m": 420.2, "prominence_m": 79.5}}, {"type": "Feature", "geometry": {"type": "Point", "coordinates": [80.269398, 6.634428]}, "properties": {"name": "", "lat": 6.634428, "lon": 80.269398, "elev_m": 330.2, "prominence_m": 79.5}}, {"type": "Feature", "geometry": {"type": "Point", "coordinates": [80.320767, 6.535457]}, "properties": {"name": "", "lat": 6.535457, "lon": 80.320767, "elev_m": 330.2, "prominence_m": 79.5}}, {"type": "Feature", "geometry": {"type": "Point", "coordinates": [80.42653, 6.178785]}, "properties": {"name": "", "lat": 6.178785, "lon": 80.42653, "elev_m": 260.2, "prominence_m": 79.5}}, {"type": "Feature", "geometry": {"type": "Point", "coordinates": [81.155853, 7.03958]}, "properties": {"name": "", "lat": 7.03958, "lon": 81.155853, "elev_m": 1390.1, "prominence_m": 79.4}}, {"type": "Feature", "geometry": {"type": "Point", "coordinates": [80.622559, 7.729598]}, "properties": {"name": "", "lat": 7.729598, "lon": 80.622559, "elev_m": 480.1, "prominence_m": 79.4}}, {"type": "Feature", "geometry": {"type": "Point", "coordinates": [81.16512, 6.749021]}, "properties": {"name": "", "lat": 6.749021, "lon": 81.16512, "elev_m": 270.1, "prominence_m": 79.4}}, {"type": "Feature", "geometry": {"type": "Point", "coordinates": [80.180865, 7.138372]}, "properties": {"name": "", "lat": 7.138372, "lon": 80.180865, "elev_m": 260.1, "prominence_m": 79.4}}, {"type": "Feature", "geometry": {"type": "Point", "coordinates": [80.173589, 7.094144]}, "properties": {"name": "", "lat": 7.094144, "lon": 80.173589, "elev_m": 240.1, "prominence_m": 79.4}}, {"type": "Feature", "geometry": {"type": "Point", "coordinates": [80.989191, 6.581468]}, "properties": {"name": "", "lat": 6.581468, "lon": 80.989191, "elev_m": 250.0, "prominence_m": 79.3}}, {"type": "Feature", "geometry": {"type": "Point", "coordinates": [81.595474, 7.040916]}, "properties": {"name": "", "lat": 7.040916, "lon": 81.595474, "elev_m": 200.0, "prominence_m": 79.3}}, {"type": "Feature", "geometry": {"type": "Point", "coordinates": [80.950665, 7.311536]}, "properties": {"name": "", "lat": 7.311536, "lon": 80.950665, "elev_m": 789.9, "prominence_m": 79.2}}, {"type": "Feature", "geometry": {"type": "Point", "coordinates": [80.657452, 7.436348]}, "properties": {"name": "", "lat": 7.436348, "lon": 80.657452, "elev_m": 579.9, "prominence_m": 79.2}}, {"type": "Feature", "geometry": {"type": "Point", "coordinates": [80.364908, 6.291058]}, "properties": {"name": "", "lat": 6.291058, "lon": 80.364908, "elev_m": 419.9, "prominence_m": 79.2}}, {"type": "Feature", "geometry": {"type": "Point", "coordinates": [81.067602, 6.594451]}, "properties": {"name": "", "lat": 6.594451, "lon": 81.067602, "elev_m": 299.9, "prominence_m": 79.2}}, {"type": "Feature", "geometry": {"type": "Point", "coordinates": [80.553918, 6.224704]}, "properties": {"name": "", "lat": 6.224704, "lon": 80.553918, "elev_m": 249.9, "prominence_m": 79.2}}, {"type": "Feature", "geometry": {"type": "Point", "coordinates": [81.516356, 7.476707]}, "properties": {"name": "", "lat": 7.476707, "lon": 81.516356, "elev_m": 239.9, "prominence_m": 79.2}}, {"type": "Feature", "geometry": {"type": "Point", "coordinates": [80.37873, 7.28942]}, "properties": {"name": "", "lat": 7.28942, "lon": 80.37873, "elev_m": 219.9, "prominence_m": 79.2}}, {"type": "Feature", "geometry": {"type": "Point", "coordinates": [80.723809, 7.090192]}, "properties": {"name": "", "lat": 7.090192, "lon": 80.723809, "elev_m": 2079.8, "prominence_m": 79.1}}, {"type": "Feature", "geometry": {"type": "Point", "coordinates": [80.707138, 7.762717]}, "properties": {"name": "", "lat": 7.762717, "lon": 80.707138, "elev_m": 779.8, "prominence_m": 79.1}}, {"type": "Feature", "geometry": {"type": "Point", "coordinates": [80.6302, 7.654726]}, "properties": {"name": "", "lat": 7.654726, "lon": 80.6302, "elev_m": 539.8, "prominence_m": 79.1}}, {"type": "Feature", "geometry": {"type": "Point", "coordinates": [80.279319, 7.011256]}, "properties": {"name": "", "lat": 7.011256, "lon": 80.279319, "elev_m": 259.8, "prominence_m": 79.1}}, {"type": "Feature", "geometry": {"type": "Point", "coordinates": [80.533574, 7.33158]}, "properties": {"name": "", "lat": 7.33158, "lon": 80.533574, "elev_m": 619.7, "prominence_m": 79.0}}, {"type": "Feature", "geometry": {"type": "Point", "coordinates": [80.495383, 6.674217]}, "properties": {"name": "", "lat": 6.674217, "lon": 80.495383, "elev_m": 309.7, "prominence_m": 79.0}}, {"type": "Feature", "geometry": {"type": "Point", "coordinates": [80.316004, 6.981723]}, "properties": {"name": "", "lat": 6.981723, "lon": 80.316004, "elev_m": 289.7, "prominence_m": 79.0}}, {"type": "Feature", "geometry": {"type": "Point", "coordinates": [81.275654, 7.334895]}, "properties": {"name": "", "lat": 7.334895, "lon": 81.275654, "elev_m": 229.7, "prominence_m": 79.0}}, {"type": "Feature", "geometry": {"type": "Point", "coordinates": [80.837191, 8.029119]}, "properties": {"name": "", "lat": 8.029119, "lon": 80.837191, "elev_m": 229.7, "prominence_m": 79.0}}, {"type": "Feature", "geometry": {"type": "Point", "coordinates": [80.787101, 7.643357]}, "properties": {"name": "", "lat": 7.643357, "lon": 80.787101, "elev_m": 549.6, "prominence_m": 78.9}}, {"type": "Feature", "geometry": {"type": "Point", "coordinates": [80.21806, 7.149541]}, "properties": {"name": "", "lat": 7.149541, "lon": 80.21806, "elev_m": 339.6, "prominence_m": 78.9}}, {"type": "Feature", "geometry": {"type": "Point", "coordinates": [81.209321, 7.299425]}, "properties": {"name": "", "lat": 7.299425, "lon": 81.209321, "elev_m": 309.6, "prominence_m": 78.9}}, {"type": "Feature", "geometry": {"type": "Point", "coordinates": [80.794123, 6.364201]}, "properties": {"name": "", "lat": 6.364201, "lon": 80.794123, "elev_m": 259.6, "prominence_m": 78.9}}, {"type": "Feature", "geometry": {"type": "Point", "coordinates": [81.450273, 6.898728]}, "properties": {"name": "", "lat": 6.898728, "lon": 81.450273, "elev_m": 239.6, "prominence_m": 78.9}}, {"type": "Feature", "geometry": {"type": "Point", "coordinates": [80.765632, 7.116781]}, "properties": {"name": "", "lat": 7.116781, "lon": 80.765632, "elev_m": 1199.5, "prominence_m": 78.8}}, {"type": "Feature", "geometry": {"type": "Point", "coordinates": [80.807697, 6.600503]}, "properties": {"name": "", "lat": 6.600503, "lon": 80.807697, "elev_m": 569.5, "prominence_m": 78.8}}, {"type": "Feature", "geometry": {"type": "Point", "coordinates": [80.372302, 7.776095]}, "properties": {"name": "", "lat": 7.776095, "lon": 80.372302, "elev_m": 329.5, "prominence_m": 78.8}}, {"type": "Feature", "geometry": {"type": "Point", "coordinates": [80.474796, 7.845086]}, "properties": {"name": "", "lat": 7.845086, "lon": 80.474796, "elev_m": 279.5, "prominence_m": 78.8}}, {"type": "Feature", "geometry": {"type": "Point", "coordinates": [80.443666, 6.511136]}, "properties": {"name": "", "lat": 6.511136, "lon": 80.443666, "elev_m": 719.4, "prominence_m": 78.7}}, {"type": "Feature", "geometry": {"type": "Point", "coordinates": [80.350127, 6.459791]}, "properties": {"name": "", "lat": 6.459791, "lon": 80.350127, "elev_m": 339.4, "prominence_m": 78.7}}, {"type": "Feature", "geometry": {"type": "Point", "coordinates": [81.321016, 6.859556]}, "properties": {"name": "", "lat": 6.859556, "lon": 81.321016, "elev_m": 299.4, "prominence_m": 78.7}}, {"type": "Feature", "geometry": {"type": "Point", "coordinates": [81.429446, 7.146704]}, "properties": {"name": "", "lat": 7.146704, "lon": 81.429446, "elev_m": 299.4, "prominence_m": 78.7}}, {"type": "Feature", "geometry": {"type": "Point", "coordinates": [80.654323, 7.925476]}, "properties": {"name": "", "lat": 7.925476, "lon": 80.654323, "elev_m": 279.4, "prominence_m": 78.7}}, {"type": "Feature", "geometry": {"type": "Point", "coordinates": [80.810735, 7.348193]}, "properties": {"name": "", "lat": 7.348193, "lon": 80.810735, "elev_m": 1339.3, "prominence_m": 78.6}}, {"type": "Feature", "geometry": {"type": "Point", "coordinates": [81.065894, 6.915935]}, "properties": {"name": "", "lat": 6.915935, "lon": 81.065894, "elev_m": 1059.3, "prominence_m": 78.6}}, {"type": "Feature", "geometry": {"type": "Point", "coordinates": [80.882438, 7.1987]}, "properties": {"name": "", "lat": 7.1987, "lon": 80.882438, "elev_m": 329.3, "prominence_m": 78.6}}, {"type": "Feature", "geometry": {"type": "Point", "coordinates": [80.282463, 6.860967]}, "properties": {"name": "", "lat": 6.860967, "lon": 80.282463, "elev_m": 259.3, "prominence_m": 78.6}}, {"type": "Feature", "geometry": {"type": "Point", "coordinates": [81.149923, 7.094928]}, "properties": {"name": "", "lat": 7.094928, "lon": 81.149923, "elev_m": 1409.2, "prominence_m": 78.5}}, {"type": "Feature", "geometry": {"type": "Point", "coordinates": [81.009841, 6.64874]}, "properties": {"name": "", "lat": 6.64874, "lon": 81.009841, "elev_m": 499.2, "prominence_m": 78.5}}, {"type": "Feature", "geometry": {"type": "Point", "coordinates": [81.0905, 6.764538]}, "properties": {"name": "", "lat": 6.764538, "lon": 81.0905, "elev_m": 379.2, "prominence_m": 78.5}}, {"type": "Feature", "geometry": {"type": "Point", "coordinates": [81.472151, 7.36583]}, "properties": {"name": "", "lat": 7.36583, "lon": 81.472151, "elev_m": 349.2, "prominence_m": 78.5}}, {"type": "Feature", "geometry": {"type": "Point", "coordinates": [80.613191, 6.539164]}, "properties": {"name": "", "lat": 6.539164, "lon": 80.613191, "elev_m": 349.2, "prominence_m": 78.5}}, {"type": "Feature", "geometry": {"type": "Point", "coordinates": [80.182226, 6.922434]}, "properties": {"name": "", "lat": 6.922434, "lon": 80.182226, "elev_m": 249.2, "prominence_m": 78.5}}, {"type": "Feature", "geometry": {"type": "Point", "coordinates": [80.249832, 6.664249]}, "properties": {"name": "", "lat": 6.664249, "lon": 80.249832, "elev_m": 369.1, "prominence_m": 78.4}}, {"type": "Feature", "geometry": {"type": "Point", "coordinates": [81.358976, 7.261278]}, "properties": {"name": "", "lat": 7.261278, "lon": 81.358976, "elev_m": 339.1, "prominence_m": 78.4}}, {"type": "Feature", "geometry": {"type": "Point", "coordinates": [80.663726, 6.179703]}, "properties": {"name": "", "lat": 6.179703, "lon": 80.663726, "elev_m": 239.1, "prominence_m": 78.4}}, {"type": "Feature", "geometry": {"type": "Point", "coordinates": [81.097222, 6.669581]}, "properties": {"name": "", "lat": 6.669581, "lon": 81.097222, "elev_m": 259.0, "prominence_m": 78.3}}, {"type": "Feature", "geometry": {"type": "Point", "coordinates": [80.259389, 7.34871]}, "properties": {"name": "", "lat": 7.34871, "lon": 80.259389, "elev_m": 219.0, "prominence_m": 78.3}}, {"type": "Feature", "geometry": {"type": "Point", "coordinates": [80.708276, 7.441784]}, "properties": {"name": "", "lat": 7.441784, "lon": 80.708276, "elev_m": 1348.9, "prominence_m": 78.2}}, {"type": "Feature", "geometry": {"type": "Point", "coordinates": [80.415595, 7.052074]}, "properties": {"name": "", "lat": 7.052074, "lon": 80.415595, "elev_m": 1158.9, "prominence_m": 78.2}}, {"type": "Feature", "geometry": {"type": "Point", "coordinates": [80.244576, 7.236654]}, "properties": {"name": "", "lat": 7.236654, "lon": 80.244576, "elev_m": 288.9, "prominence_m": 78.2}}, {"type": "Feature", "geometry": {"type": "Point", "coordinates": [80.556193, 6.608865]}, "properties": {"name": "", "lat": 6.608865, "lon": 80.556193, "elev_m": 238.9, "prominence_m": 78.2}}, {"type": "Feature", "geometry": {"type": "Point", "coordinates": [80.831348, 7.026437]}, "properties": {"name": "", "lat": 7.026437, "lon": 80.831348, "elev_m": 1938.8, "prominence_m": 78.1}}, {"type": "Feature", "geometry": {"type": "Point", "coordinates": [80.690318, 7.545142]}, "properties": {"name": "", "lat": 7.545142, "lon": 80.690318, "elev_m": 808.8, "prominence_m": 78.1}}, {"type": "Feature", "geometry": {"type": "Point", "coordinates": [80.526497, 6.308524]}, "properties": {"name": "", "lat": 6.308524, "lon": 80.526497, "elev_m": 668.8, "prominence_m": 78.1}}, {"type": "Feature", "geometry": {"type": "Point", "coordinates": [80.537068, 7.403744]}, "properties": {"name": "", "lat": 7.403744, "lon": 80.537068, "elev_m": 658.8, "prominence_m": 78.1}}, {"type": "Feature", "geometry": {"type": "Point", "coordinates": [80.406094, 7.381952]}, "properties": {"name": "", "lat": 7.381952, "lon": 80.406094, "elev_m": 628.8, "prominence_m": 78.1}}, {"type": "Feature", "geometry": {"type": "Point", "coordinates": [80.106685, 6.579979]}, "properties": {"name": "", "lat": 6.579979, "lon": 80.106685, "elev_m": 258.8, "prominence_m": 78.1}}, {"type": "Feature", "geometry": {"type": "Point", "coordinates": [80.343302, 6.187677]}, "properties": {"name": "", "lat": 6.187677, "lon": 80.343302, "elev_m": 228.8, "prominence_m": 78.1}}, {"type": "Feature", "geometry": {"type": "Point", "coordinates": [80.457744, 7.730864]}, "properties": {"name": "", "lat": 7.730864, "lon": 80.457744, "elev_m": 228.8, "prominence_m": 78.1}}, {"type": "Feature", "geometry": {"type": "Point", "coordinates": [80.413793, 6.559135]}, "properties": {"name": "", "lat": 6.559135, "lon": 80.413793, "elev_m": 558.7, "prominence_m": 78.0}}, {"type": "Feature", "geometry": {"type": "Point", "coordinates": [80.555371, 7.751814]}, "properties": {"name": "", "lat": 7.751814, "lon": 80.555371, "elev_m": 298.7, "prominence_m": 78.0}}, {"type": "Feature", "geometry": {"type": "Point", "coordinates": [80.56018, 6.159323]}, "properties": {"name": "", "lat": 6.159323, "lon": 80.56018, "elev_m": 218.7, "prominence_m": 78.0}}, {"type": "Feature", "geometry": {"type": "Point", "coordinates": [80.83483, 6.621662]}, "properties": {"name": "", "lat": 6.621662, "lon": 80.83483, "elev_m": 728.6, "prominence_m": 77.9}}, {"type": "Feature", "geometry": {"type": "Point", "coordinates": [80.71764, 6.452913]}, "properties": {"name": "", "lat": 6.452913, "lon": 80.71764, "elev_m": 618.6, "prominence_m": 77.9}}, {"type": "Feature", "geometry": {"type": "Point", "coordinates": [81.229537, 6.856125]}, "properties": {"name": "", "lat": 6.856125, "lon": 81.229537, "elev_m": 428.6, "prominence_m": 77.9}}, {"type": "Feature", "geometry": {"type": "Point", "coordinates": [80.273166, 7.176733]}, "properties": {"name": "", "lat": 7.176733, "lon": 80.273166, "elev_m": 238.6, "prominence_m": 77.9}}, {"type": "Feature", "geometry": {"type": "Point", "coordinates": [80.8896, 7.585558]}, "properties": {"name": "", "lat": 7.585558, "lon": 80.8896, "elev_m": 238.6, "prominence_m": 77.9}}, {"type": "Feature", "geometry": {"type": "Point", "coordinates": [80.831624, 7.063876]}, "properties": {"name": "", "lat": 7.063876, "lon": 80.831624, "elev_m": 1738.5, "prominence_m": 77.8}}, {"type": "Feature", "geometry": {"type": "Point", "coordinates": [80.760467, 7.256769]}, "properties": {"name": "", "lat": 7.256769, "lon": 80.760467, "elev_m": 668.5, "prominence_m": 77.8}}, {"type": "Feature", "geometry": {"type": "Point", "coordinates": [81.359504, 7.03503]}, "properties": {"name": "", "lat": 7.03503, "lon": 81.359504, "elev_m": 388.5, "prominence_m": 77.8}}, {"type": "Feature", "geometry": {"type": "Point", "coordinates": [81.141322, 7.208333]}, "properties": {"name": "", "lat": 7.208333, "lon": 81.141322, "elev_m": 358.5, "prominence_m": 77.8}}, {"type": "Feature", "geometry": {"type": "Point", "coordinates": [80.391242, 6.244415]}, "properties": {"name": "", "lat": 6.244415, "lon": 80.391242, "elev_m": 288.5, "prominence_m": 77.8}}, {"type": "Feature", "geometry": {"type": "Point", "coordinates": [81.108765, 6.88281]}, "properties": {"name": "", "lat": 6.88281, "lon": 81.108765, "elev_m": 1578.4, "prominence_m": 77.7}}, {"type": "Feature", "geometry": {"type": "Point", "coordinates": [80.566054, 7.01527]}, "properties": {"name": "", "lat": 7.01527, "lon": 80.566054, "elev_m": 1128.4, "prominence_m": 77.7}}, {"type": "Feature", "geometry": {"type": "Point", "coordinates": [80.592364, 7.744507]}, "properties": {"name": "", "lat": 7.744507, "lon": 80.592364, "elev_m": 448.4, "prominence_m": 77.7}}, {"type": "Feature", "geometry": {"type": "Point", "coordinates": [81.205332, 7.666745]}, "properties": {"name": "", "lat": 7.666745, "lon": 81.205332, "elev_m": 308.4, "prominence_m": 77.7}}, {"type": "Feature", "geometry": {"type": "Point", "coordinates": [80.46702, 7.690449]}, "properties": {"name": "", "lat": 7.690449, "lon": 80.46702, "elev_m": 268.4, "prominence_m": 77.7}}, {"type": "Feature", "geometry": {"type": "Point", "coordinates": [81.092057, 7.067028]}, "properties": {"name": "", "lat": 7.067028, "lon": 81.092057, "elev_m": 1148.3, "prominence_m": 77.6}}, {"type": "Feature", "geometry": {"type": "Point", "coordinates": [80.458051, 6.914018]}, "properties": {"name": "", "lat": 6.914018, "lon": 80.458051, "elev_m": 858.3, "prominence_m": 77.6}}, {"type": "Feature", "geometry": {"type": "Point", "coordinates": [80.441529, 6.461216]}, "properties": {"name": "", "lat": 6.461216, "lon": 80.441529, "elev_m": 518.3, "prominence_m": 77.6}}, {"type": "Feature", "geometry": {"type": "Point", "coordinates": [80.719658, 7.701137]}, "properties": {"name": "", "lat": 7.701137, "lon": 80.719658, "elev_m": 278.3, "prominence_m": 77.6}}, {"type": "Feature", "geometry": {"type": "Point", "coordinates": [80.489826, 6.893691]}, "properties": {"name": "Saptha Kanya 2", "lat": 6.893691, "lon": 80.489826, "elev_m": 1398.2, "prominence_m": 77.5}}, {"type": "Feature", "geometry": {"type": "Point", "coordinates": [80.196659, 7.105296]}, "properties": {"name": "", "lat": 7.105296, "lon": 80.196659, "elev_m": 228.2, "prominence_m": 77.5}}, {"type": "Feature", "geometry": {"type": "Point", "coordinates": [80.404954, 6.40449]}, "properties": {"name": "", "lat": 6.40449, "lon": 80.404954, "elev_m": 708.1, "prominence_m": 77.4}}, {"type": "Feature", "geometry": {"type": "Point", "coordinates": [80.661007, 7.354419]}, "properties": {"name": "", "lat": 7.354419, "lon": 80.661007, "elev_m": 598.1, "prominence_m": 77.4}}, {"type": "Feature", "geometry": {"type": "Point", "coordinates": [80.19413, 7.17257]}, "properties": {"name": "", "lat": 7.17257, "lon": 80.19413, "elev_m": 288.1, "prominence_m": 77.4}}, {"type": "Feature", "geometry": {"type": "Point", "coordinates": [80.793053, 6.802078]}, "properties": {"name": "", "lat": 6.802078, "lon": 80.793053, "elev_m": 2218.0, "prominence_m": 77.3}}, {"type": "Feature", "geometry": {"type": "Point", "coordinates": [80.45975, 6.809029]}, "properties": {"name": "", "lat": 6.809029, "lon": 80.45975, "elev_m": 1358.0, "prominence_m": 77.3}}, {"type": "Feature", "geometry": {"type": "Point", "coordinates": [81.398513, 6.965261]}, "properties": {"name": "", "lat": 6.965261, "lon": 81.398513, "elev_m": 298.0, "prominence_m": 77.3}}, {"type": "Feature", "geometry": {"type": "Point", "coordinates": [80.771604, 7.453183]}, "properties": {"name": "", "lat": 7.453183, "lon": 80.771604, "elev_m": 1357.9, "prominence_m": 77.2}}, {"type": "Feature", "geometry": {"type": "Point", "coordinates": [80.460909, 7.105551]}, "properties": {"name": "", "lat": 7.105551, "lon": 80.460909, "elev_m": 1137.9, "prominence_m": 77.2}}, {"type": "Feature", "geometry": {"type": "Point", "coordinates": [81.06342, 6.865205]}, "properties": {"name": "Little Adam's Peak", "lat": 6.865205, "lon": 81.06342, "elev_m": 1127.9, "prominence_m": 77.2}}, {"type": "Feature", "geometry": {"type": "Point", "coordinates": [80.472242, 6.352445]}, "properties": {"name": "", "lat": 6.352445, "lon": 80.472242, "elev_m": 587.9, "prominence_m": 77.2}}, {"type": "Feature", "geometry": {"type": "Point", "coordinates": [80.098029, 6.562062]}, "properties": {"name": "", "lat": 6.562062, "lon": 80.098029, "elev_m": 207.9, "prominence_m": 77.2}}, {"type": "Feature", "geometry": {"type": "Point", "coordinates": [80.76345, 7.440433]}, "properties": {"name": "", "lat": 7.440433, "lon": 80.76345, "elev_m": 1757.8, "prominence_m": 77.1}}, {"type": "Feature", "geometry": {"type": "Point", "coordinates": [80.982066, 7.049998]}, "properties": {"name": "", "lat": 7.049998, "lon": 80.982066, "elev_m": 837.8, "prominence_m": 77.1}}, {"type": "Feature", "geometry": {"type": "Point", "coordinates": [80.529187, 7.402384]}, "properties": {"name": "", "lat": 7.402384, "lon": 80.529187, "elev_m": 647.8, "prominence_m": 77.1}}, {"type": "Feature", "geometry": {"type": "Point", "coordinates": [80.890405, 7.545949]}, "properties": {"name": "", "lat": 7.545949, "lon": 80.890405, "elev_m": 347.8, "prominence_m": 77.1}}, {"type": "Feature", "geometry": {"type": "Point", "coordinates": [81.252856, 6.830872]}, "properties": {"name": "", "lat": 6.830872, "lon": 81.252856, "elev_m": 337.8, "prominence_m": 77.1}}, {"type": "Feature", "geometry": {"type": "Point", "coordinates": [80.222371, 6.714136]}, "properties": {"name": "", "lat": 6.714136, "lon": 80.222371, "elev_m": 317.8, "prominence_m": 77.1}}, {"type": "Feature", "geometry": {"type": "Point", "coordinates": [81.178392, 7.349099]}, "properties": {"name": "", "lat": 7.349099, "lon": 81.178392, "elev_m": 317.8, "prominence_m": 77.1}}, {"type": "Feature", "geometry": {"type": "Point", "coordinates": [80.189182, 6.783817]}, "properties": {"name": "", "lat": 6.783817, "lon": 80.189182, "elev_m": 277.8, "prominence_m": 77.1}}, {"type": "Feature", "geometry": {"type": "Point", "coordinates": [80.701042, 6.805871]}, "properties": {"name": "", "lat": 6.805871, "lon": 80.701042, "elev_m": 1797.7, "prominence_m": 77.0}}, {"type": "Feature", "geometry": {"type": "Point", "coordinates": [80.979384, 7.128131]}, "properties": {"name": "", "lat": 7.128131, "lon": 80.979384, "elev_m": 727.7, "prominence_m": 77.0}}, {"type": "Feature", "geometry": {"type": "Point", "coordinates": [81.494822, 7.096421]}, "properties": {"name": "", "lat": 7.096421, "lon": 81.494822, "elev_m": 357.7, "prominence_m": 77.0}}, {"type": "Feature", "geometry": {"type": "Point", "coordinates": [80.279104, 6.694935]}, "properties": {"name": "", "lat": 6.694935, "lon": 80.279104, "elev_m": 317.7, "prominence_m": 77.0}}, {"type": "Feature", "geometry": {"type": "Point", "coordinates": [81.424119, 6.828502]}, "properties": {"name": "", "lat": 6.828502, "lon": 81.424119, "elev_m": 267.7, "prominence_m": 77.0}}, {"type": "Feature", "geometry": {"type": "Point", "coordinates": [80.834851, 6.804788]}, "properties": {"name": "", "lat": 6.804788, "lon": 80.834851, "elev_m": 2207.6, "prominence_m": 76.9}}, {"type": "Feature", "geometry": {"type": "Point", "coordinates": [80.762378, 6.958074]}, "properties": {"name": "Single Tree", "lat": 6.958074, "lon": 80.762378, "elev_m": 2097.6, "prominence_m": 76.9}}, {"type": "Feature", "geometry": {"type": "Point", "coordinates": [80.824546, 6.886992]}, "properties": {"name": "", "lat": 6.886992, "lon": 80.824546, "elev_m": 1837.6, "prominence_m": 76.9}}, {"type": "Feature", "geometry": {"type": "Point", "coordinates": [80.599213, 6.931183]}, "properties": {"name": "", "lat": 6.931183, "lon": 80.599213, "elev_m": 1347.6, "prominence_m": 76.9}}, {"type": "Feature", "geometry": {"type": "Point", "coordinates": [81.106554, 7.211886]}, "properties": {"name": "", "lat": 7.211886, "lon": 81.106554, "elev_m": 517.6, "prominence_m": 76.9}}, {"type": "Feature", "geometry": {"type": "Point", "coordinates": [80.66396, 7.496847]}, "properties": {"name": "", "lat": 7.496847, "lon": 80.66396, "elev_m": 487.6, "prominence_m": 76.9}}, {"type": "Feature", "geometry": {"type": "Point", "coordinates": [80.203818, 7.025277]}, "properties": {"name": "", "lat": 7.025277, "lon": 80.203818, "elev_m": 277.6, "prominence_m": 76.9}}, {"type": "Feature", "geometry": {"type": "Point", "coordinates": [80.524097, 6.225233]}, "properties": {"name": "", "lat": 6.225233, "lon": 80.524097, "elev_m": 277.6, "prominence_m": 76.9}}, {"type": "Feature", "geometry": {"type": "Point", "coordinates": [80.238324, 7.006871]}, "properties": {"name": "", "lat": 7.006871, "lon": 80.238324, "elev_m": 247.6, "prominence_m": 76.9}}, {"type": "Feature", "geometry": {"type": "Point", "coordinates": [80.362316, 6.138045]}, "properties": {"name": "", "lat": 6.138045, "lon": 80.362316, "elev_m": 237.6, "prominence_m": 76.9}}, {"type": "Feature", "geometry": {"type": "Point", "coordinates": [80.935707, 7.272747]}, "properties": {"name": "", "lat": 7.272747, "lon": 80.935707, "elev_m": 947.5, "prominence_m": 76.8}}, {"type": "Feature", "geometry": {"type": "Point", "coordinates": [80.439586, 7.294624]}, "properties": {"name": "", "lat": 7.294624, "lon": 80.439586, "elev_m": 317.4, "prominence_m": 76.7}}, {"type": "Feature", "geometry": {"type": "Point", "coordinates": [80.812157, 8.092331]}, "properties": {"name": "", "lat": 8.092331, "lon": 80.812157, "elev_m": 317.4, "prominence_m": 76.7}}, {"type": "Feature", "geometry": {"type": "Point", "coordinates": [80.167869, 6.898001]}, "properties": {"name": "", "lat": 6.898001, "lon": 80.167869, "elev_m": 237.4, "prominence_m": 76.7}}, {"type": "Feature", "geometry": {"type": "Point", "coordinates": [80.946516, 7.115665]}, "properties": {"name": "", "lat": 7.115665, "lon": 80.946516, "elev_m": 677.3, "prominence_m": 76.6}}, {"type": "Feature", "geometry": {"type": "Point", "coordinates": [80.613268, 6.297706]}, "properties": {"name": "", "lat": 6.297706, "lon": 80.613268, "elev_m": 457.3, "prominence_m": 76.6}}, {"type": "Feature", "geometry": {"type": "Point", "coordinates": [81.458334, 7.0292]}, "properties": {"name": "", "lat": 7.0292, "lon": 81.458334, "elev_m": 387.3, "prominence_m": 76.6}}, {"type": "Feature", "geometry": {"type": "Point", "coordinates": [80.30063, 6.880247]}, "properties": {"name": "", "lat": 6.880247, "lon": 80.30063, "elev_m": 347.3, "prominence_m": 76.6}}, {"type": "Feature", "geometry": {"type": "Point", "coordinates": [80.239732, 6.467826]}, "properties": {"name": "", "lat": 6.467826, "lon": 80.239732, "elev_m": 287.3, "prominence_m": 76.6}}, {"type": "Feature", "geometry": {"type": "Point", "coordinates": [80.385708, 7.387903]}, "properties": {"name": "", "lat": 7.387903, "lon": 80.385708, "elev_m": 277.3, "prominence_m": 76.6}}, {"type": "Feature", "geometry": {"type": "Point", "coordinates": [80.420096, 6.071075]}, "properties": {"name": "", "lat": 6.071075, "lon": 80.420096, "elev_m": 207.3, "prominence_m": 76.6}}, {"type": "Feature", "geometry": {"type": "Point", "coordinates": [80.549855, 6.81966]}, "properties": {"name": "", "lat": 6.81966, "lon": 80.549855, "elev_m": 1257.2, "prominence_m": 76.5}}, {"type": "Feature", "geometry": {"type": "Point", "coordinates": [81.134682, 7.053161]}, "properties": {"name": "", "lat": 7.053161, "lon": 81.134682, "elev_m": 1147.2, "prominence_m": 76.5}}, {"type": "Feature", "geometry": {"type": "Point", "coordinates": [80.984027, 7.184558]}, "properties": {"name": "", "lat": 7.184558, "lon": 80.984027, "elev_m": 497.2, "prominence_m": 76.5}}, {"type": "Feature", "geometry": {"type": "Point", "coordinates": [80.404154, 6.750661]}, "properties": {"name": "", "lat": 6.750661, "lon": 80.404154, "elev_m": 397.2, "prominence_m": 76.5}}, {"type": "Feature", "geometry": {"type": "Point", "coordinates": [80.757725, 7.84655]}, "properties": {"name": "", "lat": 7.84655, "lon": 80.757725, "elev_m": 327.2, "prominence_m": 76.5}}, {"type": "Feature", "geometry": {"type": "Point", "coordinates": [80.849989, 8.064384]}, "properties": {"name": "", "lat": 8.064384, "lon": 80.849989, "elev_m": 227.2, "prominence_m": 76.5}}, {"type": "Feature", "geometry": {"type": "Point", "coordinates": [80.389731, 6.452769]}, "properties": {"name": "", "lat": 6.452769, "lon": 80.389731, "elev_m": 647.1, "prominence_m": 76.4}}, {"type": "Feature", "geometry": {"type": "Point", "coordinates": [80.235409, 6.702485]}, "properties": {"name": "", "lat": 6.702485, "lon": 80.235409, "elev_m": 337.1, "prominence_m": 76.4}}, {"type": "Feature", "geometry": {"type": "Point", "coordinates": [81.122594, 7.577025]}, "properties": {"name": "", "lat": 7.577025, "lon": 81.122594, "elev_m": 237.1, "prominence_m": 76.4}}, {"type": "Feature", "geometry": {"type": "Point", "coordinates": [80.698093, 6.572825]}, "properties": {"name": "", "lat": 6.572825, "lon": 80.698093, "elev_m": 477.0, "prominence_m": 76.3}}, {"type": "Feature", "geometry": {"type": "Point", "coordinates": [80.204449, 7.174482]}, "properties": {"name": "", "lat": 7.174482, "lon": 80.204449, "elev_m": 287.0, "prominence_m": 76.3}}, {"type": "Feature", "geometry": {"type": "Point", "coordinates": [80.516203, 7.298744]}, "properties": {"name": "", "lat": 7.298744, "lon": 80.516203, "elev_m": 706.9, "prominence_m": 76.2}}, {"type": "Feature", "geometry": {"type": "Point", "coordinates": [81.211946, 7.203659]}, "properties": {"name": "", "lat": 7.203659, "lon": 81.211946, "elev_m": 346.9, "prominence_m": 76.2}}, {"type": "Feature", "geometry": {"type": "Point", "coordinates": [80.748208, 7.776286]}, "properties": {"name": "", "lat": 7.776286, "lon": 80.748208, "elev_m": 306.9, "prominence_m": 76.2}}, {"type": "Feature", "geometry": {"type": "Point", "coordinates": [80.534678, 7.300382]}, "properties": {"name": "", "lat": 7.300382, "lon": 80.534678, "elev_m": 736.8, "prominence_m": 76.1}}, {"type": "Feature", "geometry": {"type": "Point", "coordinates": [81.277989, 6.984937]}, "properties": {"name": "", "lat": 6.984937, "lon": 81.277989, "elev_m": 406.8, "prominence_m": 76.1}}, {"type": "Feature", "geometry": {"type": "Point", "coordinates": [81.247896, 7.293961]}, "properties": {"name": "", "lat": 7.293961, "lon": 81.247896, "elev_m": 286.8, "prominence_m": 76.1}}, {"type": "Feature", "geometry": {"type": "Point", "coordinates": [80.607134, 6.796894]}, "properties": {"name": "", "lat": 6.796894, "lon": 80.607134, "elev_m": 1416.7, "prominence_m": 76.0}}, {"type": "Feature", "geometry": {"type": "Point", "coordinates": [80.16801, 6.786775]}, "properties": {"name": "", "lat": 6.786775, "lon": 80.16801, "elev_m": 236.7, "prominence_m": 76.0}}, {"type": "Feature", "geometry": {"type": "Point", "coordinates": [80.738463, 7.229367]}, "properties": {"name": "", "lat": 7.229367, "lon": 80.738463, "elev_m": 696.6, "prominence_m": 75.9}}, {"type": "Feature", "geometry": {"type": "Point", "coordinates": [80.983254, 6.657162]}, "properties": {"name": "", "lat": 6.657162, "lon": 80.983254, "elev_m": 496.6, "prominence_m": 75.9}}, {"type": "Feature", "geometry": {"type": "Point", "coordinates": [81.489387, 7.268416]}, "properties": {"name": "", "lat": 7.268416, "lon": 81.489387, "elev_m": 376.6, "prominence_m": 75.9}}, {"type": "Feature", "geometry": {"type": "Point", "coordinates": [80.392642, 6.182831]}, "properties": {"name": "", "lat": 6.182831, "lon": 80.392642, "elev_m": 276.6, "prominence_m": 75.9}}, {"type": "Feature", "geometry": {"type": "Point", "coordinates": [80.195714, 6.768091]}, "properties": {"name": "", "lat": 6.768091, "lon": 80.195714, "elev_m": 216.6, "prominence_m": 75.9}}, {"type": "Feature", "geometry": {"type": "Point", "coordinates": [80.677652, 7.037825]}, "properties": {"name": "", "lat": 7.037825, "lon": 80.677652, "elev_m": 1676.5, "prominence_m": 75.8}}, {"type": "Feature", "geometry": {"type": "Point", "coordinates": [80.603199, 7.164768]}, "properties": {"name": "", "lat": 7.164768, "lon": 80.603199, "elev_m": 786.5, "prominence_m": 75.8}}, {"type": "Feature", "geometry": {"type": "Point", "coordinates": [81.363096, 6.865746]}, "properties": {"name": "", "lat": 6.865746, "lon": 81.363096, "elev_m": 526.5, "prominence_m": 75.8}}, {"type": "Feature", "geometry": {"type": "Point", "coordinates": [80.283998, 6.685717]}, "properties": {"name": "", "lat": 6.685717, "lon": 80.283998, "elev_m": 396.5, "prominence_m": 75.8}}, {"type": "Feature", "geometry": {"type": "Point", "coordinates": [80.579263, 6.5869]}, "properties": {"name": "", "lat": 6.5869, "lon": 80.579263, "elev_m": 326.5, "prominence_m": 75.8}}, {"type": "Feature", "geometry": {"type": "Point", "coordinates": [81.370051, 7.418062]}, "properties": {"name": "", "lat": 7.418062, "lon": 81.370051, "elev_m": 306.5, "prominence_m": 75.8}}, {"type": "Feature", "geometry": {"type": "Point", "coordinates": [80.300695, 6.534353]}, "properties": {"name": "", "lat": 6.534353, "lon": 80.300695, "elev_m": 306.5, "prominence_m": 75.8}}, {"type": "Feature", "geometry": {"type": "Point", "coordinates": [80.419663, 6.696414]}, "properties": {"name": "", "lat": 6.696414, "lon": 80.419663, "elev_m": 276.5, "prominence_m": 75.8}}, {"type": "Feature", "geometry": {"type": "Point", "coordinates": [81.4377, 6.836351]}, "properties": {"name": "", "lat": 6.836351, "lon": 81.4377, "elev_m": 216.5, "prominence_m": 75.8}}, {"type": "Feature", "geometry": {"type": "Point", "coordinates": [80.266104, 7.176454]}, "properties": {"name": "", "lat": 7.176454, "lon": 80.266104, "elev_m": 216.5, "prominence_m": 75.8}}, {"type": "Feature", "geometry": {"type": "Point", "coordinates": [80.886179, 6.93473]}, "properties": {"name": "", "lat": 6.93473, "lon": 80.886179, "elev_m": 1206.4, "prominence_m": 75.7}}, {"type": "Feature", "geometry": {"type": "Point", "coordinates": [80.868881, 7.321055]}, "properties": {"name": "", "lat": 7.321055, "lon": 80.868881, "elev_m": 1156.4, "prominence_m": 75.7}}, {"type": "Feature", "geometry": {"type": "Point", "coordinates": [80.423871, 6.879268]}, "properties": {"name": "", "lat": 6.879268, "lon": 80.423871, "elev_m": 576.4, "prominence_m": 75.7}}, {"type": "Feature", "geometry": {"type": "Point", "coordinates": [80.858589, 7.503636]}, "properties": {"name": "", "lat": 7.503636, "lon": 80.858589, "elev_m": 486.4, "prominence_m": 75.7}}, {"type": "Feature", "geometry": {"type": "Point", "coordinates": [80.22673, 6.451806]}, "properties": {"name": "", "lat": 6.451806, "lon": 80.22673, "elev_m": 326.4, "prominence_m": 75.7}}, {"type": "Feature", "geometry": {"type": "Point", "coordinates": [80.936138, 8.403186]}, "properties": {"name": "", "lat": 8.403186, "lon": 80.936138, "elev_m": 206.4, "prominence_m": 75.7}}, {"type": "Feature", "geometry": {"type": "Point", "coordinates": [80.571801, 7.518788]}, "properties": {"name": "", "lat": 7.518788, "lon": 80.571801, "elev_m": 686.3, "prominence_m": 75.6}}, {"type": "Feature", "geometry": {"type": "Point", "coordinates": [80.875538, 6.677272]}, "properties": {"name": "", "lat": 6.677272, "lon": 80.875538, "elev_m": 446.3, "prominence_m": 75.6}}, {"type": "Feature", "geometry": {"type": "Point", "coordinates": [81.16355, 7.15243]}, "properties": {"name": "", "lat": 7.15243, "lon": 81.16355, "elev_m": 396.3, "prominence_m": 75.6}}, {"type": "Feature", "geometry": {"type": "Point", "coordinates": [80.334734, 6.986896]}, "properties": {"name": "", "lat": 6.986896, "lon": 80.334734, "elev_m": 256.3, "prominence_m": 75.6}}, {"type": "Feature", "geometry": {"type": "Point", "coordinates": [81.470452, 6.961363]}, "properties": {"name": "", "lat": 6.961363, "lon": 81.470452, "elev_m": 216.3, "prominence_m": 75.6}}, {"type": "Feature", "geometry": {"type": "Point", "coordinates": [81.010806, 6.961]}, "properties": {"name": "", "lat": 6.961, "lon": 81.010806, "elev_m": 1206.2, "prominence_m": 75.5}}, {"type": "Feature", "geometry": {"type": "Point", "coordinates": [80.592509, 7.4016]}, "properties": {"name": "", "lat": 7.4016, "lon": 80.592509, "elev_m": 706.2, "prominence_m": 75.5}}, {"type": "Feature", "geometry": {"type": "Point", "coordinates": [81.222232, 6.881904]}, "properties": {"name": "", "lat": 6.881904, "lon": 81.222232, "elev_m": 446.2, "prominence_m": 75.5}}, {"type": "Feature", "geometry": {"type": "Point", "coordinates": [81.389226, 7.330956]}, "properties": {"name": "", "lat": 7.330956, "lon": 81.389226, "elev_m": 206.2, "prominence_m": 75.5}}, {"type": "Feature", "geometry": {"type": "Point", "coordinates": [80.621663, 7.185664]}, "properties": {"name": "", "lat": 7.185664, "lon": 80.621663, "elev_m": 766.1, "prominence_m": 75.4}}, {"type": "Feature", "geometry": {"type": "Point", "coordinates": [81.224691, 7.181402]}, "properties": {"name": "", "lat": 7.181402, "lon": 81.224691, "elev_m": 346.1, "prominence_m": 75.4}}, {"type": "Feature", "geometry": {"type": "Point", "coordinates": [80.782191, 6.355519]}, "properties": {"name": "", "lat": 6.355519, "lon": 80.782191, "elev_m": 306.1, "prominence_m": 75.4}}, {"type": "Feature", "geometry": {"type": "Point", "coordinates": [80.505071, 6.317737]}, "properties": {"name": "", "lat": 6.317737, "lon": 80.505071, "elev_m": 556.0, "prominence_m": 75.3}}, {"type": "Feature", "geometry": {"type": "Point", "coordinates": [80.624475, 7.696773]}, "properties": {"name": "", "lat": 7.696773, "lon": 80.624475, "elev_m": 486.0, "prominence_m": 75.3}}, {"type": "Feature", "geometry": {"type": "Point", "coordinates": [81.135512, 6.711877]}, "properties": {"name": "", "lat": 6.711877, "lon": 81.135512, "elev_m": 446.0, "prominence_m": 75.3}}, {"type": "Feature", "geometry": {"type": "Point", "coordinates": [80.493669, 7.693181]}, "properties": {"name": "", "lat": 7.693181, "lon": 80.493669, "elev_m": 286.0, "prominence_m": 75.3}}, {"type": "Feature", "geometry": {"type": "Point", "coordinates": [80.444549, 7.559945]}, "properties": {"name": "", "lat": 7.559945, "lon": 80.444549, "elev_m": 266.0, "prominence_m": 75.3}}, {"type": "Feature", "geometry": {"type": "Point", "coordinates": [81.376037, 7.011137]}, "properties": {"name": "", "lat": 7.011137, "lon": 81.376037, "elev_m": 256.0, "prominence_m": 75.3}}, {"type": "Feature", "geometry": {"type": "Point", "coordinates": [81.015271, 7.194852]}, "properties": {"name": "", "lat": 7.194852, "lon": 81.015271, "elev_m": 246.0, "prominence_m": 75.3}}, {"type": "Feature", "geometry": {"type": "Point", "coordinates": [81.288038, 6.98791]}, "properties": {"name": "", "lat": 6.98791, "lon": 81.288038, "elev_m": 385.9, "prominence_m": 75.2}}, {"type": "Feature", "geometry": {"type": "Point", "coordinates": [80.673152, 6.488718]}, "properties": {"name": "", "lat": 6.488718, "lon": 80.673152, "elev_m": 325.9, "prominence_m": 75.2}}, {"type": "Feature", "geometry": {"type": "Point", "coordinates": [80.607641, 6.899444]}, "properties": {"name": "", "lat": 6.899444, "lon": 80.607641, "elev_m": 1445.8, "prominence_m": 75.1}}, {"type": "Feature", "geometry": {"type": "Point", "coordinates": [80.962197, 6.93552]}, "properties": {"name": "", "lat": 6.93552, "lon": 80.962197, "elev_m": 1105.8, "prominence_m": 75.1}}, {"type": "Feature", "geometry": {"type": "Point", "coordinates": [80.57908, 7.650908]}, "properties": {"name": "", "lat": 7.650908, "lon": 80.57908, "elev_m": 495.8, "prominence_m": 75.1}}, {"type": "Feature", "geometry": {"type": "Point", "coordinates": [80.781393, 7.813182]}, "properties": {"name": "", "lat": 7.813182, "lon": 80.781393, "elev_m": 265.8, "prominence_m": 75.1}}, {"type": "Feature", "geometry": {"type": "Point", "coordinates": [80.678708, 7.178626]}, "properties": {"name": "", "lat": 7.178626, "lon": 80.678708, "elev_m": 1205.7, "prominence_m": 75.0}}, {"type": "Feature", "geometry": {"type": "Point", "coordinates": [80.67021, 6.288768]}, "properties": {"name": "", "lat": 6.288768, "lon": 80.67021, "elev_m": 485.7, "prominence_m": 75.0}}, {"type": "Feature", "geometry": {"type": "Point", "coordinates": [80.356272, 6.24059]}, "properties": {"name": "", "lat": 6.24059, "lon": 80.356272, "elev_m": 445.7, "prominence_m": 75.0}}, {"type": "Feature", "geometry": {"type": "Point", "coordinates": [80.902806, 7.178077]}, "properties": {"name": "", "lat": 7.178077, "lon": 80.902806, "elev_m": 385.7, "prominence_m": 75.0}}, {"type": "Feature", "geometry": {"type": "Point", "coordinates": [80.353575, 7.168133]}, "properties": {"name": "", "lat": 7.168133, "lon": 80.353575, "elev_m": 355.7, "prominence_m": 75.0}}, {"type": "Feature", "geometry": {"type": "Point", "coordinates": [80.175485, 6.440083]}, "properties": {"name": "", "lat": 6.440083, "lon": 80.175485, "elev_m": 205.7, "prominence_m": 75.0}}, {"type": "Feature", "geometry": {"type": "Point", "coordinates": [80.531845, 7.510086]}, "properties": {"name": "", "lat": 7.510086, "lon": 80.531845, "elev_m": 315.6, "prominence_m": 74.9}}, {"type": "Feature", "geometry": {"type": "Point", "coordinates": [80.90294, 6.661801]}, "properties": {"name": "", "lat": 6.661801, "lon": 80.90294, "elev_m": 275.6, "prominence_m": 74.9}}, {"type": "Feature", "geometry": {"type": "Point", "coordinates": [80.566424, 7.391822]}, "properties": {"name": "", "lat": 7.391822, "lon": 80.566424, "elev_m": 685.5, "prominence_m": 74.8}}, {"type": "Feature", "geometry": {"type": "Point", "coordinates": [81.042967, 7.175304]}, "properties": {"name": "", "lat": 7.175304, "lon": 81.042967, "elev_m": 435.5, "prominence_m": 74.8}}, {"type": "Feature", "geometry": {"type": "Point", "coordinates": [80.752563, 7.724471]}, "properties": {"name": "", "lat": 7.724471, "lon": 80.752563, "elev_m": 415.5, "prominence_m": 74.8}}, {"type": "Feature", "geometry": {"type": "Point", "coordinates": [80.289537, 6.571238]}, "properties": {"name": "", "lat": 6.571238, "lon": 80.289537, "elev_m": 305.5, "prominence_m": 74.8}}, {"type": "Feature", "geometry": {"type": "Point", "coordinates": [80.276925, 7.216616]}, "properties": {"name": "", "lat": 7.216616, "lon": 80.276925, "elev_m": 235.5, "prominence_m": 74.8}}, {"type": "Feature", "geometry": {"type": "Point", "coordinates": [81.439773, 6.764188]}, "properties": {"name": "", "lat": 6.764188, "lon": 81.439773, "elev_m": 205.5, "prominence_m": 74.8}}, {"type": "Feature", "geometry": {"type": "Point", "coordinates": [80.218952, 7.308241]}, "properties": {"name": "", "lat": 7.308241, "lon": 80.218952, "elev_m": 205.5, "prominence_m": 74.8}}, {"type": "Feature", "geometry": {"type": "Point", "coordinates": [80.355684, 7.237584]}, "properties": {"name": "", "lat": 7.237584, "lon": 80.355684, "elev_m": 285.4, "prominence_m": 74.7}}, {"type": "Feature", "geometry": {"type": "Point", "coordinates": [80.696282, 7.632498]}, "properties": {"name": "", "lat": 7.632498, "lon": 80.696282, "elev_m": 655.3, "prominence_m": 74.6}}, {"type": "Feature", "geometry": {"type": "Point", "coordinates": [80.331988, 7.019719]}, "properties": {"name": "", "lat": 7.019719, "lon": 80.331988, "elev_m": 265.3, "prominence_m": 74.6}}, {"type": "Feature", "geometry": {"type": "Point", "coordinates": [81.46013, 6.766872]}, "properties": {"name": "", "lat": 6.766872, "lon": 81.46013, "elev_m": 265.3, "prominence_m": 74.6}}, {"type": "Feature", "geometry": {"type": "Point", "coordinates": [80.61787, 6.321582]}, "properties": {"name": "", "lat": 6.321582, "lon": 80.61787, "elev_m": 405.2, "prominence_m": 74.5}}, {"type": "Feature", "geometry": {"type": "Point", "coordinates": [80.839099, 8.052992]}, "properties": {"name": "", "lat": 8.052992, "lon": 80.839099, "elev_m": 265.2, "prominence_m": 74.5}}, {"type": "Feature", "geometry": {"type": "Point", "coordinates": [80.307381, 7.185993]}, "properties": {"name": "", "lat": 7.185993, "lon": 80.307381, "elev_m": 235.2, "prominence_m": 74.5}}, {"type": "Feature", "geometry": {"type": "Point", "coordinates": [80.854206, 7.310478]}, "properties": {"name": "", "lat": 7.310478, "lon": 80.854206, "elev_m": 1465.1, "prominence_m": 74.4}}, {"type": "Feature", "geometry": {"type": "Point", "coordinates": [80.319376, 6.863445]}, "properties": {"name": "", "lat": 6.863445, "lon": 80.319376, "elev_m": 305.1, "prominence_m": 74.4}}, {"type": "Feature", "geometry": {"type": "Point", "coordinates": [80.894238, 7.645782]}, "properties": {"name": "", "lat": 7.645782, "lon": 80.894238, "elev_m": 285.1, "prominence_m": 74.4}}, {"type": "Feature", "geometry": {"type": "Point", "coordinates": [80.470604, 6.812562]}, "properties": {"name": "", "lat": 6.812562, "lon": 80.470604, "elev_m": 1415.0, "prominence_m": 74.3}}, {"type": "Feature", "geometry": {"type": "Point", "coordinates": [80.989179, 6.553253]}, "properties": {"name": "", "lat": 6.553253, "lon": 80.989179, "elev_m": 225.0, "prominence_m": 74.3}}, {"type": "Feature", "geometry": {"type": "Point", "coordinates": [81.42418, 6.874077]}, "properties": {"name": "", "lat": 6.874077, "lon": 81.42418, "elev_m": 454.9, "prominence_m": 74.2}}, {"type": "Feature", "geometry": {"type": "Point", "coordinates": [81.45913, 7.379956]}, "properties": {"name": "", "lat": 7.379956, "lon": 81.45913, "elev_m": 344.9, "prominence_m": 74.2}}, {"type": "Feature", "geometry": {"type": "Point", "coordinates": [81.408675, 6.848869]}, "properties": {"name": "", "lat": 6.848869, "lon": 81.408675, "elev_m": 314.9, "prominence_m": 74.2}}, {"type": "Feature", "geometry": {"type": "Point", "coordinates": [80.61653, 7.851132]}, "properties": {"name": "", "lat": 7.851132, "lon": 80.61653, "elev_m": 244.9, "prominence_m": 74.2}}, {"type": "Feature", "geometry": {"type": "Point", "coordinates": [81.050996, 6.490282]}, "properties": {"name": "", "lat": 6.490282, "lon": 81.050996, "elev_m": 214.9, "prominence_m": 74.2}}, {"type": "Feature", "geometry": {"type": "Point", "coordinates": [80.680483, 6.449652]}, "properties": {"name": "", "lat": 6.449652, "lon": 80.680483, "elev_m": 984.8, "prominence_m": 74.1}}, {"type": "Feature", "geometry": {"type": "Point", "coordinates": [80.446404, 6.470986]}, "properties": {"name": "", "lat": 6.470986, "lon": 80.446404, "elev_m": 834.8, "prominence_m": 74.1}}, {"type": "Feature", "geometry": {"type": "Point", "coordinates": [80.664998, 6.563595]}, "properties": {"name": "", "lat": 6.563595, "lon": 80.664998, "elev_m": 364.8, "prominence_m": 74.1}}, {"type": "Feature", "geometry": {"type": "Point", "coordinates": [81.125818, 7.861054]}, "properties": {"name": "", "lat": 7.861054, "lon": 81.125818, "elev_m": 354.8, "prominence_m": 74.1}}, {"type": "Feature", "geometry": {"type": "Point", "coordinates": [80.160343, 6.402627]}, "properties": {"name": "", "lat": 6.402627, "lon": 80.160343, "elev_m": 214.8, "prominence_m": 74.1}}, {"type": "Feature", "geometry": {"type": "Point", "coordinates": [80.227423, 7.488923]}, "properties": {"name": "", "lat": 7.488923, "lon": 80.227423, "elev_m": 204.8, "prominence_m": 74.1}}, {"type": "Feature", "geometry": {"type": "Point", "coordinates": [80.879816, 7.603736]}, "properties": {"name": "", "lat": 7.603736, "lon": 80.879816, "elev_m": 504.7, "prominence_m": 74.0}}, {"type": "Feature", "geometry": {"type": "Point", "coordinates": [80.611011, 6.569277]}, "properties": {"name": "", "lat": 6.569277, "lon": 80.611011, "elev_m": 334.7, "prominence_m": 74.0}}, {"type": "Feature", "geometry": {"type": "Point", "coordinates": [80.45327, 7.889831]}, "properties": {"name": "", "lat": 7.889831, "lon": 80.45327, "elev_m": 274.7, "prominence_m": 74.0}}, {"type": "Feature", "geometry": {"type": "Point", "coordinates": [80.356057, 7.418802]}, "properties": {"name": "", "lat": 7.418802, "lon": 80.356057, "elev_m": 224.7, "prominence_m": 74.0}}, {"type": "Feature", "geometry": {"type": "Point", "coordinates": [80.824522, 6.650421]}, "properties": {"name": "", "lat": 6.650421, "lon": 80.824522, "elev_m": 564.6, "prominence_m": 73.9}}, {"type": "Feature", "geometry": {"type": "Point", "coordinates": [80.757749, 7.295834]}, "properties": {"name": "", "lat": 7.295834, "lon": 80.757749, "elev_m": 534.6, "prominence_m": 73.9}}, {"type": "Feature", "geometry": {"type": "Point", "coordinates": [81.463768, 7.031905]}, "properties": {"name": "", "lat": 7.031905, "lon": 81.463768, "elev_m": 334.6, "prominence_m": 73.9}}, {"type": "Feature", "geometry": {"type": "Point", "coordinates": [81.516925, 7.329137]}, "properties": {"name": "", "lat": 7.329137, "lon": 81.516925, "elev_m": 314.6, "prominence_m": 73.9}}, {"type": "Feature", "geometry": {"type": "Point", "coordinates": [81.04003, 7.264288]}, "properties": {"name": "", "lat": 7.264288, "lon": 81.04003, "elev_m": 214.6, "prominence_m": 73.9}}, {"type": "Feature", "geometry": {"type": "Point", "coordinates": [80.849536, 6.985741]}, "properties": {"name": "", "lat": 6.985741, "lon": 80.849536, "elev_m": 2064.5, "prominence_m": 73.8}}, {"type": "Feature", "geometry": {"type": "Point", "coordinates": [81.03765, 6.896961]}, "properties": {"name": "", "lat": 6.896961, "lon": 81.03765, "elev_m": 1304.5, "prominence_m": 73.8}}, {"type": "Feature", "geometry": {"type": "Point", "coordinates": [80.704196, 7.461588]}, "properties": {"name": "", "lat": 7.461588, "lon": 80.704196, "elev_m": 1244.5, "prominence_m": 73.8}}, {"type": "Feature", "geometry": {"type": "Point", "coordinates": [81.368792, 6.862484]}, "properties": {"name": "", "lat": 6.862484, "lon": 81.368792, "elev_m": 624.5, "prominence_m": 73.8}}, {"type": "Feature", "geometry": {"type": "Point", "coordinates": [80.400476, 6.22109]}, "properties": {"name": "", "lat": 6.22109, "lon": 80.400476, "elev_m": 334.5, "prominence_m": 73.8}}, {"type": "Feature", "geometry": {"type": "Point", "coordinates": [80.745767, 7.685405]}, "properties": {"name": "", "lat": 7.685405, "lon": 80.745767, "elev_m": 254.5, "prominence_m": 73.8}}, {"type": "Feature", "geometry": {"type": "Point", "coordinates": [81.310783, 6.932815]}, "properties": {"name": "", "lat": 6.932815, "lon": 81.310783, "elev_m": 364.4, "prominence_m": 73.7}}, {"type": "Feature", "geometry": {"type": "Point", "coordinates": [80.68674, 7.75566]}, "properties": {"name": "", "lat": 7.75566, "lon": 80.68674, "elev_m": 334.4, "prominence_m": 73.7}}, {"type": "Feature", "geometry": {"type": "Point", "coordinates": [80.316421, 7.110042]}, "properties": {"name": "", "lat": 7.110042, "lon": 80.316421, "elev_m": 304.4, "prominence_m": 73.7}}, {"type": "Feature", "geometry": {"type": "Point", "coordinates": [80.520651, 7.592822]}, "properties": {"name": "", "lat": 7.592822, "lon": 80.520651, "elev_m": 274.4, "prominence_m": 73.7}}, {"type": "Feature", "geometry": {"type": "Point", "coordinates": [80.694142, 7.446665]}, "properties": {"name": "", "lat": 7.446665, "lon": 80.694142, "elev_m": 1144.3, "prominence_m": 73.6}}, {"type": "Feature", "geometry": {"type": "Point", "coordinates": [80.881457, 7.644429]}, "properties": {"name": "", "lat": 7.644429, "lon": 80.881457, "elev_m": 414.3, "prominence_m": 73.6}}, {"type": "Feature", "geometry": {"type": "Point", "coordinates": [80.602688, 7.772725]}, "properties": {"name": "", "lat": 7.772725, "lon": 80.602688, "elev_m": 284.3, "prominence_m": 73.6}}, {"type": "Feature", "geometry": {"type": "Point", "coordinates": [80.205982, 6.806625]}, "properties": {"name": "", "lat": 6.806625, "lon": 80.205982, "elev_m": 274.3, "prominence_m": 73.6}}, {"type": "Feature", "geometry": {"type": "Point", "coordinates": [80.566986, 7.3533]}, "properties": {"name": "", "lat": 7.3533, "lon": 80.566986, "elev_m": 594.2, "prominence_m": 73.5}}, {"type": "Feature", "geometry": {"type": "Point", "coordinates": [80.961548, 6.65907]}, "properties": {"name": "", "lat": 6.65907, "lon": 80.961548, "elev_m": 524.2, "prominence_m": 73.5}}, {"type": "Feature", "geometry": {"type": "Point", "coordinates": [80.766978, 7.700869]}, "properties": {"name": "", "lat": 7.700869, "lon": 80.766978, "elev_m": 254.2, "prominence_m": 73.5}}, {"type": "Feature", "geometry": {"type": "Point", "coordinates": [81.557716, 7.349413]}, "properties": {"name": "", "lat": 7.349413, "lon": 81.557716, "elev_m": 244.2, "prominence_m": 73.5}}, {"type": "Feature", "geometry": {"type": "Point", "coordinates": [80.29044, 6.479]}, "properties": {"name": "", "lat": 6.479, "lon": 80.29044, "elev_m": 224.2, "prominence_m": 73.5}}, {"type": "Feature", "geometry": {"type": "Point", "coordinates": [80.682029, 6.87532]}, "properties": {"name": "", "lat": 6.87532, "lon": 80.682029, "elev_m": 1534.1, "prominence_m": 73.4}}, {"type": "Feature", "geometry": {"type": "Point", "coordinates": [80.447157, 6.965284]}, "properties": {"name": "", "lat": 6.965284, "lon": 80.447157, "elev_m": 814.1, "prominence_m": 73.4}}, {"type": "Feature", "geometry": {"type": "Point", "coordinates": [80.600039, 7.599372]}, "properties": {"name": "", "lat": 7.599372, "lon": 80.600039, "elev_m": 514.1, "prominence_m": 73.4}}, {"type": "Feature", "geometry": {"type": "Point", "coordinates": [81.332321, 7.010106]}, "properties": {"name": "", "lat": 7.010106, "lon": 81.332321, "elev_m": 384.1, "prominence_m": 73.4}}, {"type": "Feature", "geometry": {"type": "Point", "coordinates": [80.35074, 7.295092]}, "properties": {"name": "", "lat": 7.295092, "lon": 80.35074, "elev_m": 314.1, "prominence_m": 73.4}}, {"type": "Feature", "geometry": {"type": "Point", "coordinates": [80.99161, 6.526665]}, "properties": {"name": "", "lat": 6.526665, "lon": 80.99161, "elev_m": 204.1, "prominence_m": 73.4}}, {"type": "Feature", "geometry": {"type": "Point", "coordinates": [81.263731, 6.848495]}, "properties": {"name": "", "lat": 6.848495, "lon": 81.263731, "elev_m": 504.0, "prominence_m": 73.3}}, {"type": "Feature", "geometry": {"type": "Point", "coordinates": [80.536446, 7.54617]}, "properties": {"name": "", "lat": 7.54617, "lon": 80.536446, "elev_m": 304.0, "prominence_m": 73.3}}, {"type": "Feature", "geometry": {"type": "Point", "coordinates": [80.844626, 6.829746]}, "properties": {"name": "", "lat": 6.829746, "lon": 80.844626, "elev_m": 1983.9, "prominence_m": 73.2}}, {"type": "Feature", "geometry": {"type": "Point", "coordinates": [81.046367, 6.950401]}, "properties": {"name": "", "lat": 6.950401, "lon": 81.046367, "elev_m": 1013.9, "prominence_m": 73.2}}, {"type": "Feature", "geometry": {"type": "Point", "coordinates": [80.561634, 7.177772]}, "properties": {"name": "", "lat": 7.177772, "lon": 80.561634, "elev_m": 693.9, "prominence_m": 73.2}}, {"type": "Feature", "geometry": {"type": "Point", "coordinates": [80.720903, 6.378848]}, "properties": {"name": "", "lat": 6.378848, "lon": 80.720903, "elev_m": 383.9, "prominence_m": 73.2}}, {"type": "Feature", "geometry": {"type": "Point", "coordinates": [81.180454, 6.912325]}, "properties": {"name": "", "lat": 6.912325, "lon": 81.180454, "elev_m": 753.8, "prominence_m": 73.1}}, {"type": "Feature", "geometry": {"type": "Point", "coordinates": [80.719824, 6.325944]}, "properties": {"name": "", "lat": 6.325944, "lon": 80.719824, "elev_m": 433.8, "prominence_m": 73.1}}, {"type": "Feature", "geometry": {"type": "Point", "coordinates": [80.811218, 6.522368]}, "properties": {"name": "", "lat": 6.522368, "lon": 80.811218, "elev_m": 203.8, "prominence_m": 73.1}}, {"type": "Feature", "geometry": {"type": "Point", "coordinates": [80.711395, 6.511242]}, "properties": {"name": "", "lat": 6.511242, "lon": 80.711395, "elev_m": 303.7, "prominence_m": 73.0}}, {"type": "Feature", "geometry": {"type": "Point", "coordinates": [80.367106, 6.253892]}, "properties": {"name": "", "lat": 6.253892, "lon": 80.367106, "elev_m": 293.7, "prominence_m": 73.0}}, {"type": "Feature", "geometry": {"type": "Point", "coordinates": [81.19534, 6.861039]}, "properties": {"name": "", "lat": 6.861039, "lon": 81.19534, "elev_m": 533.6, "prominence_m": 72.9}}, {"type": "Feature", "geometry": {"type": "Point", "coordinates": [81.437503, 7.455131]}, "properties": {"name": "", "lat": 7.455131, "lon": 81.437503, "elev_m": 433.6, "prominence_m": 72.9}}, {"type": "Feature", "geometry": {"type": "Point", "coordinates": [81.440393, 7.015391]}, "properties": {"name": "", "lat": 7.015391, "lon": 81.440393, "elev_m": 403.6, "prominence_m": 72.9}}, {"type": "Feature", "geometry": {"type": "Point", "coordinates": [80.309326, 7.143403]}, "properties": {"name": "", "lat": 7.143403, "lon": 80.309326, "elev_m": 373.6, "prominence_m": 72.9}}, {"type": "Feature", "geometry": {"type": "Point", "coordinates": [81.476809, 6.664848]}, "properties": {"name": "", "lat": 6.664848, "lon": 81.476809, "elev_m": 243.6, "prominence_m": 72.9}}, {"type": "Feature", "geometry": {"type": "Point", "coordinates": [80.737999, 6.234517]}, "properties": {"name": "", "lat": 6.234517, "lon": 80.737999, "elev_m": 213.6, "prominence_m": 72.9}}, {"type": "Feature", "geometry": {"type": "Point", "coordinates": [80.81232, 6.761654]}, "properties": {"name": "", "lat": 6.761654, "lon": 80.81232, "elev_m": 1993.5, "prominence_m": 72.8}}, {"type": "Feature", "geometry": {"type": "Point", "coordinates": [80.77024, 7.78958]}, "properties": {"name": "", "lat": 7.78958, "lon": 80.77024, "elev_m": 433.5, "prominence_m": 72.8}}, {"type": "Feature", "geometry": {"type": "Point", "coordinates": [80.599164, 6.311809]}, "properties": {"name": "", "lat": 6.311809, "lon": 80.599164, "elev_m": 413.5, "prominence_m": 72.8}}, {"type": "Feature", "geometry": {"type": "Point", "coordinates": [80.356005, 6.566415]}, "properties": {"name": "", "lat": 6.566415, "lon": 80.356005, "elev_m": 363.5, "prominence_m": 72.8}}, {"type": "Feature", "geometry": {"type": "Point", "coordinates": [80.181574, 6.790862]}, "properties": {"name": "", "lat": 6.790862, "lon": 80.181574, "elev_m": 303.5, "prominence_m": 72.8}}, {"type": "Feature", "geometry": {"type": "Point", "coordinates": [80.450852, 6.72031]}, "properties": {"name": "", "lat": 6.72031, "lon": 80.450852, "elev_m": 253.5, "prominence_m": 72.8}}, {"type": "Feature", "geometry": {"type": "Point", "coordinates": [80.810221, 7.721215]}, "properties": {"name": "", "lat": 7.721215, "lon": 80.810221, "elev_m": 213.5, "prominence_m": 72.8}}, {"type": "Feature", "geometry": {"type": "Point", "coordinates": [81.180234, 6.973094]}, "properties": {"name": "", "lat": 6.973094, "lon": 81.180234, "elev_m": 1243.4, "prominence_m": 72.7}}, {"type": "Feature", "geometry": {"type": "Point", "coordinates": [80.551616, 7.112386]}, "properties": {"name": "", "lat": 7.112386, "lon": 80.551616, "elev_m": 893.4, "prominence_m": 72.7}}, {"type": "Feature", "geometry": {"type": "Point", "coordinates": [81.371306, 6.919721]}, "properties": {"name": "", "lat": 6.919721, "lon": 81.371306, "elev_m": 773.4, "prominence_m": 72.7}}, {"type": "Feature", "geometry": {"type": "Point", "coordinates": [80.809873, 6.688404]}, "properties": {"name": "", "lat": 6.688404, "lon": 80.809873, "elev_m": 583.4, "prominence_m": 72.7}}, {"type": "Feature", "geometry": {"type": "Point", "coordinates": [80.477014, 6.538287]}, "properties": {"name": "", "lat": 6.538287, "lon": 80.477014, "elev_m": 573.4, "prominence_m": 72.7}}, {"type": "Feature", "geometry": {"type": "Point", "coordinates": [81.003562, 7.137344]}, "properties": {"name": "", "lat": 7.137344, "lon": 81.003562, "elev_m": 343.4, "prominence_m": 72.7}}, {"type": "Feature", "geometry": {"type": "Point", "coordinates": [81.029428, 7.252629]}, "properties": {"name": "", "lat": 7.252629, "lon": 81.029428, "elev_m": 273.4, "prominence_m": 72.7}}, {"type": "Feature", "geometry": {"type": "Point", "coordinates": [80.744934, 7.912742]}, "properties": {"name": "", "lat": 7.912742, "lon": 80.744934, "elev_m": 273.4, "prominence_m": 72.7}}, {"type": "Feature", "geometry": {"type": "Point", "coordinates": [80.414003, 7.348048]}, "properties": {"name": "", "lat": 7.348048, "lon": 80.414003, "elev_m": 213.4, "prominence_m": 72.7}}, {"type": "Feature", "geometry": {"type": "Point", "coordinates": [80.657753, 7.329731]}, "properties": {"name": "", "lat": 7.329731, "lon": 80.657753, "elev_m": 553.3, "prominence_m": 72.6}}, {"type": "Feature", "geometry": {"type": "Point", "coordinates": [81.093455, 6.717603]}, "properties": {"name": "", "lat": 6.717603, "lon": 81.093455, "elev_m": 353.3, "prominence_m": 72.6}}, {"type": "Feature", "geometry": {"type": "Point", "coordinates": [80.731604, 7.886698]}, "properties": {"name": "", "lat": 7.886698, "lon": 80.731604, "elev_m": 273.3, "prominence_m": 72.6}}, {"type": "Feature", "geometry": {"type": "Point", "coordinates": [80.897288, 6.846014]}, "properties": {"name": "", "lat": 6.846014, "lon": 80.897288, "elev_m": 1443.2, "prominence_m": 72.5}}, {"type": "Feature", "geometry": {"type": "Point", "coordinates": [80.87356, 7.592886]}, "properties": {"name": "", "lat": 7.592886, "lon": 80.87356, "elev_m": 393.2, "prominence_m": 72.5}}, {"type": "Feature", "geometry": {"type": "Point", "coordinates": [80.591002, 7.10101]}, "properties": {"name": "", "lat": 7.10101, "lon": 80.591002, "elev_m": 973.1, "prominence_m": 72.4}}, {"type": "Feature", "geometry": {"type": "Point", "coordinates": [80.655027, 7.361471]}, "properties": {"name": "", "lat": 7.361471, "lon": 80.655027, "elev_m": 613.1, "prominence_m": 72.4}}, {"type": "Feature", "geometry": {"type": "Point", "coordinates": [80.471966, 6.35977]}, "properties": {"name": "", "lat": 6.35977, "lon": 80.471966, "elev_m": 493.1, "prominence_m": 72.4}}, {"type": "Feature", "geometry": {"type": "Point", "coordinates": [80.712563, 7.861737]}, "properties": {"name": "", "lat": 7.861737, "lon": 80.712563, "elev_m": 323.1, "prominence_m": 72.4}}, {"type": "Feature", "geometry": {"type": "Point", "coordinates": [80.407579, 6.524947]}, "properties": {"name": "", "lat": 6.524947, "lon": 80.407579, "elev_m": 323.1, "prominence_m": 72.4}}, {"type": "Feature", "geometry": {"type": "Point", "coordinates": [80.326376, 6.925306]}, "properties": {"name": "", "lat": 6.925306, "lon": 80.326376, "elev_m": 323.1, "prominence_m": 72.4}}, {"type": "Feature", "geometry": {"type": "Point", "coordinates": [80.321254, 6.887049]}, "properties": {"name": "", "lat": 6.887049, "lon": 80.321254, "elev_m": 283.1, "prominence_m": 72.4}}, {"type": "Feature", "geometry": {"type": "Point", "coordinates": [81.481392, 6.831677]}, "properties": {"name": "", "lat": 6.831677, "lon": 81.481392, "elev_m": 203.1, "prominence_m": 72.4}}, {"type": "Feature", "geometry": {"type": "Point", "coordinates": [80.562154, 7.229047]}, "properties": {"name": "", "lat": 7.229047, "lon": 80.562154, "elev_m": 633.0, "prominence_m": 72.3}}, {"type": "Feature", "geometry": {"type": "Point", "coordinates": [80.556763, 6.546467]}, "properties": {"name": "", "lat": 6.546467, "lon": 80.556763, "elev_m": 573.0, "prominence_m": 72.3}}, {"type": "Feature", "geometry": {"type": "Point", "coordinates": [80.462432, 6.429759]}, "properties": {"name": "", "lat": 6.429759, "lon": 80.462432, "elev_m": 483.0, "prominence_m": 72.3}}, {"type": "Feature", "geometry": {"type": "Point", "coordinates": [80.648998, 7.537536]}, "properties": {"name": "", "lat": 7.537536, "lon": 80.648998, "elev_m": 483.0, "prominence_m": 72.3}}, {"type": "Feature", "geometry": {"type": "Point", "coordinates": [80.803445, 8.079039]}, "properties": {"name": "", "lat": 8.079039, "lon": 80.803445, "elev_m": 283.0, "prominence_m": 72.3}}, {"type": "Feature", "geometry": {"type": "Point", "coordinates": [81.438505, 6.829025]}, "properties": {"name": "", "lat": 6.829025, "lon": 81.438505, "elev_m": 203.0, "prominence_m": 72.3}}, {"type": "Feature", "geometry": {"type": "Point", "coordinates": [81.439489, 6.951642]}, "properties": {"name": "", "lat": 6.951642, "lon": 81.439489, "elev_m": 203.0, "prominence_m": 72.3}}, {"type": "Feature", "geometry": {"type": "Point", "coordinates": [81.379611, 7.252028]}, "properties": {"name": "Danigala", "lat": 7.252028, "lon": 81.379611, "elev_m": 542.9, "prominence_m": 72.2}}, {"type": "Feature", "geometry": {"type": "Point", "coordinates": [80.570407, 6.34761]}, "properties": {"name": "", "lat": 6.34761, "lon": 80.570407, "elev_m": 522.9, "prominence_m": 72.2}}, {"type": "Feature", "geometry": {"type": "Point", "coordinates": [80.478364, 6.547783]}, "properties": {"name": "", "lat": 6.547783, "lon": 80.478364, "elev_m": 522.9, "prominence_m": 72.2}}, {"type": "Feature", "geometry": {"type": "Point", "coordinates": [80.175329, 7.008422]}, "properties": {"name": "", "lat": 7.008422, "lon": 80.175329, "elev_m": 222.9, "prominence_m": 72.2}}, {"type": "Feature", "geometry": {"type": "Point", "coordinates": [80.674323, 7.350081]}, "properties": {"name": "", "lat": 7.350081, "lon": 80.674323, "elev_m": 592.8, "prominence_m": 72.1}}, {"type": "Feature", "geometry": {"type": "Point", "coordinates": [81.16971, 6.719989]}, "properties": {"name": "", "lat": 6.719989, "lon": 81.16971, "elev_m": 292.8, "prominence_m": 72.1}}, {"type": "Feature", "geometry": {"type": "Point", "coordinates": [80.591612, 6.931723]}, "properties": {"name": "", "lat": 6.931723, "lon": 80.591612, "elev_m": 1322.7, "prominence_m": 72.0}}, {"type": "Feature", "geometry": {"type": "Point", "coordinates": [80.544543, 7.136257]}, "properties": {"name": "", "lat": 7.136257, "lon": 80.544543, "elev_m": 892.7, "prominence_m": 72.0}}, {"type": "Feature", "geometry": {"type": "Point", "coordinates": [80.433458, 6.361645]}, "properties": {"name": "", "lat": 6.361645, "lon": 80.433458, "elev_m": 612.7, "prominence_m": 72.0}}, {"type": "Feature", "geometry": {"type": "Point", "coordinates": [81.013383, 6.679124]}, "properties": {"name": "", "lat": 6.679124, "lon": 81.013383, "elev_m": 472.7, "prominence_m": 72.0}}, {"type": "Feature", "geometry": {"type": "Point", "coordinates": [80.635154, 7.472965]}, "properties": {"name": "", "lat": 7.472965, "lon": 80.635154, "elev_m": 442.7, "prominence_m": 72.0}}, {"type": "Feature", "geometry": {"type": "Point", "coordinates": [80.628118, 6.512852]}, "properties": {"name": "", "lat": 6.512852, "lon": 80.628118, "elev_m": 292.7, "prominence_m": 72.0}}, {"type": "Feature", "geometry": {"type": "Point", "coordinates": [80.784635, 6.551127]}, "properties": {"name": "", "lat": 6.551127, "lon": 80.784635, "elev_m": 242.7, "prominence_m": 72.0}}, {"type": "Feature", "geometry": {"type": "Point", "coordinates": [81.15647, 6.793248]}, "properties": {"name": "", "lat": 6.793248, "lon": 81.15647, "elev_m": 322.6, "prominence_m": 71.9}}, {"type": "Feature", "geometry": {"type": "Point", "coordinates": [80.646354, 8.172611]}, "properties": {"name": "", "lat": 8.172611, "lon": 80.646354, "elev_m": 292.6, "prominence_m": 71.9}}, {"type": "Feature", "geometry": {"type": "Point", "coordinates": [80.281011, 6.952118]}, "properties": {"name": "", "lat": 6.952118, "lon": 80.281011, "elev_m": 222.6, "prominence_m": 71.9}}, {"type": "Feature", "geometry": {"type": "Point", "coordinates": [80.896472, 6.841944]}, "properties": {"name": "", "lat": 6.841944, "lon": 80.896472, "elev_m": 1432.5, "prominence_m": 71.8}}, {"type": "Feature", "geometry": {"type": "Point", "coordinates": [80.81564, 7.503913]}, "properties": {"name": "", "lat": 7.503913, "lon": 80.81564, "elev_m": 852.5, "prominence_m": 71.8}}, {"type": "Feature", "geometry": {"type": "Point", "coordinates": [80.70143, 7.738572]}, "properties": {"name": "", "lat": 7.738572, "lon": 80.70143, "elev_m": 752.5, "prominence_m": 71.8}}, {"type": "Feature", "geometry": {"type": "Point", "coordinates": [81.475308, 7.12168]}, "properties": {"name": "", "lat": 7.12168, "lon": 81.475308, "elev_m": 362.5, "prominence_m": 71.8}}, {"type": "Feature", "geometry": {"type": "Point", "coordinates": [81.261141, 7.230196]}, "properties": {"name": "", "lat": 7.230196, "lon": 81.261141, "elev_m": 352.5, "prominence_m": 71.8}}, {"type": "Feature", "geometry": {"type": "Point", "coordinates": [80.586867, 6.565742]}, "properties": {"name": "", "lat": 6.565742, "lon": 80.586867, "elev_m": 252.5, "prominence_m": 71.8}}, {"type": "Feature", "geometry": {"type": "Point", "coordinates": [80.553537, 8.127267]}, "properties": {"name": "", "lat": 8.127267, "lon": 80.553537, "elev_m": 212.5, "prominence_m": 71.8}}, {"type": "Feature", "geometry": {"type": "Point", "coordinates": [80.50096, 6.401024]}, "properties": {"name": "", "lat": 6.401024, "lon": 80.50096, "elev_m": 932.4, "prominence_m": 71.7}}, {"type": "Feature", "geometry": {"type": "Point", "coordinates": [81.350696, 7.372241]}, "properties": {"name": "", "lat": 7.372241, "lon": 81.350696, "elev_m": 462.4, "prominence_m": 71.7}}, {"type": "Feature", "geometry": {"type": "Point", "coordinates": [81.362562, 7.091724]}, "properties": {"name": "", "lat": 7.091724, "lon": 81.362562, "elev_m": 332.4, "prominence_m": 71.7}}, {"type": "Feature", "geometry": {"type": "Point", "coordinates": [80.515921, 7.316106]}, "properties": {"name": "", "lat": 7.316106, "lon": 80.515921, "elev_m": 332.4, "prominence_m": 71.7}}, {"type": "Feature", "geometry": {"type": "Point", "coordinates": [80.312528, 6.927734]}, "properties": {"name": "", "lat": 6.927734, "lon": 80.312528, "elev_m": 292.4, "prominence_m": 71.7}}, {"type": "Feature", "geometry": {"type": "Point", "coordinates": [80.252228, 7.196784]}, "properties": {"name": "", "lat": 7.196784, "lon": 80.252228, "elev_m": 202.4, "prominence_m": 71.7}}, {"type": "Feature", "geometry": {"type": "Point", "coordinates": [80.81665, 6.604843]}, "properties": {"name": "", "lat": 6.604843, "lon": 80.81665, "elev_m": 572.3, "prominence_m": 71.6}}, {"type": "Feature", "geometry": {"type": "Point", "coordinates": [80.309988, 6.457857]}, "properties": {"name": "", "lat": 6.457857, "lon": 80.309988, "elev_m": 212.3, "prominence_m": 71.6}}, {"type": "Feature", "geometry": {"type": "Point", "coordinates": [80.910652, 7.956398]}, "properties": {"name": "", "lat": 7.956398, "lon": 80.910652, "elev_m": 202.3, "prominence_m": 71.6}}, {"type": "Feature", "geometry": {"type": "Point", "coordinates": [81.318299, 7.094219]}, "properties": {"name": "", "lat": 7.094219, "lon": 81.318299, "elev_m": 502.2, "prominence_m": 71.5}}, {"type": "Feature", "geometry": {"type": "Point", "coordinates": [81.037983, 6.503311]}, "properties": {"name": "", "lat": 6.503311, "lon": 81.037983, "elev_m": 282.2, "prominence_m": 71.5}}, {"type": "Feature", "geometry": {"type": "Point", "coordinates": [80.264873, 7.304769]}, "properties": {"name": "", "lat": 7.304769, "lon": 80.264873, "elev_m": 202.2, "prominence_m": 71.5}}, {"type": "Feature", "geometry": {"type": "Point", "coordinates": [80.468812, 7.064049]}, "properties": {"name": "", "lat": 7.064049, "lon": 80.468812, "elev_m": 1092.1, "prominence_m": 71.4}}, {"type": "Feature", "geometry": {"type": "Point", "coordinates": [80.44994, 6.456339]}, "properties": {"name": "", "lat": 6.456339, "lon": 80.44994, "elev_m": 532.1, "prominence_m": 71.4}}, {"type": "Feature", "geometry": {"type": "Point", "coordinates": [80.735537, 6.500664]}, "properties": {"name": "", "lat": 6.500664, "lon": 80.735537, "elev_m": 242.1, "prominence_m": 71.4}}, {"type": "Feature", "geometry": {"type": "Point", "coordinates": [80.365684, 6.337722]}, "properties": {"name": "", "lat": 6.337722, "lon": 80.365684, "elev_m": 232.1, "prominence_m": 71.4}}, {"type": "Feature", "geometry": {"type": "Point", "coordinates": [81.463161, 6.799422]}, "properties": {"name": "", "lat": 6.799422, "lon": 81.463161, "elev_m": 212.1, "prominence_m": 71.4}}, {"type": "Feature", "geometry": {"type": "Point", "coordinates": [80.780839, 6.792855]}, "properties": {"name": "", "lat": 6.792855, "lon": 80.780839, "elev_m": 2232.0, "prominence_m": 71.3}}, {"type": "Feature", "geometry": {"type": "Point", "coordinates": [80.588644, 6.883431]}, "properties": {"name": "", "lat": 6.883431, "lon": 80.588644, "elev_m": 1362.0, "prominence_m": 71.3}}, {"type": "Feature", "geometry": {"type": "Point", "coordinates": [80.310855, 6.972495]}, "properties": {"name": "", "lat": 6.972495, "lon": 80.310855, "elev_m": 292.0, "prominence_m": 71.3}}, {"type": "Feature", "geometry": {"type": "Point", "coordinates": [80.24299, 8.076522]}, "properties": {"name": "", "lat": 8.076522, "lon": 80.24299, "elev_m": 272.0, "prominence_m": 71.3}}, {"type": "Feature", "geometry": {"type": "Point", "coordinates": [80.336798, 6.185501]}, "properties": {"name": "", "lat": 6.185501, "lon": 80.336798, "elev_m": 202.0, "prominence_m": 71.3}}, {"type": "Feature", "geometry": {"type": "Point", "coordinates": [80.86337, 6.915202]}, "properties": {"name": "", "lat": 6.915202, "lon": 80.86337, "elev_m": 1221.9, "prominence_m": 71.2}}, {"type": "Feature", "geometry": {"type": "Point", "coordinates": [81.13043, 7.174702]}, "properties": {"name": "", "lat": 7.174702, "lon": 81.13043, "elev_m": 671.9, "prominence_m": 71.2}}, {"type": "Feature", "geometry": {"type": "Point", "coordinates": [80.334124, 6.460863]}, "properties": {"name": "", "lat": 6.460863, "lon": 80.334124, "elev_m": 411.9, "prominence_m": 71.2}}, {"type": "Feature", "geometry": {"type": "Point", "coordinates": [80.559934, 7.869011]}, "properties": {"name": "", "lat": 7.869011, "lon": 80.559934, "elev_m": 251.9, "prominence_m": 71.2}}, {"type": "Feature", "geometry": {"type": "Point", "coordinates": [80.486338, 7.675542]}, "properties": {"name": "", "lat": 7.675542, "lon": 80.486338, "elev_m": 241.9, "prominence_m": 71.2}}, {"type": "Feature", "geometry": {"type": "Point", "coordinates": [80.889858, 7.53347]}, "properties": {"name": "", "lat": 7.53347, "lon": 80.889858, "elev_m": 241.9, "prominence_m": 71.2}}, {"type": "Feature", "geometry": {"type": "Point", "coordinates": [80.775138, 7.108643]}, "properties": {"name": "", "lat": 7.108643, "lon": 80.775138, "elev_m": 1361.8, "prominence_m": 71.1}}, {"type": "Feature", "geometry": {"type": "Point", "coordinates": [81.053119, 6.889356]}, "properties": {"name": "", "lat": 6.889356, "lon": 81.053119, "elev_m": 1021.8, "prominence_m": 71.1}}, {"type": "Feature", "geometry": {"type": "Point", "coordinates": [80.774866, 7.27793]}, "properties": {"name": "", "lat": 7.27793, "lon": 80.774866, "elev_m": 551.8, "prominence_m": 71.1}}, {"type": "Feature", "geometry": {"type": "Point", "coordinates": [80.617135, 7.688904]}, "properties": {"name": "", "lat": 7.688904, "lon": 80.617135, "elev_m": 461.8, "prominence_m": 71.1}}, {"type": "Feature", "geometry": {"type": "Point", "coordinates": [80.292221, 6.60054]}, "properties": {"name": "", "lat": 6.60054, "lon": 80.292221, "elev_m": 341.8, "prominence_m": 71.1}}, {"type": "Feature", "geometry": {"type": "Point", "coordinates": [80.358137, 6.927234]}, "properties": {"name": "", "lat": 6.927234, "lon": 80.358137, "elev_m": 331.8, "prominence_m": 71.1}}, {"type": "Feature", "geometry": {"type": "Point", "coordinates": [80.281103, 6.595646]}, "properties": {"name": "", "lat": 6.595646, "lon": 80.281103, "elev_m": 281.8, "prominence_m": 71.1}}, {"type": "Feature", "geometry": {"type": "Point", "coordinates": [80.970605, 6.914627]}, "properties": {"name": "", "lat": 6.914627, "lon": 80.970605, "elev_m": 1251.7, "prominence_m": 71.0}}, {"type": "Feature", "geometry": {"type": "Point", "coordinates": [80.534325, 6.383406]}, "properties": {"name": "", "lat": 6.383406, "lon": 80.534325, "elev_m": 941.7, "prominence_m": 71.0}}, {"type": "Feature", "geometry": {"type": "Point", "coordinates": [80.345391, 7.206105]}, "properties": {"name": "", "lat": 7.206105, "lon": 80.345391, "elev_m": 321.7, "prominence_m": 71.0}}, {"type": "Feature", "geometry": {"type": "Point", "coordinates": [80.872448, 7.479217]}, "properties": {"name": "", "lat": 7.479217, "lon": 80.872448, "elev_m": 521.6, "prominence_m": 70.9}}, {"type": "Feature", "geometry": {"type": "Point", "coordinates": [80.396164, 6.185818]}, "properties": {"name": "", "lat": 6.185818, "lon": 80.396164, "elev_m": 281.6, "prominence_m": 70.9}}, {"type": "Feature", "geometry": {"type": "Point", "coordinates": [80.253884, 7.17427]}, "properties": {"name": "", "lat": 7.17427, "lon": 80.253884, "elev_m": 231.6, "prominence_m": 70.9}}, {"type": "Feature", "geometry": {"type": "Point", "coordinates": [80.958171, 7.055705]}, "properties": {"name": "", "lat": 7.055705, "lon": 80.958171, "elev_m": 841.5, "prominence_m": 70.8}}, {"type": "Feature", "geometry": {"type": "Point", "coordinates": [81.5338, 7.34647]}, "properties": {"name": "", "lat": 7.34647, "lon": 81.5338, "elev_m": 451.5, "prominence_m": 70.8}}, {"type": "Feature", "geometry": {"type": "Point", "coordinates": [80.813492, 7.811281]}, "properties": {"name": "", "lat": 7.811281, "lon": 80.813492, "elev_m": 331.5, "prominence_m": 70.8}}, {"type": "Feature", "geometry": {"type": "Point", "coordinates": [80.367848, 6.344234]}, "properties": {"name": "", "lat": 6.344234, "lon": 80.367848, "elev_m": 201.5, "prominence_m": 70.8}}, {"type": "Feature", "geometry": {"type": "Point", "coordinates": [80.423168, 7.092502]}, "properties": {"name": "", "lat": 7.092502, "lon": 80.423168, "elev_m": 911.4, "prominence_m": 70.7}}, {"type": "Feature", "geometry": {"type": "Point", "coordinates": [80.484159, 7.27241]}, "properties": {"name": "", "lat": 7.27241, "lon": 80.484159, "elev_m": 571.4, "prominence_m": 70.7}}, {"type": "Feature", "geometry": {"type": "Point", "coordinates": [80.654744, 6.334886]}, "properties": {"name": "", "lat": 6.334886, "lon": 80.654744, "elev_m": 471.4, "prominence_m": 70.7}}, {"type": "Feature", "geometry": {"type": "Point", "coordinates": [80.990852, 6.657973]}, "properties": {"name": "", "lat": 6.657973, "lon": 80.990852, "elev_m": 441.4, "prominence_m": 70.7}}, {"type": "Feature", "geometry": {"type": "Point", "coordinates": [80.569878, 6.315054]}, "properties": {"name": "", "lat": 6.315054, "lon": 80.569878, "elev_m": 441.4, "prominence_m": 70.7}}, {"type": "Feature", "geometry": {"type": "Point", "coordinates": [80.354691, 6.832551]}, "properties": {"name": "", "lat": 6.832551, "lon": 80.354691, "elev_m": 391.4, "prominence_m": 70.7}}, {"type": "Feature", "geometry": {"type": "Point", "coordinates": [80.462348, 7.380639]}, "properties": {"name": "", "lat": 7.380639, "lon": 80.462348, "elev_m": 341.4, "prominence_m": 70.7}}, {"type": "Feature", "geometry": {"type": "Point", "coordinates": [80.165888, 7.167922]}, "properties": {"name": "", "lat": 7.167922, "lon": 80.165888, "elev_m": 251.4, "prominence_m": 70.7}}, {"type": "Feature", "geometry": {"type": "Point", "coordinates": [80.377386, 6.629372]}, "properties": {"name": "", "lat": 6.629372, "lon": 80.377386, "elev_m": 231.4, "prominence_m": 70.7}}, {"type": "Feature", "geometry": {"type": "Point", "coordinates": [80.411114, 7.872706]}, "properties": {"name": "", "lat": 7.872706, "lon": 80.411114, "elev_m": 211.4, "prominence_m": 70.7}}, {"type": "Feature", "geometry": {"type": "Point", "coordinates": [80.596551, 6.790922]}, "properties": {"name": "", "lat": 6.790922, "lon": 80.596551, "elev_m": 1491.3, "prominence_m": 70.6}}, {"type": "Feature", "geometry": {"type": "Point", "coordinates": [81.380306, 7.365421]}, "properties": {"name": "", "lat": 7.365421, "lon": 81.380306, "elev_m": 251.3, "prominence_m": 70.6}}, {"type": "Feature", "geometry": {"type": "Point", "coordinates": [80.565724, 6.525581]}, "properties": {"name": "", "lat": 6.525581, "lon": 80.565724, "elev_m": 441.2, "prominence_m": 70.5}}, {"type": "Feature", "geometry": {"type": "Point", "coordinates": [80.806623, 6.791497]}, "properties": {"name": "", "lat": 6.791497, "lon": 80.806623, "elev_m": 2181.1, "prominence_m": 70.4}}, {"type": "Feature", "geometry": {"type": "Point", "coordinates": [80.75125, 6.883196]}, "properties": {"name": "", "lat": 6.883196, "lon": 80.75125, "elev_m": 1891.1, "prominence_m": 70.4}}, {"type": "Feature", "geometry": {"type": "Point", "coordinates": [80.894851, 6.872059]}, "properties": {"name": "", "lat": 6.872059, "lon": 80.894851, "elev_m": 1241.1, "prominence_m": 70.4}}, {"type": "Feature", "geometry": {"type": "Point", "coordinates": [80.249907, 7.324555]}, "properties": {"name": "", "lat": 7.324555, "lon": 80.249907, "elev_m": 291.1, "prominence_m": 70.4}}, {"type": "Feature", "geometry": {"type": "Point", "coordinates": [80.245747, 7.163681]}, "properties": {"name": "", "lat": 7.163681, "lon": 80.245747, "elev_m": 251.1, "prominence_m": 70.4}}, {"type": "Feature", "geometry": {"type": "Point", "coordinates": [80.187267, 7.228716]}, "properties": {"name": "", "lat": 7.228716, "lon": 80.187267, "elev_m": 251.1, "prominence_m": 70.4}}, {"type": "Feature", "geometry": {"type": "Point", "coordinates": [80.581968, 6.606706]}, "properties": {"name": "", "lat": 6.606706, "lon": 80.581968, "elev_m": 241.1, "prominence_m": 70.4}}, {"type": "Feature", "geometry": {"type": "Point", "coordinates": [80.790877, 6.652593]}, "properties": {"name": "", "lat": 6.652593, "lon": 80.790877, "elev_m": 611.0, "prominence_m": 70.3}}, {"type": "Feature", "geometry": {"type": "Point", "coordinates": [80.740905, 7.269789]}, "properties": {"name": "", "lat": 7.269789, "lon": 80.740905, "elev_m": 581.0, "prominence_m": 70.3}}, {"type": "Feature", "geometry": {"type": "Point", "coordinates": [80.989733, 7.187268]}, "properties": {"name": "", "lat": 7.187268, "lon": 80.989733, "elev_m": 441.0, "prominence_m": 70.3}}, {"type": "Feature", "geometry": {"type": "Point", "coordinates": [80.504181, 7.83968]}, "properties": {"name": "", "lat": 7.83968, "lon": 80.504181, "elev_m": 341.0, "prominence_m": 70.3}}, {"type": "Feature", "geometry": {"type": "Point", "coordinates": [81.254309, 7.191138]}, "properties": {"name": "", "lat": 7.191138, "lon": 81.254309, "elev_m": 331.0, "prominence_m": 70.3}}, {"type": "Feature", "geometry": {"type": "Point", "coordinates": [80.316113, 6.86941]}, "properties": {"name": "", "lat": 6.86941, "lon": 80.316113, "elev_m": 281.0, "prominence_m": 70.3}}, {"type": "Feature", "geometry": {"type": "Point", "coordinates": [80.608351, 7.893449]}, "properties": {"name": "", "lat": 7.893449, "lon": 80.608351, "elev_m": 231.0, "prominence_m": 70.3}}, {"type": "Feature", "geometry": {"type": "Point", "coordinates": [80.925653, 7.270309]}, "properties": {"name": "", "lat": 7.270309, "lon": 80.925653, "elev_m": 1010.9, "prominence_m": 70.2}}, {"type": "Feature", "geometry": {"type": "Point", "coordinates": [81.149544, 6.959826]}, "properties": {"name": "", "lat": 6.959826, "lon": 81.149544, "elev_m": 950.9, "prominence_m": 70.2}}, {"type": "Feature", "geometry": {"type": "Point", "coordinates": [80.385899, 6.840444]}, "properties": {"name": "", "lat": 6.840444, "lon": 80.385899, "elev_m": 510.9, "prominence_m": 70.2}}, {"type": "Feature", "geometry": {"type": "Point", "coordinates": [80.986519, 6.676966]}, "properties": {"name": "", "lat": 6.676966, "lon": 80.986519, "elev_m": 480.9, "prominence_m": 70.2}}, {"type": "Feature", "geometry": {"type": "Point", "coordinates": [80.718193, 6.366639]}, "properties": {"name": "", "lat": 6.366639, "lon": 80.718193, "elev_m": 380.9, "prominence_m": 70.2}}, {"type": "Feature", "geometry": {"type": "Point", "coordinates": [81.205088, 7.132589]}, "properties": {"name": "", "lat": 7.132589, "lon": 81.205088, "elev_m": 370.9, "prominence_m": 70.2}}, {"type": "Feature", "geometry": {"type": "Point", "coordinates": [80.333898, 7.292091]}, "properties": {"name": "Narangala", "lat": 7.292091, "lon": 80.333898, "elev_m": 290.9, "prominence_m": 70.2}}, {"type": "Feature", "geometry": {"type": "Point", "coordinates": [81.174913, 6.777227]}, "properties": {"name": "", "lat": 6.777227, "lon": 81.174913, "elev_m": 270.9, "prominence_m": 70.2}}, {"type": "Feature", "geometry": {"type": "Point", "coordinates": [80.959697, 6.789022]}, "properties": {"name": "", "lat": 6.789022, "lon": 80.959697, "elev_m": 1450.8, "prominence_m": 70.1}}, {"type": "Feature", "geometry": {"type": "Point", "coordinates": [80.388512, 6.96524]}, "properties": {"name": "", "lat": 6.96524, "lon": 80.388512, "elev_m": 490.8, "prominence_m": 70.1}}, {"type": "Feature", "geometry": {"type": "Point", "coordinates": [80.199541, 6.270012]}, "properties": {"name": "", "lat": 6.270012, "lon": 80.199541, "elev_m": 210.8, "prominence_m": 70.1}}, {"type": "Feature", "geometry": {"type": "Point", "coordinates": [80.183697, 8.04633]}, "properties": {"name": "", "lat": 8.04633, "lon": 80.183697, "elev_m": 200.8, "prominence_m": 70.1}}, {"type": "Feature", "geometry": {"type": "Point", "coordinates": [80.714074, 6.776844]}, "properties": {"name": "", "lat": 6.776844, "lon": 80.714074, "elev_m": 1630.7, "prominence_m": 70.0}}, {"type": "Feature", "geometry": {"type": "Point", "coordinates": [80.62233, 7.610775]}, "properties": {"name": "", "lat": 7.610775, "lon": 80.62233, "elev_m": 590.7, "prominence_m": 70.0}}, {"type": "Feature", "geometry": {"type": "Point", "coordinates": [80.604775, 6.557338]}, "properties": {"name": "", "lat": 6.557338, "lon": 80.604775, "elev_m": 330.7, "prominence_m": 70.0}}, {"type": "Feature", "geometry": {"type": "Point", "coordinates": [80.590996, 7.762954]}, "properties": {"name": "", "lat": 7.762954, "lon": 80.590996, "elev_m": 300.7, "prominence_m": 70.0}}, {"type": "Feature", "geometry": {"type": "Point", "coordinates": [80.339252, 7.373211]}, "properties": {"name": "", "lat": 7.373211, "lon": 80.339252, "elev_m": 270.7, "prominence_m": 70.0}}, {"type": "Feature", "geometry": {"type": "Point", "coordinates": [80.674688, 8.097746]}, "properties": {"name": "", "lat": 8.097746, "lon": 80.674688, "elev_m": 260.7, "prominence_m": 70.0}}, {"type": "Feature", "geometry": {"type": "Point", "coordinates": [80.83608, 7.880728]}, "properties": {"name": "", "lat": 7.880728, "lon": 80.83608, "elev_m": 220.7, "prominence_m": 70.0}}, {"type": "Feature", "geometry": {"type": "Point", "coordinates": [80.365253, 7.170043]}, "properties": {"name": "", "lat": 7.170043, "lon": 80.365253, "elev_m": 210.7, "prominence_m": 70.0}}, {"type": "Feature", "geometry": {"type": "Point", "coordinates": [80.902428, 6.778731]}, "properties": {"name": "", "lat": 6.778731, "lon": 80.902428, "elev_m": 1640.6, "prominence_m": 69.9}}, {"type": "Feature", "geometry": {"type": "Point", "coordinates": [80.99682, 6.655529]}, "properties": {"name": "", "lat": 6.655529, "lon": 80.99682, "elev_m": 370.6, "prominence_m": 69.9}}, {"type": "Feature", "geometry": {"type": "Point", "coordinates": [80.483412, 7.579234]}, "properties": {"name": "", "lat": 7.579234, "lon": 80.483412, "elev_m": 240.6, "prominence_m": 69.9}}, {"type": "Feature", "geometry": {"type": "Point", "coordinates": [80.649565, 7.454522]}, "properties": {"name": "", "lat": 7.454522, "lon": 80.649565, "elev_m": 450.5, "prominence_m": 69.8}}, {"type": "Feature", "geometry": {"type": "Point", "coordinates": [80.710408, 7.720397]}, "properties": {"name": "", "lat": 7.720397, "lon": 80.710408, "elev_m": 330.5, "prominence_m": 69.8}}, {"type": "Feature", "geometry": {"type": "Point", "coordinates": [80.751745, 7.767334]}, "properties": {"name": "", "lat": 7.767334, "lon": 80.751745, "elev_m": 300.5, "prominence_m": 69.8}}, {"type": "Feature", "geometry": {"type": "Point", "coordinates": [80.619539, 6.181591]}, "properties": {"name": "", "lat": 6.181591, "lon": 80.619539, "elev_m": 260.5, "prominence_m": 69.8}}, {"type": "Feature", "geometry": {"type": "Point", "coordinates": [80.227423, 7.04104]}, "properties": {"name": "", "lat": 7.04104, "lon": 80.227423, "elev_m": 200.5, "prominence_m": 69.8}}, {"type": "Feature", "geometry": {"type": "Point", "coordinates": [80.536123, 7.135981]}, "properties": {"name": "", "lat": 7.135981, "lon": 80.536123, "elev_m": 850.4, "prominence_m": 69.7}}, {"type": "Feature", "geometry": {"type": "Point", "coordinates": [81.059223, 7.107743]}, "properties": {"name": "", "lat": 7.107743, "lon": 81.059223, "elev_m": 650.4, "prominence_m": 69.7}}, {"type": "Feature", "geometry": {"type": "Point", "coordinates": [81.359075, 7.337778]}, "properties": {"name": "", "lat": 7.337778, "lon": 81.359075, "elev_m": 530.4, "prominence_m": 69.7}}, {"type": "Feature", "geometry": {"type": "Point", "coordinates": [80.942278, 7.40839]}, "properties": {"name": "", "lat": 7.40839, "lon": 80.942278, "elev_m": 320.4, "prominence_m": 69.7}}, {"type": "Feature", "geometry": {"type": "Point", "coordinates": [81.332042, 7.229572]}, "properties": {"name": "", "lat": 7.229572, "lon": 81.332042, "elev_m": 310.4, "prominence_m": 69.7}}, {"type": "Feature", "geometry": {"type": "Point", "coordinates": [80.484791, 6.690489]}, "properties": {"name": "", "lat": 6.690489, "lon": 80.484791, "elev_m": 270.4, "prominence_m": 69.7}}, {"type": "Feature", "geometry": {"type": "Point", "coordinates": [80.597105, 6.761622]}, "properties": {"name": "", "lat": 6.761622, "lon": 80.597105, "elev_m": 1960.3, "prominence_m": 69.6}}, {"type": "Feature", "geometry": {"type": "Point", "coordinates": [80.458049, 6.918087]}, "properties": {"name": "", "lat": 6.918087, "lon": 80.458049, "elev_m": 850.3, "prominence_m": 69.6}}, {"type": "Feature", "geometry": {"type": "Point", "coordinates": [80.767271, 6.671042]}, "properties": {"name": "", "lat": 6.671042, "lon": 80.767271, "elev_m": 630.3, "prominence_m": 69.6}}, {"type": "Feature", "geometry": {"type": "Point", "coordinates": [81.325643, 6.379644]}, "properties": {"name": "", "lat": 6.379644, "lon": 81.325643, "elev_m": 290.3, "prominence_m": 69.6}}, {"type": "Feature", "geometry": {"type": "Point", "coordinates": [80.304874, 7.246758]}, "properties": {"name": "", "lat": 7.246758, "lon": 80.304874, "elev_m": 260.3, "prominence_m": 69.6}}, {"type": "Feature", "geometry": {"type": "Point", "coordinates": [80.23841, 7.166656]}, "properties": {"name": "", "lat": 7.166656, "lon": 80.23841, "elev_m": 240.3, "prominence_m": 69.6}}, {"type": "Feature", "geometry": {"type": "Point", "coordinates": [81.462801, 7.46947]}, "properties": {"name": "", "lat": 7.46947, "lon": 81.462801, "elev_m": 240.3, "prominence_m": 69.6}}, {"type": "Feature", "geometry": {"type": "Point", "coordinates": [80.654207, 7.37612]}, "properties": {"name": "", "lat": 7.37612, "lon": 80.654207, "elev_m": 660.2, "prominence_m": 69.5}}, {"type": "Feature", "geometry": {"type": "Point", "coordinates": [81.231516, 6.938323]}, "properties": {"name": "", "lat": 6.938323, "lon": 81.231516, "elev_m": 490.2, "prominence_m": 69.5}}, {"type": "Feature", "geometry": {"type": "Point", "coordinates": [80.595384, 7.678043]}, "properties": {"name": "", "lat": 7.678043, "lon": 80.595384, "elev_m": 450.2, "prominence_m": 69.5}}, {"type": "Feature", "geometry": {"type": "Point", "coordinates": [80.867025, 7.546226]}, "properties": {"name": "", "lat": 7.546226, "lon": 80.867025, "elev_m": 280.2, "prominence_m": 69.5}}, {"type": "Feature", "geometry": {"type": "Point", "coordinates": [80.400598, 6.78674]}, "properties": {"name": "", "lat": 6.78674, "lon": 80.400598, "elev_m": 530.1, "prominence_m": 69.4}}, {"type": "Feature", "geometry": {"type": "Point", "coordinates": [81.354152, 7.098517]}, "properties": {"name": "", "lat": 7.098517, "lon": 81.354152, "elev_m": 410.1, "prominence_m": 69.4}}, {"type": "Feature", "geometry": {"type": "Point", "coordinates": [80.339974, 7.189552]}, "properties": {"name": "", "lat": 7.189552, "lon": 80.339974, "elev_m": 370.1, "prominence_m": 69.4}}, {"type": "Feature", "geometry": {"type": "Point", "coordinates": [80.405536, 6.717836]}, "properties": {"name": "", "lat": 6.717836, "lon": 80.405536, "elev_m": 290.1, "prominence_m": 69.4}}, {"type": "Feature", "geometry": {"type": "Point", "coordinates": [80.830118, 8.05652]}, "properties": {"name": "", "lat": 8.05652, "lon": 80.830118, "elev_m": 260.1, "prominence_m": 69.4}}, {"type": "Feature", "geometry": {"type": "Point", "coordinates": [80.345031, 7.009422]}, "properties": {"name": "", "lat": 7.009422, "lon": 80.345031, "elev_m": 210.1, "prominence_m": 69.4}}, {"type": "Feature", "geometry": {"type": "Point", "coordinates": [80.428421, 7.668989]}, "properties": {"name": "", "lat": 7.668989, "lon": 80.428421, "elev_m": 200.1, "prominence_m": 69.4}}, {"type": "Feature", "geometry": {"type": "Point", "coordinates": [80.869867, 6.820789]}, "properties": {"name": "", "lat": 6.820789, "lon": 80.869867, "elev_m": 1890.0, "prominence_m": 69.3}}, {"type": "Feature", "geometry": {"type": "Point", "coordinates": [80.80146, 6.661003]}, "properties": {"name": "", "lat": 6.661003, "lon": 80.80146, "elev_m": 570.0, "prominence_m": 69.3}}, {"type": "Feature", "geometry": {"type": "Point", "coordinates": [80.773232, 7.83597]}, "properties": {"name": "", "lat": 7.83597, "lon": 80.773232, "elev_m": 540.0, "prominence_m": 69.3}}, {"type": "Feature", "geometry": {"type": "Point", "coordinates": [80.85317, 7.602385]}, "properties": {"name": "", "lat": 7.602385, "lon": 80.85317, "elev_m": 240.0, "prominence_m": 69.3}}, {"type": "Feature", "geometry": {"type": "Point", "coordinates": [80.753959, 7.015588]}, "properties": {"name": "", "lat": 7.015588, "lon": 80.753959, "elev_m": 2319.9, "prominence_m": 69.2}}, {"type": "Feature", "geometry": {"type": "Point", "coordinates": [80.368752, 6.895502]}, "properties": {"name": "", "lat": 6.895502, "lon": 80.368752, "elev_m": 399.9, "prominence_m": 69.2}}, {"type": "Feature", "geometry": {"type": "Point", "coordinates": [80.880365, 7.62354]}, "properties": {"name": "", "lat": 7.62354, "lon": 80.880365, "elev_m": 359.9, "prominence_m": 69.2}}, {"type": "Feature", "geometry": {"type": "Point", "coordinates": [80.830648, 7.950448]}, "properties": {"name": "", "lat": 7.950448, "lon": 80.830648, "elev_m": 339.9, "prominence_m": 69.2}}, {"type": "Feature", "geometry": {"type": "Point", "coordinates": [80.321264, 6.585375]}, "properties": {"name": "", "lat": 6.585375, "lon": 80.321264, "elev_m": 319.9, "prominence_m": 69.2}}, {"type": "Feature", "geometry": {"type": "Point", "coordinates": [80.204341, 7.042097]}, "properties": {"name": "", "lat": 7.042097, "lon": 80.204341, "elev_m": 309.9, "prominence_m": 69.2}}, {"type": "Feature", "geometry": {"type": "Point", "coordinates": [80.862147, 7.621103]}, "properties": {"name": "", "lat": 7.621103, "lon": 80.862147, "elev_m": 269.9, "prominence_m": 69.2}}, {"type": "Feature", "geometry": {"type": "Point", "coordinates": [80.863793, 7.693265]}, "properties": {"name": "", "lat": 7.693265, "lon": 80.863793, "elev_m": 219.9, "prominence_m": 69.2}}, {"type": "Feature", "geometry": {"type": "Point", "coordinates": [80.601992, 7.476209]}, "properties": {"name": "", "lat": 7.476209, "lon": 80.601992, "elev_m": 949.8, "prominence_m": 69.1}}, {"type": "Feature", "geometry": {"type": "Point", "coordinates": [80.382627, 6.858076]}, "properties": {"name": "", "lat": 6.858076, "lon": 80.382627, "elev_m": 659.8, "prominence_m": 69.1}}, {"type": "Feature", "geometry": {"type": "Point", "coordinates": [80.449656, 7.269673]}, "properties": {"name": "", "lat": 7.269673, "lon": 80.449656, "elev_m": 309.8, "prominence_m": 69.1}}, {"type": "Feature", "geometry": {"type": "Point", "coordinates": [80.32109, 7.057146]}, "properties": {"name": "", "lat": 7.057146, "lon": 80.32109, "elev_m": 289.8, "prominence_m": 69.1}}, {"type": "Feature", "geometry": {"type": "Point", "coordinates": [80.523558, 6.21845]}, "properties": {"name": "", "lat": 6.21845, "lon": 80.523558, "elev_m": 289.8, "prominence_m": 69.1}}, {"type": "Feature", "geometry": {"type": "Point", "coordinates": [81.081449, 6.611263]}, "properties": {"name": "", "lat": 6.611263, "lon": 81.081449, "elev_m": 269.8, "prominence_m": 69.1}}, {"type": "Feature", "geometry": {"type": "Point", "coordinates": [80.474701, 7.594963]}, "properties": {"name": "", "lat": 7.594963, "lon": 80.474701, "elev_m": 239.8, "prominence_m": 69.1}}, {"type": "Feature", "geometry": {"type": "Point", "coordinates": [80.757223, 6.878041]}, "properties": {"name": "", "lat": 6.878041, "lon": 80.757223, "elev_m": 1919.7, "prominence_m": 69.0}}, {"type": "Feature", "geometry": {"type": "Point", "coordinates": [80.533092, 6.690786]}, "properties": {"name": "", "lat": 6.690786, "lon": 80.533092, "elev_m": 529.7, "prominence_m": 69.0}}, {"type": "Feature", "geometry": {"type": "Point", "coordinates": [80.663375, 6.54189]}, "properties": {"name": "", "lat": 6.54189, "lon": 80.663375, "elev_m": 439.7, "prominence_m": 69.0}}, {"type": "Feature", "geometry": {"type": "Point", "coordinates": [80.352468, 6.891147]}, "properties": {"name": "", "lat": 6.891147, "lon": 80.352468, "elev_m": 299.7, "prominence_m": 69.0}}, {"type": "Feature", "geometry": {"type": "Point", "coordinates": [80.80661, 6.572559]}, "properties": {"name": "", "lat": 6.572559, "lon": 80.80661, "elev_m": 229.7, "prominence_m": 69.0}}, {"type": "Feature", "geometry": {"type": "Point", "coordinates": [81.383612, 7.398783]}, "properties": {"name": "", "lat": 7.398783, "lon": 81.383612, "elev_m": 219.7, "prominence_m": 69.0}}, {"type": "Feature", "geometry": {"type": "Point", "coordinates": [80.682834, 6.923882]}, "properties": {"name": "", "lat": 6.923882, "lon": 80.682834, "elev_m": 1429.6, "prominence_m": 68.9}}, {"type": "Feature", "geometry": {"type": "Point", "coordinates": [80.966012, 6.969973]}, "properties": {"name": "", "lat": 6.969973, "lon": 80.966012, "elev_m": 989.6, "prominence_m": 68.9}}, {"type": "Feature", "geometry": {"type": "Point", "coordinates": [80.248933, 7.227707]}, "properties": {"name": "", "lat": 7.227707, "lon": 80.248933, "elev_m": 249.6, "prominence_m": 68.9}}, {"type": "Feature", "geometry": {"type": "Point", "coordinates": [81.18008, 7.108738]}, "properties": {"name": "", "lat": 7.108738, "lon": 81.18008, "elev_m": 919.5, "prominence_m": 68.8}}, {"type": "Feature", "geometry": {"type": "Point", "coordinates": [80.552384, 7.742318]}, "properties": {"name": "", "lat": 7.742318, "lon": 80.552384, "elev_m": 299.5, "prominence_m": 68.8}}, {"type": "Feature", "geometry": {"type": "Point", "coordinates": [80.479501, 7.33209]}, "properties": {"name": "", "lat": 7.33209, "lon": 80.479501, "elev_m": 289.5, "prominence_m": 68.8}}, {"type": "Feature", "geometry": {"type": "Point", "coordinates": [80.249502, 6.719049]}, "properties": {"name": "", "lat": 6.719049, "lon": 80.249502, "elev_m": 279.5, "prominence_m": 68.8}}, {"type": "Feature", "geometry": {"type": "Point", "coordinates": [80.361503, 6.801901]}, "properties": {"name": "", "lat": 6.801901, "lon": 80.361503, "elev_m": 269.5, "prominence_m": 68.8}}, {"type": "Feature", "geometry": {"type": "Point", "coordinates": [80.330287, 7.094321]}, "properties": {"name": "", "lat": 7.094321, "lon": 80.330287, "elev_m": 239.5, "prominence_m": 68.8}}, {"type": "Feature", "geometry": {"type": "Point", "coordinates": [80.926705, 7.164233]}, "properties": {"name": "", "lat": 7.164233, "lon": 80.926705, "elev_m": 1119.4, "prominence_m": 68.7}}, {"type": "Feature", "geometry": {"type": "Point", "coordinates": [80.674276, 7.552735]}, "properties": {"name": "", "lat": 7.552735, "lon": 80.674276, "elev_m": 659.4, "prominence_m": 68.7}}, {"type": "Feature", "geometry": {"type": "Point", "coordinates": [80.638921, 7.593418]}, "properties": {"name": "", "lat": 7.593418, "lon": 80.638921, "elev_m": 499.4, "prominence_m": 68.7}}, {"type": "Feature", "geometry": {"type": "Point", "coordinates": [80.425705, 6.195877]}, "properties": {"name": "", "lat": 6.195877, "lon": 80.425705, "elev_m": 339.4, "prominence_m": 68.7}}, {"type": "Feature", "geometry": {"type": "Point", "coordinates": [80.333386, 6.976586]}, "properties": {"name": "", "lat": 6.976586, "lon": 80.333386, "elev_m": 329.4, "prominence_m": 68.7}}, {"type": "Feature", "geometry": {"type": "Point", "coordinates": [80.780021, 6.255408]}, "properties": {"name": "", "lat": 6.255408, "lon": 80.780021, "elev_m": 229.4, "prominence_m": 68.7}}, {"type": "Feature", "geometry": {"type": "Point", "coordinates": [80.58437, 7.370399]}, "properties": {"name": "", "lat": 7.370399, "lon": 80.58437, "elev_m": 589.3, "prominence_m": 68.6}}, {"type": "Feature", "geometry": {"type": "Point", "coordinates": [80.427026, 7.373288]}, "properties": {"name": "", "lat": 7.373288, "lon": 80.427026, "elev_m": 329.3, "prominence_m": 68.6}}, {"type": "Feature", "geometry": {"type": "Point", "coordinates": [80.890316, 7.200597]}, "properties": {"name": "", "lat": 7.200597, "lon": 80.890316, "elev_m": 289.3, "prominence_m": 68.6}}, {"type": "Feature", "geometry": {"type": "Point", "coordinates": [81.370609, 7.224369]}, "properties": {"name": "", "lat": 7.224369, "lon": 81.370609, "elev_m": 289.3, "prominence_m": 68.6}}, {"type": "Feature", "geometry": {"type": "Point", "coordinates": [81.057371, 6.732003]}, "properties": {"name": "", "lat": 6.732003, "lon": 81.057371, "elev_m": 799.2, "prominence_m": 68.5}}, {"type": "Feature", "geometry": {"type": "Point", "coordinates": [80.72304, 6.688673]}, "properties": {"name": "", "lat": 6.688673, "lon": 80.72304, "elev_m": 729.2, "prominence_m": 68.5}}, {"type": "Feature", "geometry": {"type": "Point", "coordinates": [80.612492, 6.176434]}, "properties": {"name": "", "lat": 6.176434, "lon": 80.612492, "elev_m": 259.2, "prominence_m": 68.5}}, {"type": "Feature", "geometry": {"type": "Point", "coordinates": [80.677726, 7.917344]}, "properties": {"name": "", "lat": 7.917344, "lon": 80.677726, "elev_m": 249.2, "prominence_m": 68.5}}, {"type": "Feature", "geometry": {"type": "Point", "coordinates": [80.809647, 7.337884]}, "properties": {"name": "", "lat": 7.337884, "lon": 80.809647, "elev_m": 1179.1, "prominence_m": 68.4}}, {"type": "Feature", "geometry": {"type": "Point", "coordinates": [80.814258, 7.234521]}, "properties": {"name": "", "lat": 7.234521, "lon": 80.814258, "elev_m": 799.1, "prominence_m": 68.4}}, {"type": "Feature", "geometry": {"type": "Point", "coordinates": [81.063599, 6.70894]}, "properties": {"name": "", "lat": 6.70894, "lon": 81.063599, "elev_m": 509.1, "prominence_m": 68.4}}, {"type": "Feature", "geometry": {"type": "Point", "coordinates": [80.656647, 7.400266]}, "properties": {"name": "", "lat": 7.400266, "lon": 80.656647, "elev_m": 469.1, "prominence_m": 68.4}}, {"type": "Feature", "geometry": {"type": "Point", "coordinates": [81.394417, 7.152178]}, "properties": {"name": "", "lat": 7.152178, "lon": 81.394417, "elev_m": 329.1, "prominence_m": 68.4}}, {"type": "Feature", "geometry": {"type": "Point", "coordinates": [80.230547, 6.433091]}, "properties": {"name": "", "lat": 6.433091, "lon": 80.230547, "elev_m": 249.1, "prominence_m": 68.4}}, {"type": "Feature", "geometry": {"type": "Point", "coordinates": [80.94985, 6.57036]}, "properties": {"name": "", "lat": 6.57036, "lon": 80.94985, "elev_m": 219.1, "prominence_m": 68.4}}, {"type": "Feature", "geometry": {"type": "Point", "coordinates": [80.773508, 7.188946]}, "properties": {"name": "", "lat": 7.188946, "lon": 80.773508, "elev_m": 839.0, "prominence_m": 68.3}}, {"type": "Feature", "geometry": {"type": "Point", "coordinates": [80.534384, 6.256166]}, "properties": {"name": "", "lat": 6.256166, "lon": 80.534384, "elev_m": 449.0, "prominence_m": 68.3}}, {"type": "Feature", "geometry": {"type": "Point", "coordinates": [80.764566, 6.30153]}, "properties": {"name": "", "lat": 6.30153, "lon": 80.764566, "elev_m": 339.0, "prominence_m": 68.3}}, {"type": "Feature", "geometry": {"type": "Point", "coordinates": [81.029367, 6.629197]}, "properties": {"name": "", "lat": 6.629197, "lon": 81.029367, "elev_m": 329.0, "prominence_m": 68.3}}, {"type": "Feature", "geometry": {"type": "Point", "coordinates": [80.382665, 6.811685]}, "properties": {"name": "", "lat": 6.811685, "lon": 80.382665, "elev_m": 279.0, "prominence_m": 68.3}}, {"type": "Feature", "geometry": {"type": "Point", "coordinates": [80.330611, 7.03925]}, "properties": {"name": "", "lat": 7.03925, "lon": 80.330611, "elev_m": 279.0, "prominence_m": 68.3}}, {"type": "Feature", "geometry": {"type": "Point", "coordinates": [81.336766, 7.73821]}, "properties": {"name": "", "lat": 7.73821, "lon": 81.336766, "elev_m": 239.0, "prominence_m": 68.3}}, {"type": "Feature", "geometry": {"type": "Point", "coordinates": [80.54797, 7.342439]}, "properties": {"name": "", "lat": 7.342439, "lon": 80.54797, "elev_m": 598.9, "prominence_m": 68.2}}, {"type": "Feature", "geometry": {"type": "Point", "coordinates": [81.370176, 7.308195]}, "properties": {"name": "", "lat": 7.308195, "lon": 81.370176, "elev_m": 318.9, "prominence_m": 68.2}}, {"type": "Feature", "geometry": {"type": "Point", "coordinates": [80.401274, 6.24388]}, "properties": {"name": "", "lat": 6.24388, "lon": 80.401274, "elev_m": 278.9, "prominence_m": 68.2}}, {"type": "Feature", "geometry": {"type": "Point", "coordinates": [80.649469, 7.781965]}, "properties": {"name": "", "lat": 7.781965, "lon": 80.649469, "elev_m": 278.9, "prominence_m": 68.2}}, {"type": "Feature", "geometry": {"type": "Point", "coordinates": [80.287894, 6.304014]}, "properties": {"name": "", "lat": 6.304014, "lon": 80.287894, "elev_m": 258.9, "prominence_m": 68.2}}, {"type": "Feature", "geometry": {"type": "Point", "coordinates": [81.244572, 6.392204]}, "properties": {"name": "", "lat": 6.392204, "lon": 81.244572, "elev_m": 238.9, "prominence_m": 68.2}}, {"type": "Feature", "geometry": {"type": "Point", "coordinates": [80.178347, 7.194524]}, "properties": {"name": "", "lat": 7.194524, "lon": 80.178347, "elev_m": 218.9, "prominence_m": 68.2}}, {"type": "Feature", "geometry": {"type": "Point", "coordinates": [80.681682, 7.243466]}, "properties": {"name": "", "lat": 7.243466, "lon": 80.681682, "elev_m": 718.8, "prominence_m": 68.1}}, {"type": "Feature", "geometry": {"type": "Point", "coordinates": [80.61249, 7.746143]}, "properties": {"name": "", "lat": 7.746143, "lon": 80.61249, "elev_m": 358.8, "prominence_m": 68.1}}, {"type": "Feature", "geometry": {"type": "Point", "coordinates": [80.897958, 8.272444]}, "properties": {"name": "", "lat": 8.272444, "lon": 80.897958, "elev_m": 268.8, "prominence_m": 68.1}}, {"type": "Feature", "geometry": {"type": "Point", "coordinates": [80.186392, 7.063506]}, "properties": {"name": "", "lat": 7.063506, "lon": 80.186392, "elev_m": 248.8, "prominence_m": 68.1}}, {"type": "Feature", "geometry": {"type": "Point", "coordinates": [80.575354, 8.049421]}, "properties": {"name": "", "lat": 8.049421, "lon": 80.575354, "elev_m": 208.8, "prominence_m": 68.1}}, {"type": "Feature", "geometry": {"type": "Point", "coordinates": [80.669815, 6.866093]}, "properties": {"name": "", "lat": 6.866093, "lon": 80.669815, "elev_m": 1518.7, "prominence_m": 68.0}}, {"type": "Feature", "geometry": {"type": "Point", "coordinates": [81.164813, 7.038759]}, "properties": {"name": "", "lat": 7.038759, "lon": 81.164813, "elev_m": 1398.7, "prominence_m": 68.0}}, {"type": "Feature", "geometry": {"type": "Point", "coordinates": [81.022737, 6.93061]}, "properties": {"name": "", "lat": 6.93061, "lon": 81.022737, "elev_m": 1328.7, "prominence_m": 68.0}}, {"type": "Feature", "geometry": {"type": "Point", "coordinates": [80.886484, 7.075803]}, "properties": {"name": "", "lat": 7.075803, "lon": 80.886484, "elev_m": 1308.7, "prominence_m": 68.0}}, {"type": "Feature", "geometry": {"type": "Point", "coordinates": [80.606746, 6.34274]}, "properties": {"name": "", "lat": 6.34274, "lon": 80.606746, "elev_m": 808.7, "prominence_m": 68.0}}, {"type": "Feature", "geometry": {"type": "Point", "coordinates": [80.652302, 7.388057]}, "properties": {"name": "", "lat": 7.388057, "lon": 80.652302, "elev_m": 798.7, "prominence_m": 68.0}}, {"type": "Feature", "geometry": {"type": "Point", "coordinates": [80.719524, 6.585037]}, "properties": {"name": "", "lat": 6.585037, "lon": 80.719524, "elev_m": 488.7, "prominence_m": 68.0}}, {"type": "Feature", "geometry": {"type": "Point", "coordinates": [80.698182, 7.650946]}, "properties": {"name": "", "lat": 7.650946, "lon": 80.698182, "elev_m": 368.7, "prominence_m": 68.0}}, {"type": "Feature", "geometry": {"type": "Point", "coordinates": [80.358369, 7.271497]}, "properties": {"name": "", "lat": 7.271497, "lon": 80.358369, "elev_m": 358.7, "prominence_m": 68.0}}, {"type": "Feature", "geometry": {"type": "Point", "coordinates": [80.631783, 7.799051]}, "properties": {"name": "", "lat": 7.799051, "lon": 80.631783, "elev_m": 288.7, "prominence_m": 68.0}}, {"type": "Feature", "geometry": {"type": "Point", "coordinates": [80.651266, 7.203578]}, "properties": {"name": "", "lat": 7.203578, "lon": 80.651266, "elev_m": 1098.6, "prominence_m": 67.9}}, {"type": "Feature", "geometry": {"type": "Point", "coordinates": [80.789011, 7.853603]}, "properties": {"name": "", "lat": 7.853603, "lon": 80.789011, "elev_m": 398.6, "prominence_m": 67.9}}, {"type": "Feature", "geometry": {"type": "Point", "coordinates": [80.579409, 6.205723]}, "properties": {"name": "", "lat": 6.205723, "lon": 80.579409, "elev_m": 378.6, "prominence_m": 67.9}}, {"type": "Feature", "geometry": {"type": "Point", "coordinates": [80.365204, 6.917745]}, "properties": {"name": "", "lat": 6.917745, "lon": 80.365204, "elev_m": 318.6, "prominence_m": 67.9}}, {"type": "Feature", "geometry": {"type": "Point", "coordinates": [80.271341, 7.351708]}, "properties": {"name": "", "lat": 7.351708, "lon": 80.271341, "elev_m": 278.6, "prominence_m": 67.9}}, {"type": "Feature", "geometry": {"type": "Point", "coordinates": [81.126139, 7.590044]}, "properties": {"name": "", "lat": 7.590044, "lon": 81.126139, "elev_m": 218.6, "prominence_m": 67.9}}, {"type": "Feature", "geometry": {"type": "Point", "coordinates": [81.013474, 6.865504]}, "properties": {"name": "", "lat": 6.865504, "lon": 81.013474, "elev_m": 1448.5, "prominence_m": 67.8}}, {"type": "Feature", "geometry": {"type": "Point", "coordinates": [81.029782, 6.904562]}, "properties": {"name": "", "lat": 6.904562, "lon": 81.029782, "elev_m": 1388.5, "prominence_m": 67.8}}, {"type": "Feature", "geometry": {"type": "Point", "coordinates": [80.842517, 7.273041]}, "properties": {"name": "", "lat": 7.273041, "lon": 80.842517, "elev_m": 1158.5, "prominence_m": 67.8}}, {"type": "Feature", "geometry": {"type": "Point", "coordinates": [80.447542, 6.389598]}, "properties": {"name": "", "lat": 6.389598, "lon": 80.447542, "elev_m": 608.5, "prominence_m": 67.8}}, {"type": "Feature", "geometry": {"type": "Point", "coordinates": [81.557486, 7.056444]}, "properties": {"name": "", "lat": 7.056444, "lon": 81.557486, "elev_m": 328.5, "prominence_m": 67.8}}, {"type": "Feature", "geometry": {"type": "Point", "coordinates": [80.868109, 7.527507]}, "properties": {"name": "", "lat": 7.527507, "lon": 80.868109, "elev_m": 328.5, "prominence_m": 67.8}}, {"type": "Feature", "geometry": {"type": "Point", "coordinates": [81.002653, 6.944456]}, "properties": {"name": "", "lat": 6.944456, "lon": 81.002653, "elev_m": 1258.4, "prominence_m": 67.7}}, {"type": "Feature", "geometry": {"type": "Point", "coordinates": [80.512488, 7.144107]}, "properties": {"name": "", "lat": 7.144107, "lon": 80.512488, "elev_m": 818.4, "prominence_m": 67.7}}, {"type": "Feature", "geometry": {"type": "Point", "coordinates": [80.633182, 7.684026]}, "properties": {"name": "", "lat": 7.684026, "lon": 80.633182, "elev_m": 478.4, "prominence_m": 67.7}}, {"type": "Feature", "geometry": {"type": "Point", "coordinates": [80.325865, 6.891123]}, "properties": {"name": "", "lat": 6.891123, "lon": 80.325865, "elev_m": 378.4, "prominence_m": 67.7}}, {"type": "Feature", "geometry": {"type": "Point", "coordinates": [80.652491, 7.679149]}, "properties": {"name": "", "lat": 7.679149, "lon": 80.652491, "elev_m": 368.4, "prominence_m": 67.7}}, {"type": "Feature", "geometry": {"type": "Point", "coordinates": [81.361538, 7.140827]}, "properties": {"name": "", "lat": 7.140827, "lon": 81.361538, "elev_m": 298.4, "prominence_m": 67.7}}, {"type": "Feature", "geometry": {"type": "Point", "coordinates": [80.649398, 8.013913]}, "properties": {"name": "Rathmalkanda", "lat": 8.013913, "lon": 80.649398, "elev_m": 238.4, "prominence_m": 67.7}}, {"type": "Feature", "geometry": {"type": "Point", "coordinates": [80.275399, 7.121665]}, "properties": {"name": "", "lat": 7.121665, "lon": 80.275399, "elev_m": 208.4, "prominence_m": 67.7}}, {"type": "Feature", "geometry": {"type": "Point", "coordinates": [80.910878, 6.911121]}, "properties": {"name": "", "lat": 6.911121, "lon": 80.910878, "elev_m": 1198.3, "prominence_m": 67.6}}, {"type": "Feature", "geometry": {"type": "Point", "coordinates": [80.531177, 7.242324]}, "properties": {"name": "", "lat": 7.242324, "lon": 80.531177, "elev_m": 648.3, "prominence_m": 67.6}}, {"type": "Feature", "geometry": {"type": "Point", "coordinates": [81.491412, 7.345725]}, "properties": {"name": "Ritagala", "lat": 7.345725, "lon": 81.491412, "elev_m": 528.3, "prominence_m": 67.6}}, {"type": "Feature", "geometry": {"type": "Point", "coordinates": [81.088807, 7.472606]}, "properties": {"name": "", "lat": 7.472606, "lon": 81.088807, "elev_m": 318.3, "prominence_m": 67.6}}, {"type": "Feature", "geometry": {"type": "Point", "coordinates": [80.272498, 7.289043]}, "properties": {"name": "", "lat": 7.289043, "lon": 80.272498, "elev_m": 258.3, "prominence_m": 67.6}}, {"type": "Feature", "geometry": {"type": "Point", "coordinates": [81.051806, 6.482685]}, "properties": {"name": "", "lat": 6.482685, "lon": 81.051806, "elev_m": 208.3, "prominence_m": 67.6}}, {"type": "Feature", "geometry": {"type": "Point", "coordinates": [80.387361, 7.043913]}, "properties": {"name": "", "lat": 7.043913, "lon": 80.387361, "elev_m": 1028.2, "prominence_m": 67.5}}, {"type": "Feature", "geometry": {"type": "Point", "coordinates": [80.634315, 7.544856]}, "properties": {"name": "", "lat": 7.544856, "lon": 80.634315, "elev_m": 448.2, "prominence_m": 67.5}}, {"type": "Feature", "geometry": {"type": "Point", "coordinates": [81.242562, 6.8515]}, "properties": {"name": "", "lat": 6.8515, "lon": 81.242562, "elev_m": 368.2, "prominence_m": 67.5}}, {"type": "Feature", "geometry": {"type": "Point", "coordinates": [80.841962, 7.19084]}, "properties": {"name": "", "lat": 7.19084, "lon": 80.841962, "elev_m": 318.2, "prominence_m": 67.5}}, {"type": "Feature", "geometry": {"type": "Point", "coordinates": [80.295746, 6.316229]}, "properties": {"name": "", "lat": 6.316229, "lon": 80.295746, "elev_m": 268.2, "prominence_m": 67.5}}, {"type": "Feature", "geometry": {"type": "Point", "coordinates": [80.341611, 7.462465]}, "properties": {"name": "", "lat": 7.462465, "lon": 80.341611, "elev_m": 218.2, "prominence_m": 67.5}}, {"type": "Feature", "geometry": {"type": "Point", "coordinates": [80.837096, 7.367723]}, "properties": {"name": "", "lat": 7.367723, "lon": 80.837096, "elev_m": 1478.1, "prominence_m": 67.4}}, {"type": "Feature", "geometry": {"type": "Point", "coordinates": [80.404283, 6.934597]}, "properties": {"name": "", "lat": 6.934597, "lon": 80.404283, "elev_m": 388.1, "prominence_m": 67.4}}, {"type": "Feature", "geometry": {"type": "Point", "coordinates": [80.38717, 6.945706]}, "properties": {"name": "", "lat": 6.945706, "lon": 80.38717, "elev_m": 358.1, "prominence_m": 67.4}}, {"type": "Feature", "geometry": {"type": "Point", "coordinates": [80.178474, 6.883365]}, "properties": {"name": "", "lat": 6.883365, "lon": 80.178474, "elev_m": 298.1, "prominence_m": 67.4}}, {"type": "Feature", "geometry": {"type": "Point", "coordinates": [81.006835, 6.60235]}, "properties": {"name": "", "lat": 6.60235, "lon": 81.006835, "elev_m": 238.1, "prominence_m": 67.4}}, {"type": "Feature", "geometry": {"type": "Point", "coordinates": [80.891251, 7.659347]}, "properties": {"name": "", "lat": 7.659347, "lon": 80.891251, "elev_m": 228.1, "prominence_m": 67.4}}, {"type": "Feature", "geometry": {"type": "Point", "coordinates": [80.561399, 7.100997]}, "properties": {"name": "", "lat": 7.100997, "lon": 80.561399, "elev_m": 648.0, "prominence_m": 67.3}}, {"type": "Feature", "geometry": {"type": "Point", "coordinates": [80.598677, 7.606154]}, "properties": {"name": "", "lat": 7.606154, "lon": 80.598677, "elev_m": 498.0, "prominence_m": 67.3}}, {"type": "Feature", "geometry": {"type": "Point", "coordinates": [80.560087, 7.567885]}, "properties": {"name": "", "lat": 7.567885, "lon": 80.560087, "elev_m": 408.0, "prominence_m": 67.3}}, {"type": "Feature", "geometry": {"type": "Point", "coordinates": [80.735152, 7.778455]}, "properties": {"name": "", "lat": 7.778455, "lon": 80.735152, "elev_m": 348.0, "prominence_m": 67.3}}, {"type": "Feature", "geometry": {"type": "Point", "coordinates": [80.518257, 7.50411]}, "properties": {"name": "", "lat": 7.50411, "lon": 80.518257, "elev_m": 248.0, "prominence_m": 67.3}}, {"type": "Feature", "geometry": {"type": "Point", "coordinates": [80.78925, 6.700071]}, "properties": {"name": "", "lat": 6.700071, "lon": 80.78925, "elev_m": 647.9, "prominence_m": 67.2}}, {"type": "Feature", "geometry": {"type": "Point", "coordinates": [80.36411, 6.927239]}, "properties": {"name": "", "lat": 6.927239, "lon": 80.36411, "elev_m": 337.9, "prominence_m": 67.2}}, {"type": "Feature", "geometry": {"type": "Point", "coordinates": [80.439254, 7.374111]}, "properties": {"name": "", "lat": 7.374111, "lon": 80.439254, "elev_m": 337.9, "prominence_m": 67.2}}, {"type": "Feature", "geometry": {"type": "Point", "coordinates": [81.01798, 7.181015]}, "properties": {"name": "", "lat": 7.181015, "lon": 81.01798, "elev_m": 237.9, "prominence_m": 67.2}}, {"type": "Feature", "geometry": {"type": "Point", "coordinates": [80.524758, 7.057572]}, "properties": {"name": "", "lat": 7.057572, "lon": 80.524758, "elev_m": 837.8, "prominence_m": 67.1}}, {"type": "Feature", "geometry": {"type": "Point", "coordinates": [80.801787, 7.671841]}, "properties": {"name": "", "lat": 7.671841, "lon": 80.801787, "elev_m": 257.8, "prominence_m": 67.1}}, {"type": "Feature", "geometry": {"type": "Point", "coordinates": [80.374175, 6.227853]}, "properties": {"name": "", "lat": 6.227853, "lon": 80.374175, "elev_m": 237.8, "prominence_m": 67.1}}, {"type": "Feature", "geometry": {"type": "Point", "coordinates": [81.616253, 7.120089]}, "properties": {"name": "", "lat": 7.120089, "lon": 81.616253, "elev_m": 207.8, "prominence_m": 67.1}}, {"type": "Feature", "geometry": {"type": "Point", "coordinates": [81.157641, 6.900136]}, "properties": {"name": "", "lat": 6.900136, "lon": 81.157641, "elev_m": 1067.7, "prominence_m": 67.0}}, {"type": "Feature", "geometry": {"type": "Point", "coordinates": [81.04857, 7.004116]}, "properties": {"name": "", "lat": 7.004116, "lon": 81.04857, "elev_m": 957.7, "prominence_m": 67.0}}, {"type": "Feature", "geometry": {"type": "Point", "coordinates": [80.979594, 6.986245]}, "properties": {"name": "", "lat": 6.986245, "lon": 80.979594, "elev_m": 857.7, "prominence_m": 67.0}}, {"type": "Feature", "geometry": {"type": "Point", "coordinates": [80.423119, 6.412642]}, "properties": {"name": "", "lat": 6.412642, "lon": 80.423119, "elev_m": 607.7, "prominence_m": 67.0}}, {"type": "Feature", "geometry": {"type": "Point", "coordinates": [80.515632, 7.346219]}, "properties": {"name": "", "lat": 7.346219, "lon": 80.515632, "elev_m": 507.7, "prominence_m": 67.0}}, {"type": "Feature", "geometry": {"type": "Point", "coordinates": [80.63074, 7.667477]}, "properties": {"name": "", "lat": 7.667477, "lon": 80.63074, "elev_m": 457.7, "prominence_m": 67.0}}, {"type": "Feature", "geometry": {"type": "Point", "coordinates": [80.780305, 7.860114]}, "properties": {"name": "", "lat": 7.860114, "lon": 80.780305, "elev_m": 367.7, "prominence_m": 67.0}}, {"type": "Feature", "geometry": {"type": "Point", "coordinates": [80.384802, 7.178741]}, "properties": {"name": "", "lat": 7.178741, "lon": 80.384802, "elev_m": 337.7, "prominence_m": 67.0}}, {"type": "Feature", "geometry": {"type": "Point", "coordinates": [81.390638, 7.754412]}, "properties": {"name": "", "lat": 7.754412, "lon": 81.390638, "elev_m": 257.7, "prominence_m": 67.0}}, {"type": "Feature", "geometry": {"type": "Point", "coordinates": [80.213943, 7.184531]}, "properties": {"name": "", "lat": 7.184531, "lon": 80.213943, "elev_m": 237.7, "prominence_m": 67.0}}, {"type": "Feature", "geometry": {"type": "Point", "coordinates": [80.456566, 6.697253]}, "properties": {"name": "", "lat": 6.697253, "lon": 80.456566, "elev_m": 217.7, "prominence_m": 67.0}}, {"type": "Feature", "geometry": {"type": "Point", "coordinates": [81.220545, 7.384869]}, "properties": {"name": "", "lat": 7.384869, "lon": 81.220545, "elev_m": 217.7, "prominence_m": 67.0}}, {"type": "Feature", "geometry": {"type": "Point", "coordinates": [80.192005, 6.917021]}, "properties": {"name": "", "lat": 6.917021, "lon": 80.192005, "elev_m": 207.7, "prominence_m": 67.0}}, {"type": "Feature", "geometry": {"type": "Point", "coordinates": [80.762383, 6.776577]}, "properties": {"name": "", "lat": 6.776577, "lon": 80.762383, "elev_m": 2207.6, "prominence_m": 66.9}}, {"type": "Feature", "geometry": {"type": "Point", "coordinates": [81.081784, 6.713812]}, "properties": {"name": "", "lat": 6.713812, "lon": 81.081784, "elev_m": 377.6, "prominence_m": 66.9}}, {"type": "Feature", "geometry": {"type": "Point", "coordinates": [80.372027, 7.489351]}, "properties": {"name": "", "lat": 7.489351, "lon": 80.372027, "elev_m": 317.6, "prominence_m": 66.9}}, {"type": "Feature", "geometry": {"type": "Point", "coordinates": [80.40466, 7.471475]}, "properties": {"name": "", "lat": 7.471475, "lon": 80.40466, "elev_m": 247.6, "prominence_m": 66.9}}, {"type": "Feature", "geometry": {"type": "Point", "coordinates": [80.835475, 7.435003]}, "properties": {"name": "", "lat": 7.435003, "lon": 80.835475, "elev_m": 1047.5, "prominence_m": 66.8}}, {"type": "Feature", "geometry": {"type": "Point", "coordinates": [80.325268, 6.657542]}, "properties": {"name": "", "lat": 6.657542, "lon": 80.325268, "elev_m": 557.5, "prominence_m": 66.8}}, {"type": "Feature", "geometry": {"type": "Point", "coordinates": [81.096249, 7.236581]}, "properties": {"name": "", "lat": 7.236581, "lon": 81.096249, "elev_m": 497.5, "prominence_m": 66.8}}, {"type": "Feature", "geometry": {"type": "Point", "coordinates": [80.957756, 6.678062]}, "properties": {"name": "", "lat": 6.678062, "lon": 80.957756, "elev_m": 427.5, "prominence_m": 66.8}}, {"type": "Feature", "geometry": {"type": "Point", "coordinates": [80.453402, 7.351062]}, "properties": {"name": "", "lat": 7.351062, "lon": 80.453402, "elev_m": 417.5, "prominence_m": 66.8}}, {"type": "Feature", "geometry": {"type": "Point", "coordinates": [81.477954, 7.253243]}, "properties": {"name": "", "lat": 7.253243, "lon": 81.477954, "elev_m": 297.5, "prominence_m": 66.8}}, {"type": "Feature", "geometry": {"type": "Point", "coordinates": [80.531413, 6.791979]}, "properties": {"name": "", "lat": 6.791979, "lon": 80.531413, "elev_m": 1607.4, "prominence_m": 66.7}}, {"type": "Feature", "geometry": {"type": "Point", "coordinates": [80.842799, 7.342763]}, "properties": {"name": "", "lat": 7.342763, "lon": 80.842799, "elev_m": 1467.4, "prominence_m": 66.7}}, {"type": "Feature", "geometry": {"type": "Point", "coordinates": [80.300397, 6.562024]}, "properties": {"name": "", "lat": 6.562024, "lon": 80.300397, "elev_m": 347.4, "prominence_m": 66.7}}, {"type": "Feature", "geometry": {"type": "Point", "coordinates": [80.885814, 7.666673]}, "properties": {"name": "", "lat": 7.666673, "lon": 80.885814, "elev_m": 337.4, "prominence_m": 66.7}}, {"type": "Feature", "geometry": {"type": "Point", "coordinates": [80.3554, 7.251148]}, "properties": {"name": "", "lat": 7.251148, "lon": 80.3554, "elev_m": 267.4, "prominence_m": 66.7}}, {"type": "Feature", "geometry": {"type": "Point", "coordinates": [80.664835, 7.257569]}, "properties": {"name": "", "lat": 7.257569, "lon": 80.664835, "elev_m": 797.3, "prominence_m": 66.6}}, {"type": "Feature", "geometry": {"type": "Point", "coordinates": [80.738139, 7.832984]}, "properties": {"name": "", "lat": 7.832984, "lon": 80.738139, "elev_m": 357.3, "prominence_m": 66.6}}, {"type": "Feature", "geometry": {"type": "Point", "coordinates": [80.792269, 7.671842]}, "properties": {"name": "", "lat": 7.671842, "lon": 80.792269, "elev_m": 347.3, "prominence_m": 66.6}}, {"type": "Feature", "geometry": {"type": "Point", "coordinates": [80.264393, 7.248613]}, "properties": {"name": "", "lat": 7.248613, "lon": 80.264393, "elev_m": 247.3, "prominence_m": 66.6}}, {"type": "Feature", "geometry": {"type": "Point", "coordinates": [80.394569, 6.142681]}, "properties": {"name": "", "lat": 6.142681, "lon": 80.394569, "elev_m": 237.3, "prominence_m": 66.6}}, {"type": "Feature", "geometry": {"type": "Point", "coordinates": [80.839199, 6.844397]}, "properties": {"name": "", "lat": 6.844397, "lon": 80.839199, "elev_m": 2007.2, "prominence_m": 66.5}}, {"type": "Feature", "geometry": {"type": "Point", "coordinates": [80.835401, 6.860675]}, "properties": {"name": "", "lat": 6.860675, "lon": 80.835401, "elev_m": 1947.2, "prominence_m": 66.5}}, {"type": "Feature", "geometry": {"type": "Point", "coordinates": [80.628756, 7.090714]}, "properties": {"name": "", "lat": 7.090714, "lon": 80.628756, "elev_m": 1427.2, "prominence_m": 66.5}}, {"type": "Feature", "geometry": {"type": "Point", "coordinates": [80.673716, 6.381554]}, "properties": {"name": "Naigala", "lat": 6.381554, "lon": 80.673716, "elev_m": 1077.2, "prominence_m": 66.5}}, {"type": "Feature", "geometry": {"type": "Point", "coordinates": [81.046965, 7.04481]}, "properties": {"name": "", "lat": 7.04481, "lon": 81.046965, "elev_m": 987.2, "prominence_m": 66.5}}, {"type": "Feature", "geometry": {"type": "Point", "coordinates": [80.471593, 6.529873]}, "properties": {"name": "", "lat": 6.529873, "lon": 80.471593, "elev_m": 297.2, "prominence_m": 66.5}}, {"type": "Feature", "geometry": {"type": "Point", "coordinates": [81.425787, 6.857798]}, "properties": {"name": "", "lat": 6.857798, "lon": 81.425787, "elev_m": 237.2, "prominence_m": 66.5}}, {"type": "Feature", "geometry": {"type": "Point", "coordinates": [80.741142, 7.701953]}, "properties": {"name": "", "lat": 7.701953, "lon": 80.741142, "elev_m": 337.1, "prominence_m": 66.4}}, {"type": "Feature", "geometry": {"type": "Point", "coordinates": [80.423352, 6.847527]}, "properties": {"name": "", "lat": 6.847527, "lon": 80.423352, "elev_m": 937.0, "prominence_m": 66.3}}, {"type": "Feature", "geometry": {"type": "Point", "coordinates": [80.384514, 6.874355]}, "properties": {"name": "", "lat": 6.874355, "lon": 80.384514, "elev_m": 527.0, "prominence_m": 66.3}}, {"type": "Feature", "geometry": {"type": "Point", "coordinates": [80.388765, 6.987215]}, "properties": {"name": "", "lat": 6.987215, "lon": 80.388765, "elev_m": 427.0, "prominence_m": 66.3}}, {"type": "Feature", "geometry": {"type": "Point", "coordinates": [80.837344, 7.191383]}, "properties": {"name": "", "lat": 7.191383, "lon": 80.837344, "elev_m": 337.0, "prominence_m": 66.3}}, {"type": "Feature", "geometry": {"type": "Point", "coordinates": [80.330895, 7.57585]}, "properties": {"name": "", "lat": 7.57585, "lon": 80.330895, "elev_m": 327.0, "prominence_m": 66.3}}, {"type": "Feature", "geometry": {"type": "Point", "coordinates": [81.252734, 7.243497]}, "properties": {"name": "", "lat": 7.243497, "lon": 81.252734, "elev_m": 287.0, "prominence_m": 66.3}}, {"type": "Feature", "geometry": {"type": "Point", "coordinates": [80.292758, 6.321381]}, "properties": {"name": "", "lat": 6.321381, "lon": 80.292758, "elev_m": 267.0, "prominence_m": 66.3}}, {"type": "Feature", "geometry": {"type": "Point", "coordinates": [80.989214, 7.239085]}, "properties": {"name": "", "lat": 7.239085, "lon": 80.989214, "elev_m": 217.0, "prominence_m": 66.3}}, {"type": "Feature", "geometry": {"type": "Point", "coordinates": [80.717685, 8.188633]}, "properties": {"name": "", "lat": 8.188633, "lon": 80.717685, "elev_m": 217.0, "prominence_m": 66.3}}, {"type": "Feature", "geometry": {"type": "Point", "coordinates": [80.846522, 6.803973]}, "properties": {"name": "", "lat": 6.803973, "lon": 80.846522, "elev_m": 2106.9, "prominence_m": 66.2}}, {"type": "Feature", "geometry": {"type": "Point", "coordinates": [80.606368, 6.659346]}, "properties": {"name": "", "lat": 6.659346, "lon": 80.606368, "elev_m": 1326.9, "prominence_m": 66.2}}, {"type": "Feature", "geometry": {"type": "Point", "coordinates": [80.478958, 6.461511]}, "properties": {"name": "", "lat": 6.461511, "lon": 80.478958, "elev_m": 676.9, "prominence_m": 66.2}}, {"type": "Feature", "geometry": {"type": "Point", "coordinates": [80.796626, 7.806671]}, "properties": {"name": "", "lat": 7.806671, "lon": 80.796626, "elev_m": 266.9, "prominence_m": 66.2}}, {"type": "Feature", "geometry": {"type": "Point", "coordinates": [80.560798, 6.62623]}, "properties": {"name": "", "lat": 6.62623, "lon": 80.560798, "elev_m": 256.9, "prominence_m": 66.2}}, {"type": "Feature", "geometry": {"type": "Point", "coordinates": [80.688017, 8.145223]}, "properties": {"name": "", "lat": 8.145223, "lon": 80.688017, "elev_m": 226.9, "prominence_m": 66.2}}, {"type": "Feature", "geometry": {"type": "Point", "coordinates": [80.559111, 7.342444]}, "properties": {"name": "", "lat": 7.342444, "lon": 80.559111, "elev_m": 586.8, "prominence_m": 66.1}}, {"type": "Feature", "geometry": {"type": "Point", "coordinates": [80.392153, 6.477188]}, "properties": {"name": "", "lat": 6.477188, "lon": 80.392153, "elev_m": 516.8, "prominence_m": 66.1}}, {"type": "Feature", "geometry": {"type": "Point", "coordinates": [80.746665, 6.390516]}, "properties": {"name": "", "lat": 6.390516, "lon": 80.746665, "elev_m": 316.8, "prominence_m": 66.1}}, {"type": "Feature", "geometry": {"type": "Point", "coordinates": [81.19137, 7.278825]}, "properties": {"name": "", "lat": 7.278825, "lon": 81.19137, "elev_m": 256.8, "prominence_m": 66.1}}, {"type": "Feature", "geometry": {"type": "Point", "coordinates": [80.895322, 7.632489]}, "properties": {"name": "", "lat": 7.632489, "lon": 80.895322, "elev_m": 216.8, "prominence_m": 66.1}}, {"type": "Feature", "geometry": {"type": "Point", "coordinates": [80.319748, 7.040596]}, "properties": {"name": "", "lat": 7.040596, "lon": 80.319748, "elev_m": 216.8, "prominence_m": 66.1}}, {"type": "Feature", "geometry": {"type": "Point", "coordinates": [81.347319, 6.837552]}, "properties": {"name": "", "lat": 6.837552, "lon": 81.347319, "elev_m": 206.8, "prominence_m": 66.1}}, {"type": "Feature", "geometry": {"type": "Point", "coordinates": [80.615045, 6.675085]}, "properties": {"name": "", "lat": 6.675085, "lon": 80.615045, "elev_m": 1036.7, "prominence_m": 66.0}}, {"type": "Feature", "geometry": {"type": "Point", "coordinates": [80.856102, 7.273039]}, "properties": {"name": "", "lat": 7.273039, "lon": 80.856102, "elev_m": 916.7, "prominence_m": 66.0}}, {"type": "Feature", "geometry": {"type": "Point", "coordinates": [80.694751, 7.086118]}, "properties": {"name": "", "lat": 7.086118, "lon": 80.694751, "elev_m": 1646.6, "prominence_m": 65.9}}, {"type": "Feature", "geometry": {"type": "Point", "coordinates": [80.638481, 6.308294]}, "properties": {"name": "", "lat": 6.308294, "lon": 80.638481, "elev_m": 416.6, "prominence_m": 65.9}}, {"type": "Feature", "geometry": {"type": "Point", "coordinates": [80.325925, 6.827641]}, "properties": {"name": "", "lat": 6.827641, "lon": 80.325925, "elev_m": 266.6, "prominence_m": 65.9}}, {"type": "Feature", "geometry": {"type": "Point", "coordinates": [80.46253, 6.706753]}, "properties": {"name": "", "lat": 6.706753, "lon": 80.46253, "elev_m": 266.6, "prominence_m": 65.9}}, {"type": "Feature", "geometry": {"type": "Point", "coordinates": [80.472391, 7.785131]}, "properties": {"name": "", "lat": 7.785131, "lon": 80.472391, "elev_m": 246.6, "prominence_m": 65.9}}, {"type": "Feature", "geometry": {"type": "Point", "coordinates": [80.294302, 7.224773]}, "properties": {"name": "", "lat": 7.224773, "lon": 80.294302, "elev_m": 246.6, "prominence_m": 65.9}}, {"type": "Feature", "geometry": {"type": "Point", "coordinates": [80.27506, 7.427671]}, "properties": {"name": "", "lat": 7.427671, "lon": 80.27506, "elev_m": 236.6, "prominence_m": 65.9}}, {"type": "Feature", "geometry": {"type": "Point", "coordinates": [80.943621, 6.60129]}, "properties": {"name": "", "lat": 6.60129, "lon": 80.943621, "elev_m": 216.6, "prominence_m": 65.9}}, {"type": "Feature", "geometry": {"type": "Point", "coordinates": [80.421535, 7.773969]}, "properties": {"name": "", "lat": 7.773969, "lon": 80.421535, "elev_m": 206.6, "prominence_m": 65.9}}, {"type": "Feature", "geometry": {"type": "Point", "coordinates": [80.950363, 7.232591]}, "properties": {"name": "", "lat": 7.232591, "lon": 80.950363, "elev_m": 556.5, "prominence_m": 65.8}}, {"type": "Feature", "geometry": {"type": "Point", "coordinates": [80.515528, 6.549974]}, "properties": {"name": "", "lat": 6.549974, "lon": 80.515528, "elev_m": 496.5, "prominence_m": 65.8}}, {"type": "Feature", "geometry": {"type": "Point", "coordinates": [81.467908, 6.701755]}, "properties": {"name": "", "lat": 6.701755, "lon": 81.467908, "elev_m": 356.5, "prominence_m": 65.8}}, {"type": "Feature", "geometry": {"type": "Point", "coordinates": [81.454776, 7.375894]}, "properties": {"name": "", "lat": 7.375894, "lon": 81.454776, "elev_m": 346.5, "prominence_m": 65.8}}, {"type": "Feature", "geometry": {"type": "Point", "coordinates": [81.24943, 7.201723]}, "properties": {"name": "", "lat": 7.201723, "lon": 81.24943, "elev_m": 316.5, "prominence_m": 65.8}}, {"type": "Feature", "geometry": {"type": "Point", "coordinates": [80.782467, 6.798552]}, "properties": {"name": "", "lat": 6.798552, "lon": 80.782467, "elev_m": 2236.4, "prominence_m": 65.7}}, {"type": "Feature", "geometry": {"type": "Point", "coordinates": [80.805258, 6.650422]}, "properties": {"name": "", "lat": 6.650422, "lon": 80.805258, "elev_m": 646.4, "prominence_m": 65.7}}, {"type": "Feature", "geometry": {"type": "Point", "coordinates": [81.342205, 7.319353]}, "properties": {"name": "", "lat": 7.319353, "lon": 81.342205, "elev_m": 376.4, "prominence_m": 65.7}}, {"type": "Feature", "geometry": {"type": "Point", "coordinates": [80.310669, 7.158054]}, "properties": {"name": "", "lat": 7.158054, "lon": 80.310669, "elev_m": 346.4, "prominence_m": 65.7}}, {"type": "Feature", "geometry": {"type": "Point", "coordinates": [80.414865, 6.192071]}, "properties": {"name": "", "lat": 6.192071, "lon": 80.414865, "elev_m": 296.4, "prominence_m": 65.7}}, {"type": "Feature", "geometry": {"type": "Point", "coordinates": [80.555781, 6.307994]}, "properties": {"name": "", "lat": 6.307994, "lon": 80.555781, "elev_m": 246.4, "prominence_m": 65.7}}, {"type": "Feature", "geometry": {"type": "Point", "coordinates": [80.575875, 6.233123]}, "properties": {"name": "", "lat": 6.233123, "lon": 80.575875, "elev_m": 236.4, "prominence_m": 65.7}}, {"type": "Feature", "geometry": {"type": "Point", "coordinates": [80.294797, 7.270078]}, "properties": {"name": "", "lat": 7.270078, "lon": 80.294797, "elev_m": 216.4, "prominence_m": 65.7}}, {"type": "Feature", "geometry": {"type": "Point", "coordinates": [80.837714, 7.891307]}, "properties": {"name": "", "lat": 7.891307, "lon": 80.837714, "elev_m": 206.4, "prominence_m": 65.7}}, {"type": "Feature", "geometry": {"type": "Point", "coordinates": [80.293922, 6.52458]}, "properties": {"name": "", "lat": 6.52458, "lon": 80.293922, "elev_m": 326.3, "prominence_m": 65.6}}, {"type": "Feature", "geometry": {"type": "Point", "coordinates": [80.272973, 6.31241]}, "properties": {"name": "", "lat": 6.31241, "lon": 80.272973, "elev_m": 276.3, "prominence_m": 65.6}}, {"type": "Feature", "geometry": {"type": "Point", "coordinates": [80.299944, 7.022672]}, "properties": {"name": "", "lat": 7.022672, "lon": 80.299944, "elev_m": 216.3, "prominence_m": 65.6}}, {"type": "Feature", "geometry": {"type": "Point", "coordinates": [80.8232, 7.006634]}, "properties": {"name": "", "lat": 7.006634, "lon": 80.8232, "elev_m": 2026.2, "prominence_m": 65.5}}, {"type": "Feature", "geometry": {"type": "Point", "coordinates": [81.085631, 6.789501]}, "properties": {"name": "", "lat": 6.789501, "lon": 81.085631, "elev_m": 496.2, "prominence_m": 65.5}}, {"type": "Feature", "geometry": {"type": "Point", "coordinates": [81.229352, 6.947006]}, "properties": {"name": "", "lat": 6.947006, "lon": 81.229352, "elev_m": 496.2, "prominence_m": 65.5}}, {"type": "Feature", "geometry": {"type": "Point", "coordinates": [80.631088, 6.561958]}, "properties": {"name": "", "lat": 6.561958, "lon": 80.631088, "elev_m": 396.2, "prominence_m": 65.5}}, {"type": "Feature", "geometry": {"type": "Point", "coordinates": [80.841415, 7.168865]}, "properties": {"name": "", "lat": 7.168865, "lon": 80.841415, "elev_m": 356.2, "prominence_m": 65.5}}, {"type": "Feature", "geometry": {"type": "Point", "coordinates": [80.855061, 7.530494]}, "properties": {"name": "", "lat": 7.530494, "lon": 80.855061, "elev_m": 326.2, "prominence_m": 65.5}}, {"type": "Feature", "geometry": {"type": "Point", "coordinates": [80.732149, 7.877745]}, "properties": {"name": "", "lat": 7.877745, "lon": 80.732149, "elev_m": 316.2, "prominence_m": 65.5}}, {"type": "Feature", "geometry": {"type": "Point", "coordinates": [81.531419, 7.384722]}, "properties": {"name": "", "lat": 7.384722, "lon": 81.531419, "elev_m": 256.2, "prominence_m": 65.5}}, {"type": "Feature", "geometry": {"type": "Point", "coordinates": [80.641365, 6.677806]}, "properties": {"name": "", "lat": 6.677806, "lon": 80.641365, "elev_m": 976.1, "prominence_m": 65.4}}, {"type": "Feature", "geometry": {"type": "Point", "coordinates": [80.536404, 7.117805]}, "properties": {"name": "", "lat": 7.117805, "lon": 80.536404, "elev_m": 786.1, "prominence_m": 65.4}}, {"type": "Feature", "geometry": {"type": "Point", "coordinates": [80.49518, 7.459334]}, "properties": {"name": "", "lat": 7.459334, "lon": 80.49518, "elev_m": 656.1, "prominence_m": 65.4}}, {"type": "Feature", "geometry": {"type": "Point", "coordinates": [80.683157, 6.657739]}, "properties": {"name": "", "lat": 6.657739, "lon": 80.683157, "elev_m": 606.1, "prominence_m": 65.4}}, {"type": "Feature", "geometry": {"type": "Point", "coordinates": [80.417634, 7.223801]}, "properties": {"name": "", "lat": 7.223801, "lon": 80.417634, "elev_m": 356.1, "prominence_m": 65.4}}, {"type": "Feature", "geometry": {"type": "Point", "coordinates": [80.971305, 6.631394]}, "properties": {"name": "", "lat": 6.631394, "lon": 80.971305, "elev_m": 256.1, "prominence_m": 65.4}}, {"type": "Feature", "geometry": {"type": "Point", "coordinates": [80.844072, 6.748628]}, "properties": {"name": "", "lat": 6.748628, "lon": 80.844072, "elev_m": 886.0, "prominence_m": 65.3}}, {"type": "Feature", "geometry": {"type": "Point", "coordinates": [80.549938, 7.210322]}, "properties": {"name": "", "lat": 7.210322, "lon": 80.549938, "elev_m": 646.0, "prominence_m": 65.3}}, {"type": "Feature", "geometry": {"type": "Point", "coordinates": [80.952866, 6.660701]}, "properties": {"name": "", "lat": 6.660701, "lon": 80.952866, "elev_m": 426.0, "prominence_m": 65.3}}, {"type": "Feature", "geometry": {"type": "Point", "coordinates": [80.343916, 6.427774]}, "properties": {"name": "", "lat": 6.427774, "lon": 80.343916, "elev_m": 336.0, "prominence_m": 65.3}}, {"type": "Feature", "geometry": {"type": "Point", "coordinates": [80.295947, 6.948064]}, "properties": {"name": "", "lat": 6.948064, "lon": 80.295947, "elev_m": 286.0, "prominence_m": 65.3}}, {"type": "Feature", "geometry": {"type": "Point", "coordinates": [80.535563, 8.138108]}, "properties": {"name": "", "lat": 8.138108, "lon": 80.535563, "elev_m": 216.0, "prominence_m": 65.3}}, {"type": "Feature", "geometry": {"type": "Point", "coordinates": [81.208382, 7.451887]}, "properties": {"name": "", "lat": 7.451887, "lon": 81.208382, "elev_m": 216.0, "prominence_m": 65.3}}, {"type": "Feature", "geometry": {"type": "Point", "coordinates": [80.455055, 6.928666]}, "properties": {"name": "", "lat": 6.928666, "lon": 80.455055, "elev_m": 865.9, "prominence_m": 65.2}}, {"type": "Feature", "geometry": {"type": "Point", "coordinates": [80.479542, 6.388532]}, "properties": {"name": "", "lat": 6.388532, "lon": 80.479542, "elev_m": 625.9, "prominence_m": 65.2}}, {"type": "Feature", "geometry": {"type": "Point", "coordinates": [80.877554, 7.223117]}, "properties": {"name": "", "lat": 7.223117, "lon": 80.877554, "elev_m": 615.9, "prominence_m": 65.2}}, {"type": "Feature", "geometry": {"type": "Point", "coordinates": [80.451306, 6.441147]}, "properties": {"name": "", "lat": 6.441147, "lon": 80.451306, "elev_m": 355.9, "prominence_m": 65.2}}, {"type": "Feature", "geometry": {"type": "Point", "coordinates": [80.42308, 6.469071]}, "properties": {"name": "", "lat": 6.469071, "lon": 80.42308, "elev_m": 345.9, "prominence_m": 65.2}}, {"type": "Feature", "geometry": {"type": "Point", "coordinates": [80.225431, 7.11781]}, "properties": {"name": "", "lat": 7.11781, "lon": 80.225431, "elev_m": 245.9, "prominence_m": 65.2}}, {"type": "Feature", "geometry": {"type": "Point", "coordinates": [81.179463, 7.332007]}, "properties": {"name": "", "lat": 7.332007, "lon": 81.179463, "elev_m": 235.9, "prominence_m": 65.2}}, {"type": "Feature", "geometry": {"type": "Point", "coordinates": [81.389445, 6.881176]}, "properties": {"name": "", "lat": 6.881176, "lon": 81.389445, "elev_m": 1085.8, "prominence_m": 65.1}}, {"type": "Feature", "geometry": {"type": "Point", "coordinates": [81.010955, 6.708154]}, "properties": {"name": "", "lat": 6.708154, "lon": 81.010955, "elev_m": 655.8, "prominence_m": 65.1}}, {"type": "Feature", "geometry": {"type": "Point", "coordinates": [80.932378, 7.070364]}, "properties": {"name": "", "lat": 7.070364, "lon": 80.932378, "elev_m": 645.8, "prominence_m": 65.1}}, {"type": "Feature", "geometry": {"type": "Point", "coordinates": [80.585254, 6.527759]}, "properties": {"name": "", "lat": 6.527759, "lon": 80.585254, "elev_m": 375.8, "prominence_m": 65.1}}, {"type": "Feature", "geometry": {"type": "Point", "coordinates": [80.325358, 6.853142]}, "properties": {"name": "", "lat": 6.853142, "lon": 80.325358, "elev_m": 305.8, "prominence_m": 65.1}}, {"type": "Feature", "geometry": {"type": "Point", "coordinates": [80.640914, 8.155519]}, "properties": {"name": "", "lat": 8.155519, "lon": 80.640914, "elev_m": 225.8, "prominence_m": 65.1}}, {"type": "Feature", "geometry": {"type": "Point", "coordinates": [80.964599, 6.829986]}, "properties": {"name": "", "lat": 6.829986, "lon": 80.964599, "elev_m": 1355.7, "prominence_m": 65.0}}, {"type": "Feature", "geometry": {"type": "Point", "coordinates": [80.933661, 6.847631]}, "properties": {"name": "", "lat": 6.847631, "lon": 80.933661, "elev_m": 1345.7, "prominence_m": 65.0}}, {"type": "Feature", "geometry": {"type": "Point", "coordinates": [80.721896, 7.190841]}, "properties": {"name": "", "lat": 7.190841, "lon": 80.721896, "elev_m": 1115.7, "prominence_m": 65.0}}, {"type": "Feature", "geometry": {"type": "Point", "coordinates": [81.108696, 7.169292]}, "properties": {"name": "", "lat": 7.169292, "lon": 81.108696, "elev_m": 1105.7, "prominence_m": 65.0}}, {"type": "Feature", "geometry": {"type": "Point", "coordinates": [80.58933, 7.204642]}, "properties": {"name": "", "lat": 7.204642, "lon": 80.58933, "elev_m": 555.7, "prominence_m": 65.0}}, {"type": "Feature", "geometry": {"type": "Point", "coordinates": [80.39916, 7.225957]}, "properties": {"name": "", "lat": 7.225957, "lon": 80.39916, "elev_m": 395.7, "prominence_m": 65.0}}, {"type": "Feature", "geometry": {"type": "Point", "coordinates": [81.39831, 7.017076]}, "properties": {"name": "", "lat": 7.017076, "lon": 81.39831, "elev_m": 375.7, "prominence_m": 65.0}}, {"type": "Feature", "geometry": {"type": "Point", "coordinates": [80.594445, 6.616206]}, "properties": {"name": "", "lat": 6.616206, "lon": 80.594445, "elev_m": 245.7, "prominence_m": 65.0}}, {"type": "Feature", "geometry": {"type": "Point", "coordinates": [81.356033, 7.082509]}, "properties": {"name": "", "lat": 7.082509, "lon": 81.356033, "elev_m": 245.7, "prominence_m": 65.0}}, {"type": "Feature", "geometry": {"type": "Point", "coordinates": [81.45744, 6.974675]}, "properties": {"name": "", "lat": 6.974675, "lon": 81.45744, "elev_m": 225.7, "prominence_m": 65.0}}, {"type": "Feature", "geometry": {"type": "Point", "coordinates": [80.477178, 7.551559]}, "properties": {"name": "", "lat": 7.551559, "lon": 80.477178, "elev_m": 225.7, "prominence_m": 65.0}}, {"type": "Feature", "geometry": {"type": "Point", "coordinates": [81.286934, 6.71554]}, "properties": {"name": "", "lat": 6.71554, "lon": 81.286934, "elev_m": 205.7, "prominence_m": 65.0}}, {"type": "Feature", "geometry": {"type": "Point", "coordinates": [80.937762, 6.933359]}, "properties": {"name": "", "lat": 6.933359, "lon": 80.937762, "elev_m": 1185.6, "prominence_m": 64.9}}, {"type": "Feature", "geometry": {"type": "Point", "coordinates": [80.528212, 7.683436]}, "properties": {"name": "", "lat": 7.683436, "lon": 80.528212, "elev_m": 315.6, "prominence_m": 64.9}}, {"type": "Feature", "geometry": {"type": "Point", "coordinates": [80.283146, 7.241309]}, "properties": {"name": "", "lat": 7.241309, "lon": 80.283146, "elev_m": 235.6, "prominence_m": 64.9}}, {"type": "Feature", "geometry": {"type": "Point", "coordinates": [80.721934, 6.868272]}, "properties": {"name": "", "lat": 6.868272, "lon": 80.721934, "elev_m": 1505.5, "prominence_m": 64.8}}, {"type": "Feature", "geometry": {"type": "Point", "coordinates": [80.873697, 6.965661]}, "properties": {"name": "", "lat": 6.965661, "lon": 80.873697, "elev_m": 1405.5, "prominence_m": 64.8}}, {"type": "Feature", "geometry": {"type": "Point", "coordinates": [81.019542, 7.052422]}, "properties": {"name": "", "lat": 7.052422, "lon": 81.019542, "elev_m": 1165.5, "prominence_m": 64.8}}, {"type": "Feature", "geometry": {"type": "Point", "coordinates": [80.410364, 6.793259]}, "properties": {"name": "", "lat": 6.793259, "lon": 80.410364, "elev_m": 825.5, "prominence_m": 64.8}}, {"type": "Feature", "geometry": {"type": "Point", "coordinates": [80.680183, 6.598595]}, "properties": {"name": "", "lat": 6.598595, "lon": 80.680183, "elev_m": 565.5, "prominence_m": 64.8}}, {"type": "Feature", "geometry": {"type": "Point", "coordinates": [80.529466, 7.389362]}, "properties": {"name": "", "lat": 7.389362, "lon": 80.529466, "elev_m": 555.5, "prominence_m": 64.8}}, {"type": "Feature", "geometry": {"type": "Point", "coordinates": [81.068986, 6.640841]}, "properties": {"name": "", "lat": 6.640841, "lon": 81.068986, "elev_m": 355.5, "prominence_m": 64.8}}, {"type": "Feature", "geometry": {"type": "Point", "coordinates": [80.225899, 6.467811]}, "properties": {"name": "", "lat": 6.467811, "lon": 80.225899, "elev_m": 265.5, "prominence_m": 64.8}}, {"type": "Feature", "geometry": {"type": "Point", "coordinates": [80.35935, 7.385709]}, "properties": {"name": "", "lat": 7.385709, "lon": 80.35935, "elev_m": 265.5, "prominence_m": 64.8}}, {"type": "Feature", "geometry": {"type": "Point", "coordinates": [80.84736, 6.965936]}, "properties": {"name": "", "lat": 6.965936, "lon": 80.84736, "elev_m": 1525.4, "prominence_m": 64.7}}, {"type": "Feature", "geometry": {"type": "Point", "coordinates": [80.566001, 7.134096]}, "properties": {"name": "", "lat": 7.134096, "lon": 80.566001, "elev_m": 605.4, "prominence_m": 64.7}}, {"type": "Feature", "geometry": {"type": "Point", "coordinates": [80.760494, 6.456986]}, "properties": {"name": "", "lat": 6.456986, "lon": 80.760494, "elev_m": 485.4, "prominence_m": 64.7}}, {"type": "Feature", "geometry": {"type": "Point", "coordinates": [80.252312, 7.123538]}, "properties": {"name": "", "lat": 7.123538, "lon": 80.252312, "elev_m": 335.4, "prominence_m": 64.7}}, {"type": "Feature", "geometry": {"type": "Point", "coordinates": [81.529239, 7.05215]}, "properties": {"name": "", "lat": 7.05215, "lon": 81.529239, "elev_m": 285.4, "prominence_m": 64.7}}, {"type": "Feature", "geometry": {"type": "Point", "coordinates": [80.414055, 6.186373]}, "properties": {"name": "", "lat": 6.186373, "lon": 80.414055, "elev_m": 255.4, "prominence_m": 64.7}}, {"type": "Feature", "geometry": {"type": "Point", "coordinates": [80.29514, 7.202528]}, "properties": {"name": "", "lat": 7.202528, "lon": 80.29514, "elev_m": 215.4, "prominence_m": 64.7}}, {"type": "Feature", "geometry": {"type": "Point", "coordinates": [80.826536, 7.698968]}, "properties": {"name": "", "lat": 7.698968, "lon": 80.826536, "elev_m": 205.4, "prominence_m": 64.7}}, {"type": "Feature", "geometry": {"type": "Point", "coordinates": [80.593702, 7.139534]}, "properties": {"name": "", "lat": 7.139534, "lon": 80.593702, "elev_m": 785.3, "prominence_m": 64.6}}, {"type": "Feature", "geometry": {"type": "Point", "coordinates": [81.009592, 6.695403]}, "properties": {"name": "", "lat": 6.695403, "lon": 81.009592, "elev_m": 645.3, "prominence_m": 64.6}}, {"type": "Feature", "geometry": {"type": "Point", "coordinates": [80.680575, 7.342487]}, "properties": {"name": "", "lat": 7.342487, "lon": 80.680575, "elev_m": 565.3, "prominence_m": 64.6}}, {"type": "Feature", "geometry": {"type": "Point", "coordinates": [81.179276, 6.801911]}, "properties": {"name": "", "lat": 6.801911, "lon": 81.179276, "elev_m": 455.3, "prominence_m": 64.6}}, {"type": "Feature", "geometry": {"type": "Point", "coordinates": [80.648209, 7.445298]}, "properties": {"name": "", "lat": 7.445298, "lon": 80.648209, "elev_m": 445.3, "prominence_m": 64.6}}, {"type": "Feature", "geometry": {"type": "Point", "coordinates": [80.653895, 6.483287]}, "properties": {"name": "", "lat": 6.483287, "lon": 80.653895, "elev_m": 395.3, "prominence_m": 64.6}}, {"type": "Feature", "geometry": {"type": "Point", "coordinates": [80.903223, 6.706837]}, "properties": {"name": "", "lat": 6.706837, "lon": 80.903223, "elev_m": 395.3, "prominence_m": 64.6}}, {"type": "Feature", "geometry": {"type": "Point", "coordinates": [80.296814, 6.895978]}, "properties": {"name": "", "lat": 6.895978, "lon": 80.296814, "elev_m": 345.3, "prominence_m": 64.6}}, {"type": "Feature", "geometry": {"type": "Point", "coordinates": [80.689747, 7.679972]}, "properties": {"name": "", "lat": 7.679972, "lon": 80.689747, "elev_m": 305.3, "prominence_m": 64.6}}, {"type": "Feature", "geometry": {"type": "Point", "coordinates": [81.37203, 6.847017]}, "properties": {"name": "", "lat": 6.847017, "lon": 81.37203, "elev_m": 285.3, "prominence_m": 64.6}}, {"type": "Feature", "geometry": {"type": "Point", "coordinates": [81.113827, 6.746889]}, "properties": {"name": "", "lat": 6.746889, "lon": 81.113827, "elev_m": 265.3, "prominence_m": 64.6}}, {"type": "Feature", "geometry": {"type": "Point", "coordinates": [80.372037, 6.187428]}, "properties": {"name": "", "lat": 6.187428, "lon": 80.372037, "elev_m": 225.3, "prominence_m": 64.6}}, {"type": "Feature", "geometry": {"type": "Point", "coordinates": [80.575049, 8.646501]}, "properties": {"name": "", "lat": 8.646501, "lon": 80.575049, "elev_m": 205.3, "prominence_m": 64.6}}, {"type": "Feature", "geometry": {"type": "Point", "coordinates": [80.726771, 7.327844]}, "properties": {"name": "", "lat": 7.327844, "lon": 80.726771, "elev_m": 785.2, "prominence_m": 64.5}}, {"type": "Feature", "geometry": {"type": "Point", "coordinates": [80.657435, 6.426044]}, "properties": {"name": "", "lat": 6.426044, "lon": 80.657435, "elev_m": 655.2, "prominence_m": 64.5}}, {"type": "Feature", "geometry": {"type": "Point", "coordinates": [80.711646, 6.667782]}, "properties": {"name": "", "lat": 6.667782, "lon": 80.711646, "elev_m": 605.2, "prominence_m": 64.5}}, {"type": "Feature", "geometry": {"type": "Point", "coordinates": [81.289504, 6.836532]}, "properties": {"name": "", "lat": 6.836532, "lon": 81.289504, "elev_m": 415.2, "prominence_m": 64.5}}, {"type": "Feature", "geometry": {"type": "Point", "coordinates": [80.375319, 6.148364]}, "properties": {"name": "", "lat": 6.148364, "lon": 80.375319, "elev_m": 335.2, "prominence_m": 64.5}}, {"type": "Feature", "geometry": {"type": "Point", "coordinates": [81.467532, 7.365837]}, "properties": {"name": "", "lat": 7.365837, "lon": 81.467532, "elev_m": 325.2, "prominence_m": 64.5}}, {"type": "Feature", "geometry": {"type": "Point", "coordinates": [80.597997, 6.545127]}, "properties": {"name": "", "lat": 6.545127, "lon": 80.597997, "elev_m": 285.2, "prominence_m": 64.5}}, {"type": "Feature", "geometry": {"type": "Point", "coordinates": [80.302955, 7.263033]}, "properties": {"name": "", "lat": 7.263033, "lon": 80.302955, "elev_m": 275.2, "prominence_m": 64.5}}, {"type": "Feature", "geometry": {"type": "Point", "coordinates": [80.267563, 6.571216]}, "properties": {"name": "", "lat": 6.571216, "lon": 80.267563, "elev_m": 245.2, "prominence_m": 64.5}}, {"type": "Feature", "geometry": {"type": "Point", "coordinates": [80.427536, 6.297615]}, "properties": {"name": "", "lat": 6.297615, "lon": 80.427536, "elev_m": 215.2, "prominence_m": 64.5}}, {"type": "Feature", "geometry": {"type": "Point", "coordinates": [80.443543, 7.083293]}, "properties": {"name": "", "lat": 7.083293, "lon": 80.443543, "elev_m": 1165.1, "prominence_m": 64.4}}, {"type": "Feature", "geometry": {"type": "Point", "coordinates": [80.533946, 7.143576]}, "properties": {"name": "", "lat": 7.143576, "lon": 80.533946, "elev_m": 825.1, "prominence_m": 64.4}}, {"type": "Feature", "geometry": {"type": "Point", "coordinates": [81.468142, 7.408697]}, "properties": {"name": "", "lat": 7.408697, "lon": 81.468142, "elev_m": 575.1, "prominence_m": 64.4}}, {"type": "Feature", "geometry": {"type": "Point", "coordinates": [81.135282, 6.768577]}, "properties": {"name": "", "lat": 6.768577, "lon": 81.135282, "elev_m": 445.1, "prominence_m": 64.4}}, {"type": "Feature", "geometry": {"type": "Point", "coordinates": [80.359028, 6.183077]}, "properties": {"name": "", "lat": 6.183077, "lon": 80.359028, "elev_m": 225.1, "prominence_m": 64.4}}, {"type": "Feature", "geometry": {"type": "Point", "coordinates": [80.195157, 7.218689]}, "properties": {"name": "", "lat": 7.218689, "lon": 80.195157, "elev_m": 225.1, "prominence_m": 64.4}}, {"type": "Feature", "geometry": {"type": "Point", "coordinates": [80.744994, 7.064421]}, "properties": {"name": "", "lat": 7.064421, "lon": 80.744994, "elev_m": 2015.0, "prominence_m": 64.3}}, {"type": "Feature", "geometry": {"type": "Point", "coordinates": [80.53059, 6.808799]}, "properties": {"name": "", "lat": 6.808799, "lon": 80.53059, "elev_m": 1685.0, "prominence_m": 64.3}}, {"type": "Feature", "geometry": {"type": "Point", "coordinates": [80.707818, 6.869084]}, "properties": {"name": "", "lat": 6.869084, "lon": 80.707818, "elev_m": 1455.0, "prominence_m": 64.3}}, {"type": "Feature", "geometry": {"type": "Point", "coordinates": [80.841345, 6.647977]}, "properties": {"name": "", "lat": 6.647977, "lon": 80.841345, "elev_m": 715.0, "prominence_m": 64.3}}, {"type": "Feature", "geometry": {"type": "Point", "coordinates": [81.328904, 6.386152]}, "properties": {"name": "", "lat": 6.386152, "lon": 81.328904, "elev_m": 365.0, "prominence_m": 64.3}}, {"type": "Feature", "geometry": {"type": "Point", "coordinates": [81.324834, 6.384528]}, "properties": {"name": "", "lat": 6.384528, "lon": 81.324834, "elev_m": 355.0, "prominence_m": 64.3}}, {"type": "Feature", "geometry": {"type": "Point", "coordinates": [81.192615, 7.155389]}, "properties": {"name": "", "lat": 7.155389, "lon": 81.192615, "elev_m": 345.0, "prominence_m": 64.3}}, {"type": "Feature", "geometry": {"type": "Point", "coordinates": [80.436039, 6.144879]}, "properties": {"name": "", "lat": 6.144879, "lon": 80.436039, "elev_m": 205.0, "prominence_m": 64.3}}, {"type": "Feature", "geometry": {"type": "Point", "coordinates": [81.236746, 7.545451]}, "properties": {"name": "", "lat": 7.545451, "lon": 81.236746, "elev_m": 205.0, "prominence_m": 64.3}}, {"type": "Feature", "geometry": {"type": "Point", "coordinates": [81.004482, 6.793615]}, "properties": {"name": "", "lat": 6.793615, "lon": 81.004482, "elev_m": 1934.9, "prominence_m": 64.2}}, {"type": "Feature", "geometry": {"type": "Point", "coordinates": [80.567787, 6.77816]}, "properties": {"name": "", "lat": 6.77816, "lon": 80.567787, "elev_m": 1904.9, "prominence_m": 64.2}}, {"type": "Feature", "geometry": {"type": "Point", "coordinates": [80.867254, 7.335705]}, "properties": {"name": "", "lat": 7.335705, "lon": 80.867254, "elev_m": 1194.9, "prominence_m": 64.2}}, {"type": "Feature", "geometry": {"type": "Point", "coordinates": [80.568397, 7.239901]}, "properties": {"name": "", "lat": 7.239901, "lon": 80.568397, "elev_m": 584.9, "prominence_m": 64.2}}, {"type": "Feature", "geometry": {"type": "Point", "coordinates": [80.412717, 6.546926]}, "properties": {"name": "", "lat": 6.546926, "lon": 80.412717, "elev_m": 354.9, "prominence_m": 64.2}}, {"type": "Feature", "geometry": {"type": "Point", "coordinates": [80.697565, 6.485195]}, "properties": {"name": "", "lat": 6.485195, "lon": 80.697565, "elev_m": 264.9, "prominence_m": 64.2}}, {"type": "Feature", "geometry": {"type": "Point", "coordinates": [80.485991, 6.950389]}, "properties": {"name": "", "lat": 6.950389, "lon": 80.485991, "elev_m": 874.8, "prominence_m": 64.1}}, {"type": "Feature", "geometry": {"type": "Point", "coordinates": [80.739012, 7.159916]}, "properties": {"name": "", "lat": 7.159916, "lon": 80.739012, "elev_m": 734.8, "prominence_m": 64.1}}, {"type": "Feature", "geometry": {"type": "Point", "coordinates": [80.682921, 6.467829]}, "properties": {"name": "", "lat": 6.467829, "lon": 80.682921, "elev_m": 624.8, "prominence_m": 64.1}}, {"type": "Feature", "geometry": {"type": "Point", "coordinates": [80.730378, 6.561163]}, "properties": {"name": "", "lat": 6.561163, "lon": 80.730378, "elev_m": 454.8, "prominence_m": 64.1}}, {"type": "Feature", "geometry": {"type": "Point", "coordinates": [80.735965, 7.803143]}, "properties": {"name": "", "lat": 7.803143, "lon": 80.735965, "elev_m": 404.8, "prominence_m": 64.1}}, {"type": "Feature", "geometry": {"type": "Point", "coordinates": [80.338506, 7.302676]}, "properties": {"name": "", "lat": 7.302676, "lon": 80.338506, "elev_m": 264.8, "prominence_m": 64.1}}, {"type": "Feature", "geometry": {"type": "Point", "coordinates": [80.317416, 7.201466]}, "properties": {"name": "", "lat": 7.201466, "lon": 80.317416, "elev_m": 264.8, "prominence_m": 64.1}}, {"type": "Feature", "geometry": {"type": "Point", "coordinates": [80.254435, 6.411684]}, "properties": {"name": "", "lat": 6.411684, "lon": 80.254435, "elev_m": 244.8, "prominence_m": 64.1}}, {"type": "Feature", "geometry": {"type": "Point", "coordinates": [81.426465, 6.956543]}, "properties": {"name": "", "lat": 6.956543, "lon": 81.426465, "elev_m": 214.8, "prominence_m": 64.1}}, {"type": "Feature", "geometry": {"type": "Point", "coordinates": [81.515457, 7.094219]}, "properties": {"name": "", "lat": 7.094219, "lon": 81.515457, "elev_m": 594.7, "prominence_m": 64.0}}, {"type": "Feature", "geometry": {"type": "Point", "coordinates": [81.420441, 7.308668]}, "properties": {"name": "Kulaletagala", "lat": 7.308668, "lon": 81.420441, "elev_m": 484.7, "prominence_m": 64.0}}, {"type": "Feature", "geometry": {"type": "Point", "coordinates": [81.147834, 7.19829]}, "properties": {"name": "", "lat": 7.19829, "lon": 81.147834, "elev_m": 394.7, "prominence_m": 64.0}}, {"type": "Feature", "geometry": {"type": "Point", "coordinates": [81.010086, 7.149549]}, "properties": {"name": "", "lat": 7.149549, "lon": 81.010086, "elev_m": 364.7, "prominence_m": 64.0}}, {"type": "Feature", "geometry": {"type": "Point", "coordinates": [80.265341, 7.371233]}, "properties": {"name": "", "lat": 7.371233, "lon": 80.265341, "elev_m": 354.7, "prominence_m": 64.0}}, {"type": "Feature", "geometry": {"type": "Point", "coordinates": [81.267842, 7.63738]}, "properties": {"name": "", "lat": 7.63738, "lon": 81.267842, "elev_m": 314.7, "prominence_m": 64.0}}, {"type": "Feature", "geometry": {"type": "Point", "coordinates": [80.144367, 6.383075]}, "properties": {"name": "", "lat": 6.383075, "lon": 80.144367, "elev_m": 224.7, "prominence_m": 64.0}}, {"type": "Feature", "geometry": {"type": "Point", "coordinates": [81.369958, 7.747117]}, "properties": {"name": "", "lat": 7.747117, "lon": 81.369958, "elev_m": 214.7, "prominence_m": 64.0}}, {"type": "Feature", "geometry": {"type": "Point", "coordinates": [80.157891, 6.847259]}, "properties": {"name": "", "lat": 6.847259, "lon": 80.157891, "elev_m": 214.7, "prominence_m": 64.0}}, {"type": "Feature", "geometry": {"type": "Point", "coordinates": [81.298342, 7.44962]}, "properties": {"name": "", "lat": 7.44962, "lon": 81.298342, "elev_m": 204.7, "prominence_m": 64.0}}, {"type": "Feature", "geometry": {"type": "Point", "coordinates": [81.230092, 6.868875]}, "properties": {"name": "", "lat": 6.868875, "lon": 81.230092, "elev_m": 384.6, "prominence_m": 63.9}}, {"type": "Feature", "geometry": {"type": "Point", "coordinates": [80.359529, 6.235981]}, "properties": {"name": "", "lat": 6.235981, "lon": 80.359529, "elev_m": 334.6, "prominence_m": 63.9}}, {"type": "Feature", "geometry": {"type": "Point", "coordinates": [80.831208, 8.063844]}, "properties": {"name": "", "lat": 8.063844, "lon": 80.831208, "elev_m": 264.6, "prominence_m": 63.9}}, {"type": "Feature", "geometry": {"type": "Point", "coordinates": [80.29696, 7.280389]}, "properties": {"name": "", "lat": 7.280389, "lon": 80.29696, "elev_m": 214.6, "prominence_m": 63.9}}, {"type": "Feature", "geometry": {"type": "Point", "coordinates": [80.511911, 6.197012]}, "properties": {"name": "", "lat": 6.197012, "lon": 80.511911, "elev_m": 204.6, "prominence_m": 63.9}}, {"type": "Feature", "geometry": {"type": "Point", "coordinates": [80.333856, 6.136937]}, "properties": {"name": "", "lat": 6.136937, "lon": 80.333856, "elev_m": 204.6, "prominence_m": 63.9}}, {"type": "Feature", "geometry": {"type": "Point", "coordinates": [80.579388, 6.946367]}, "properties": {"name": "", "lat": 6.946367, "lon": 80.579388, "elev_m": 1474.5, "prominence_m": 63.8}}, {"type": "Feature", "geometry": {"type": "Point", "coordinates": [80.604917, 6.925488]}, "properties": {"name": "", "lat": 6.925488, "lon": 80.604917, "elev_m": 1304.5, "prominence_m": 63.8}}, {"type": "Feature", "geometry": {"type": "Point", "coordinates": [80.771336, 7.13116]}, "properties": {"name": "", "lat": 7.13116, "lon": 80.771336, "elev_m": 1174.5, "prominence_m": 63.8}}, {"type": "Feature", "geometry": {"type": "Point", "coordinates": [80.426588, 7.237644]}, "properties": {"name": "", "lat": 7.237644, "lon": 80.426588, "elev_m": 364.5, "prominence_m": 63.8}}, {"type": "Feature", "geometry": {"type": "Point", "coordinates": [81.332896, 6.805014]}, "properties": {"name": "", "lat": 6.805014, "lon": 81.332896, "elev_m": 304.5, "prominence_m": 63.8}}, {"type": "Feature", "geometry": {"type": "Point", "coordinates": [81.1643, 6.741425]}, "properties": {"name": "", "lat": 6.741425, "lon": 81.1643, "elev_m": 264.5, "prominence_m": 63.8}}, {"type": "Feature", "geometry": {"type": "Point", "coordinates": [80.78058, 8.083652]}, "properties": {"name": "", "lat": 8.083652, "lon": 80.78058, "elev_m": 254.5, "prominence_m": 63.8}}, {"type": "Feature", "geometry": {"type": "Point", "coordinates": [81.467157, 7.298562]}, "properties": {"name": "", "lat": 7.298562, "lon": 81.467157, "elev_m": 234.5, "prominence_m": 63.8}}, {"type": "Feature", "geometry": {"type": "Point", "coordinates": [80.990115, 6.834044]}, "properties": {"name": "", "lat": 6.834044, "lon": 80.990115, "elev_m": 1284.4, "prominence_m": 63.7}}, {"type": "Feature", "geometry": {"type": "Point", "coordinates": [80.512484, 7.152517]}, "properties": {"name": "", "lat": 7.152517, "lon": 80.512484, "elev_m": 724.4, "prominence_m": 63.7}}, {"type": "Feature", "geometry": {"type": "Point", "coordinates": [81.059796, 6.701888]}, "properties": {"name": "", "lat": 6.701888, "lon": 81.059796, "elev_m": 514.4, "prominence_m": 63.7}}, {"type": "Feature", "geometry": {"type": "Point", "coordinates": [80.875453, 7.548123]}, "properties": {"name": "", "lat": 7.548123, "lon": 80.875453, "elev_m": 484.4, "prominence_m": 63.7}}, {"type": "Feature", "geometry": {"type": "Point", "coordinates": [80.978608, 7.216301]}, "properties": {"name": "", "lat": 7.216301, "lon": 80.978608, "elev_m": 234.4, "prominence_m": 63.7}}, {"type": "Feature", "geometry": {"type": "Point", "coordinates": [80.759947, 6.60593]}, "properties": {"name": "", "lat": 6.60593, "lon": 80.759947, "elev_m": 674.3, "prominence_m": 63.6}}, {"type": "Feature", "geometry": {"type": "Point", "coordinates": [80.540589, 6.325622]}, "properties": {"name": "", "lat": 6.325622, "lon": 80.540589, "elev_m": 634.3, "prominence_m": 63.6}}, {"type": "Feature", "geometry": {"type": "Point", "coordinates": [80.75419, 7.812368]}, "properties": {"name": "", "lat": 7.812368, "lon": 80.75419, "elev_m": 434.3, "prominence_m": 63.6}}, {"type": "Feature", "geometry": {"type": "Point", "coordinates": [81.079259, 6.579251]}, "properties": {"name": "", "lat": 6.579251, "lon": 81.079259, "elev_m": 204.3, "prominence_m": 63.6}}, {"type": "Feature", "geometry": {"type": "Point", "coordinates": [80.551614, 7.116456]}, "properties": {"name": "", "lat": 7.116456, "lon": 80.551614, "elev_m": 884.2, "prominence_m": 63.5}}, {"type": "Feature", "geometry": {"type": "Point", "coordinates": [80.858005, 7.280635]}, "properties": {"name": "", "lat": 7.280635, "lon": 80.858005, "elev_m": 824.2, "prominence_m": 63.5}}, {"type": "Feature", "geometry": {"type": "Point", "coordinates": [80.446972, 6.431377]}, "properties": {"name": "", "lat": 6.431377, "lon": 80.446972, "elev_m": 624.2, "prominence_m": 63.5}}, {"type": "Feature", "geometry": {"type": "Point", "coordinates": [81.198635, 6.903086]}, "properties": {"name": "", "lat": 6.903086, "lon": 81.198635, "elev_m": 504.2, "prominence_m": 63.5}}, {"type": "Feature", "geometry": {"type": "Point", "coordinates": [80.443979, 7.593855]}, "properties": {"name": "", "lat": 7.593855, "lon": 80.443979, "elev_m": 324.2, "prominence_m": 63.5}}, {"type": "Feature", "geometry": {"type": "Point", "coordinates": [80.253382, 7.137917]}, "properties": {"name": "", "lat": 7.137917, "lon": 80.253382, "elev_m": 224.2, "prominence_m": 63.5}}, {"type": "Feature", "geometry": {"type": "Point", "coordinates": [80.270751, 7.149602]}, "properties": {"name": "", "lat": 7.149602, "lon": 80.270751, "elev_m": 204.2, "prominence_m": 63.5}}, {"type": "Feature", "geometry": {"type": "Point", "coordinates": [80.72411, 6.827035]}, "properties": {"name": "", "lat": 6.827035, "lon": 80.72411, "elev_m": 1704.1, "prominence_m": 63.4}}, {"type": "Feature", "geometry": {"type": "Point", "coordinates": [80.611706, 6.918979]}, "properties": {"name": "", "lat": 6.918979, "lon": 80.611706, "elev_m": 1354.1, "prominence_m": 63.4}}, {"type": "Feature", "geometry": {"type": "Point", "coordinates": [80.408881, 6.957118]}, "properties": {"name": "", "lat": 6.957118, "lon": 80.408881, "elev_m": 494.1, "prominence_m": 63.4}}, {"type": "Feature", "geometry": {"type": "Point", "coordinates": [80.895549, 7.468088]}, "properties": {"name": "", "lat": 7.468088, "lon": 80.895549, "elev_m": 374.1, "prominence_m": 63.4}}, {"type": "Feature", "geometry": {"type": "Point", "coordinates": [80.464183, 6.224387]}, "properties": {"name": "", "lat": 6.224387, "lon": 80.464183, "elev_m": 204.1, "prominence_m": 63.4}}, {"type": "Feature", "geometry": {"type": "Point", "coordinates": [80.610798, 6.388591]}, "properties": {"name": "", "lat": 6.388591, "lon": 80.610798, "elev_m": 1224.0, "prominence_m": 63.3}}, {"type": "Feature", "geometry": {"type": "Point", "coordinates": [80.471521, 7.074631]}, "properties": {"name": "", "lat": 7.074631, "lon": 80.471521, "elev_m": 1204.0, "prominence_m": 63.3}}, {"type": "Feature", "geometry": {"type": "Point", "coordinates": [80.904187, 7.26082]}, "properties": {"name": "", "lat": 7.26082, "lon": 80.904187, "elev_m": 624.0, "prominence_m": 63.3}}, {"type": "Feature", "geometry": {"type": "Point", "coordinates": [80.614753, 7.51338]}, "properties": {"name": "", "lat": 7.51338, "lon": 80.614753, "elev_m": 614.0, "prominence_m": 63.3}}, {"type": "Feature", "geometry": {"type": "Point", "coordinates": [80.501072, 7.157936]}, "properties": {"name": "", "lat": 7.157936, "lon": 80.501072, "elev_m": 524.0, "prominence_m": 63.3}}, {"type": "Feature", "geometry": {"type": "Point", "coordinates": [80.453419, 7.326917]}, "properties": {"name": "", "lat": 7.326917, "lon": 80.453419, "elev_m": 354.0, "prominence_m": 63.3}}, {"type": "Feature", "geometry": {"type": "Point", "coordinates": [80.229952, 7.198657]}, "properties": {"name": "", "lat": 7.198657, "lon": 80.229952, "elev_m": 304.0, "prominence_m": 63.3}}, {"type": "Feature", "geometry": {"type": "Point", "coordinates": [81.209555, 7.260903]}, "properties": {"name": "", "lat": 7.260903, "lon": 81.209555, "elev_m": 274.0, "prominence_m": 63.3}}, {"type": "Feature", "geometry": {"type": "Point", "coordinates": [80.517924, 7.137599]}, "properties": {"name": "", "lat": 7.137599, "lon": 80.517924, "elev_m": 823.9, "prominence_m": 63.2}}, {"type": "Feature", "geometry": {"type": "Point", "coordinates": [80.682884, 6.662623]}, "properties": {"name": "", "lat": 6.662623, "lon": 80.682884, "elev_m": 613.9, "prominence_m": 63.2}}, {"type": "Feature", "geometry": {"type": "Point", "coordinates": [80.440134, 6.914277]}, "properties": {"name": "", "lat": 6.914277, "lon": 80.440134, "elev_m": 503.9, "prominence_m": 63.2}}, {"type": "Feature", "geometry": {"type": "Point", "coordinates": [80.410026, 6.517624]}, "properties": {"name": "", "lat": 6.517624, "lon": 80.410026, "elev_m": 313.9, "prominence_m": 63.2}}, {"type": "Feature", "geometry": {"type": "Point", "coordinates": [80.588503, 6.544038]}, "properties": {"name": "", "lat": 6.544038, "lon": 80.588503, "elev_m": 273.9, "prominence_m": 63.2}}, {"type": "Feature", "geometry": {"type": "Point", "coordinates": [80.216826, 7.046724]}, "properties": {"name": "", "lat": 7.046724, "lon": 80.216826, "elev_m": 243.9, "prominence_m": 63.2}}, {"type": "Feature", "geometry": {"type": "Point", "coordinates": [81.044377, 6.79061]}, "properties": {"name": "", "lat": 6.79061, "lon": 81.044377, "elev_m": 1543.8, "prominence_m": 63.1}}, {"type": "Feature", "geometry": {"type": "Point", "coordinates": [80.739834, 7.07473]}, "properties": {"name": "", "lat": 7.07473, "lon": 80.739834, "elev_m": 2113.7, "prominence_m": 63.0}}, {"type": "Feature", "geometry": {"type": "Point", "coordinates": [80.527344, 7.296851]}, "properties": {"name": "", "lat": 7.296851, "lon": 80.527344, "elev_m": 683.7, "prominence_m": 63.0}}, {"type": "Feature", "geometry": {"type": "Point", "coordinates": [80.653079, 7.5256]}, "properties": {"name": "", "lat": 7.5256, "lon": 80.653079, "elev_m": 473.7, "prominence_m": 63.0}}, {"type": "Feature", "geometry": {"type": "Point", "coordinates": [80.669073, 6.538365]}, "properties": {"name": "", "lat": 6.538365, "lon": 80.669073, "elev_m": 463.7, "prominence_m": 63.0}}, {"type": "Feature", "geometry": {"type": "Point", "coordinates": [80.608322, 6.495211]}, "properties": {"name": "", "lat": 6.495211, "lon": 80.608322, "elev_m": 443.7, "prominence_m": 63.0}}, {"type": "Feature", "geometry": {"type": "Point", "coordinates": [80.526279, 7.73308]}, "properties": {"name": "", "lat": 7.73308, "lon": 80.526279, "elev_m": 423.7, "prominence_m": 63.0}}, {"type": "Feature", "geometry": {"type": "Point", "coordinates": [80.656318, 7.608615]}, "properties": {"name": "", "lat": 7.608615, "lon": 80.656318, "elev_m": 393.7, "prominence_m": 63.0}}, {"type": "Feature", "geometry": {"type": "Point", "coordinates": [80.40915, 6.223809]}, "properties": {"name": "", "lat": 6.223809, "lon": 80.40915, "elev_m": 333.7, "prominence_m": 63.0}}, {"type": "Feature", "geometry": {"type": "Point", "coordinates": [81.370815, 7.380353]}, "properties": {"name": "", "lat": 7.380353, "lon": 81.370815, "elev_m": 293.7, "prominence_m": 63.0}}, {"type": "Feature", "geometry": {"type": "Point", "coordinates": [80.344276, 6.321426]}, "properties": {"name": "", "lat": 6.321426, "lon": 80.344276, "elev_m": 263.7, "prominence_m": 63.0}}, {"type": "Feature", "geometry": {"type": "Point", "coordinates": [81.306303, 6.809385]}, "properties": {"name": "", "lat": 6.809385, "lon": 81.306303, "elev_m": 233.7, "prominence_m": 63.0}}, {"type": "Feature", "geometry": {"type": "Point", "coordinates": [80.876154, 8.203545]}, "properties": {"name": "", "lat": 8.203545, "lon": 80.876154, "elev_m": 233.7, "prominence_m": 63.0}}, {"type": "Feature", "geometry": {"type": "Point", "coordinates": [80.766734, 6.355248]}, "properties": {"name": "", "lat": 6.355248, "lon": 80.766734, "elev_m": 223.7, "prominence_m": 63.0}}, {"type": "Feature", "geometry": {"type": "Point", "coordinates": [80.357333, 7.506156]}, "properties": {"name": "", "lat": 7.506156, "lon": 80.357333, "elev_m": 203.7, "prominence_m": 63.0}}, {"type": "Feature", "geometry": {"type": "Point", "coordinates": [80.681478, 6.915743]}, "properties": {"name": "", "lat": 6.915743, "lon": 80.681478, "elev_m": 1403.6, "prominence_m": 62.9}}, {"type": "Feature", "geometry": {"type": "Point", "coordinates": [81.371836, 6.909141]}, "properties": {"name": "", "lat": 6.909141, "lon": 81.371836, "elev_m": 913.6, "prominence_m": 62.9}}, {"type": "Feature", "geometry": {"type": "Point", "coordinates": [81.08932, 7.034204]}, "properties": {"name": "", "lat": 7.034204, "lon": 81.08932, "elev_m": 743.6, "prominence_m": 62.9}}, {"type": "Feature", "geometry": {"type": "Point", "coordinates": [80.561289, 7.333764]}, "properties": {"name": "", "lat": 7.333764, "lon": 80.561289, "elev_m": 613.6, "prominence_m": 62.9}}, {"type": "Feature", "geometry": {"type": "Point", "coordinates": [81.320033, 6.950438]}, "properties": {"name": "", "lat": 6.950438, "lon": 81.320033, "elev_m": 523.6, "prominence_m": 62.9}}, {"type": "Feature", "geometry": {"type": "Point", "coordinates": [80.496059, 7.358958]}, "properties": {"name": "", "lat": 7.358958, "lon": 80.496059, "elev_m": 433.6, "prominence_m": 62.9}}, {"type": "Feature", "geometry": {"type": "Point", "coordinates": [81.317985, 6.573895]}, "properties": {"name": "", "lat": 6.573895, "lon": 81.317985, "elev_m": 203.6, "prominence_m": 62.9}}, {"type": "Feature", "geometry": {"type": "Point", "coordinates": [81.119018, 7.169014]}, "properties": {"name": "", "lat": 7.169014, "lon": 81.119018, "elev_m": 1243.5, "prominence_m": 62.8}}, {"type": "Feature", "geometry": {"type": "Point", "coordinates": [81.386448, 6.872228]}, "properties": {"name": "Maragala Kanda", "lat": 6.872228, "lon": 81.386448, "elev_m": 1103.5, "prominence_m": 62.8}}, {"type": "Feature", "geometry": {"type": "Point", "coordinates": [80.427894, 6.946552]}, "properties": {"name": "", "lat": 6.946552, "lon": 80.427894, "elev_m": 583.5, "prominence_m": 62.8}}, {"type": "Feature", "geometry": {"type": "Point", "coordinates": [81.324324, 6.904314]}, "properties": {"name": "", "lat": 6.904314, "lon": 81.324324, "elev_m": 333.5, "prominence_m": 62.8}}, {"type": "Feature", "geometry": {"type": "Point", "coordinates": [80.652911, 6.054629]}, "properties": {"name": "", "lat": 6.054629, "lon": 80.652911, "elev_m": 213.5, "prominence_m": 62.8}}, {"type": "Feature", "geometry": {"type": "Point", "coordinates": [80.165405, 7.122618]}, "properties": {"name": "", "lat": 7.122618, "lon": 80.165405, "elev_m": 203.5, "prominence_m": 62.8}}, {"type": "Feature", "geometry": {"type": "Point", "coordinates": [81.26774, 7.303164]}, "properties": {"name": "", "lat": 7.303164, "lon": 81.26774, "elev_m": 773.4, "prominence_m": 62.7}}, {"type": "Feature", "geometry": {"type": "Point", "coordinates": [80.454594, 6.387161]}, "properties": {"name": "", "lat": 6.387161, "lon": 80.454594, "elev_m": 623.4, "prominence_m": 62.7}}, {"type": "Feature", "geometry": {"type": "Point", "coordinates": [80.686697, 6.587202]}, "properties": {"name": "", "lat": 6.587202, "lon": 80.686697, "elev_m": 593.4, "prominence_m": 62.7}}, {"type": "Feature", "geometry": {"type": "Point", "coordinates": [81.202118, 6.851266]}, "properties": {"name": "", "lat": 6.851266, "lon": 81.202118, "elev_m": 533.4, "prominence_m": 62.7}}, {"type": "Feature", "geometry": {"type": "Point", "coordinates": [81.311523, 6.866892]}, "properties": {"name": "", "lat": 6.866892, "lon": 81.311523, "elev_m": 303.4, "prominence_m": 62.7}}, {"type": "Feature", "geometry": {"type": "Point", "coordinates": [80.384298, 7.445685]}, "properties": {"name": "", "lat": 7.445685, "lon": 80.384298, "elev_m": 283.4, "prominence_m": 62.7}}, {"type": "Feature", "geometry": {"type": "Point", "coordinates": [81.460064, 7.456996]}, "properties": {"name": "", "lat": 7.456996, "lon": 81.460064, "elev_m": 233.4, "prominence_m": 62.7}}, {"type": "Feature", "geometry": {"type": "Point", "coordinates": [80.766465, 6.267888]}, "properties": {"name": "", "lat": 6.267888, "lon": 80.766465, "elev_m": 213.4, "prominence_m": 62.7}}, {"type": "Feature", "geometry": {"type": "Point", "coordinates": [80.381179, 7.284268]}, "properties": {"name": "", "lat": 7.284268, "lon": 80.381179, "elev_m": 213.4, "prominence_m": 62.7}}, {"type": "Feature", "geometry": {"type": "Point", "coordinates": [80.757418, 8.599351]}, "properties": {"name": "", "lat": 8.599351, "lon": 80.757418, "elev_m": 203.4, "prominence_m": 62.7}}, {"type": "Feature", "geometry": {"type": "Point", "coordinates": [80.641584, 6.868527]}, "properties": {"name": "", "lat": 6.868527, "lon": 80.641584, "elev_m": 1603.3, "prominence_m": 62.6}}, {"type": "Feature", "geometry": {"type": "Point", "coordinates": [80.562326, 7.437126]}, "properties": {"name": "", "lat": 7.437126, "lon": 80.562326, "elev_m": 773.3, "prominence_m": 62.6}}, {"type": "Feature", "geometry": {"type": "Point", "coordinates": [81.166571, 6.865946]}, "properties": {"name": "", "lat": 6.865946, "lon": 81.166571, "elev_m": 723.3, "prominence_m": 62.6}}, {"type": "Feature", "geometry": {"type": "Point", "coordinates": [80.578691, 7.305829]}, "properties": {"name": "", "lat": 7.305829, "lon": 80.578691, "elev_m": 713.3, "prominence_m": 62.6}}, {"type": "Feature", "geometry": {"type": "Point", "coordinates": [81.146679, 6.766127]}, "properties": {"name": "", "lat": 6.766127, "lon": 81.146679, "elev_m": 303.3, "prominence_m": 62.6}}, {"type": "Feature", "geometry": {"type": "Point", "coordinates": [80.542397, 6.522858]}, "properties": {"name": "", "lat": 6.522858, "lon": 80.542397, "elev_m": 303.3, "prominence_m": 62.6}}, {"type": "Feature", "geometry": {"type": "Point", "coordinates": [80.22515, 7.125948]}, "properties": {"name": "", "lat": 7.125948, "lon": 80.22515, "elev_m": 283.3, "prominence_m": 62.6}}, {"type": "Feature", "geometry": {"type": "Point", "coordinates": [80.281501, 7.255414]}, "properties": {"name": "", "lat": 7.255414, "lon": 80.281501, "elev_m": 223.3, "prominence_m": 62.6}}, {"type": "Feature", "geometry": {"type": "Point", "coordinates": [80.673881, 6.895122]}, "properties": {"name": "", "lat": 6.895122, "lon": 80.673881, "elev_m": 1513.2, "prominence_m": 62.5}}, {"type": "Feature", "geometry": {"type": "Point", "coordinates": [80.466248, 6.832907]}, "properties": {"name": "", "lat": 6.832907, "lon": 80.466248, "elev_m": 1353.2, "prominence_m": 62.5}}, {"type": "Feature", "geometry": {"type": "Point", "coordinates": [80.719424, 7.411672]}, "properties": {"name": "", "lat": 7.411672, "lon": 80.719424, "elev_m": 1333.2, "prominence_m": 62.5}}, {"type": "Feature", "geometry": {"type": "Point", "coordinates": [80.430063, 6.949809]}, "properties": {"name": "", "lat": 6.949809, "lon": 80.430063, "elev_m": 573.2, "prominence_m": 62.5}}, {"type": "Feature", "geometry": {"type": "Point", "coordinates": [80.69784, 6.461592]}, "properties": {"name": "", "lat": 6.461592, "lon": 80.69784, "elev_m": 543.2, "prominence_m": 62.5}}, {"type": "Feature", "geometry": {"type": "Point", "coordinates": [80.288893, 6.674599]}, "properties": {"name": "", "lat": 6.674599, "lon": 80.288893, "elev_m": 423.2, "prominence_m": 62.5}}, {"type": "Feature", "geometry": {"type": "Point", "coordinates": [81.23301, 7.349589]}, "properties": {"name": "", "lat": 7.349589, "lon": 81.23301, "elev_m": 383.2, "prominence_m": 62.5}}, {"type": "Feature", "geometry": {"type": "Point", "coordinates": [81.077228, 7.230083]}, "properties": {"name": "", "lat": 7.230083, "lon": 81.077228, "elev_m": 323.2, "prominence_m": 62.5}}, {"type": "Feature", "geometry": {"type": "Point", "coordinates": [80.498801, 6.380947]}, "properties": {"name": "", "lat": 6.380947, "lon": 80.498801, "elev_m": 693.1, "prominence_m": 62.4}}, {"type": "Feature", "geometry": {"type": "Point", "coordinates": [80.780837, 6.619224]}, "properties": {"name": "", "lat": 6.619224, "lon": 80.780837, "elev_m": 663.1, "prominence_m": 62.4}}, {"type": "Feature", "geometry": {"type": "Point", "coordinates": [81.115152, 7.08356]}, "properties": {"name": "", "lat": 7.08356, "lon": 81.115152, "elev_m": 593.1, "prominence_m": 62.4}}, {"type": "Feature", "geometry": {"type": "Point", "coordinates": [80.491825, 7.177734]}, "properties": {"name": "", "lat": 7.177734, "lon": 80.491825, "elev_m": 333.1, "prominence_m": 62.4}}, {"type": "Feature", "geometry": {"type": "Point", "coordinates": [80.731087, 7.630604]}, "properties": {"name": "", "lat": 7.630604, "lon": 80.731087, "elev_m": 313.1, "prominence_m": 62.4}}, {"type": "Feature", "geometry": {"type": "Point", "coordinates": [81.225565, 7.241084]}, "properties": {"name": "", "lat": 7.241084, "lon": 81.225565, "elev_m": 293.1, "prominence_m": 62.4}}, {"type": "Feature", "geometry": {"type": "Point", "coordinates": [80.35012, 7.375663]}, "properties": {"name": "", "lat": 7.375663, "lon": 80.35012, "elev_m": 263.1, "prominence_m": 62.4}}, {"type": "Feature", "geometry": {"type": "Point", "coordinates": [80.817219, 6.920091]}, "properties": {"name": "", "lat": 6.920091, "lon": 80.817219, "elev_m": 2123.0, "prominence_m": 62.3}}, {"type": "Feature", "geometry": {"type": "Point", "coordinates": [80.592394, 7.01501]}, "properties": {"name": "", "lat": 7.01501, "lon": 80.592394, "elev_m": 1103.0, "prominence_m": 62.3}}, {"type": "Feature", "geometry": {"type": "Point", "coordinates": [80.694672, 7.51937]}, "properties": {"name": "", "lat": 7.51937, "lon": 80.694672, "elev_m": 633.0, "prominence_m": 62.3}}, {"type": "Feature", "geometry": {"type": "Point", "coordinates": [81.211668, 6.906329]}, "properties": {"name": "", "lat": 6.906329, "lon": 81.211668, "elev_m": 583.0, "prominence_m": 62.3}}, {"type": "Feature", "geometry": {"type": "Point", "coordinates": [81.300254, 6.985727]}, "properties": {"name": "", "lat": 6.985727, "lon": 81.300254, "elev_m": 483.0, "prominence_m": 62.3}}, {"type": "Feature", "geometry": {"type": "Point", "coordinates": [80.895738, 7.156375]}, "properties": {"name": "", "lat": 7.156375, "lon": 80.895738, "elev_m": 393.0, "prominence_m": 62.3}}, {"type": "Feature", "geometry": {"type": "Point", "coordinates": [81.111303, 7.387677]}, "properties": {"name": "", "lat": 7.387677, "lon": 81.111303, "elev_m": 273.0, "prominence_m": 62.3}}, {"type": "Feature", "geometry": {"type": "Point", "coordinates": [81.456813, 7.463511]}, "properties": {"name": "", "lat": 7.463511, "lon": 81.456813, "elev_m": 253.0, "prominence_m": 62.3}}, {"type": "Feature", "geometry": {"type": "Point", "coordinates": [80.461713, 7.120473]}, "properties": {"name": "", "lat": 7.120473, "lon": 80.461713, "elev_m": 862.9, "prominence_m": 62.2}}, {"type": "Feature", "geometry": {"type": "Point", "coordinates": [80.671226, 6.618127]}, "properties": {"name": "", "lat": 6.618127, "lon": 80.671226, "elev_m": 732.9, "prominence_m": 62.2}}, {"type": "Feature", "geometry": {"type": "Point", "coordinates": [80.371518, 6.834735]}, "properties": {"name": "", "lat": 6.834735, "lon": 80.371518, "elev_m": 562.9, "prominence_m": 62.2}}, {"type": "Feature", "geometry": {"type": "Point", "coordinates": [80.549684, 7.704065]}, "properties": {"name": "", "lat": 7.704065, "lon": 80.549684, "elev_m": 362.9, "prominence_m": 62.2}}, {"type": "Feature", "geometry": {"type": "Point", "coordinates": [81.466339, 7.117624]}, "properties": {"name": "", "lat": 7.117624, "lon": 81.466339, "elev_m": 352.9, "prominence_m": 62.2}}, {"type": "Feature", "geometry": {"type": "Point", "coordinates": [80.254775, 6.344404]}, "properties": {"name": "", "lat": 6.344404, "lon": 80.254775, "elev_m": 272.9, "prominence_m": 62.2}}, {"type": "Feature", "geometry": {"type": "Point", "coordinates": [80.909557, 7.934153]}, "properties": {"name": "", "lat": 7.934153, "lon": 80.909557, "elev_m": 222.9, "prominence_m": 62.2}}, {"type": "Feature", "geometry": {"type": "Point", "coordinates": [80.541432, 6.838104]}, "properties": {"name": "", "lat": 6.838104, "lon": 80.541432, "elev_m": 1422.8, "prominence_m": 62.1}}, {"type": "Feature", "geometry": {"type": "Point", "coordinates": [80.757469, 7.491977]}, "properties": {"name": "", "lat": 7.491977, "lon": 80.757469, "elev_m": 1192.8, "prominence_m": 62.1}}, {"type": "Feature", "geometry": {"type": "Point", "coordinates": [80.607171, 6.690003]}, "properties": {"name": "", "lat": 6.690003, "lon": 80.607171, "elev_m": 1072.8, "prominence_m": 62.1}}, {"type": "Feature", "geometry": {"type": "Point", "coordinates": [80.739051, 6.672125]}, "properties": {"name": "", "lat": 6.672125, "lon": 80.739051, "elev_m": 632.8, "prominence_m": 62.1}}, {"type": "Feature", "geometry": {"type": "Point", "coordinates": [80.712469, 6.592361]}, "properties": {"name": "", "lat": 6.592361, "lon": 80.712469, "elev_m": 532.8, "prominence_m": 62.1}}, {"type": "Feature", "geometry": {"type": "Point", "coordinates": [80.54608, 6.169898]}, "properties": {"name": "", "lat": 6.169898, "lon": 80.54608, "elev_m": 432.8, "prominence_m": 62.1}}, {"type": "Feature", "geometry": {"type": "Point", "coordinates": [80.7567, 6.379393]}, "properties": {"name": "", "lat": 6.379393, "lon": 80.7567, "elev_m": 402.8, "prominence_m": 62.1}}, {"type": "Feature", "geometry": {"type": "Point", "coordinates": [80.718715, 6.54407]}, "properties": {"name": "", "lat": 6.54407, "lon": 80.718715, "elev_m": 392.8, "prominence_m": 62.1}}, {"type": "Feature", "geometry": {"type": "Point", "coordinates": [80.498777, 7.782436]}, "properties": {"name": "", "lat": 7.782436, "lon": 80.498777, "elev_m": 382.8, "prominence_m": 62.1}}, {"type": "Feature", "geometry": {"type": "Point", "coordinates": [80.791182, 7.694087]}, "properties": {"name": "", "lat": 7.694087, "lon": 80.791182, "elev_m": 232.8, "prominence_m": 62.1}}, {"type": "Feature", "geometry": {"type": "Point", "coordinates": [80.23064, 7.07631]}, "properties": {"name": "", "lat": 7.07631, "lon": 80.23064, "elev_m": 202.8, "prominence_m": 62.1}}, {"type": "Feature", "geometry": {"type": "Point", "coordinates": [81.197056, 6.648074]}, "properties": {"name": "", "lat": 6.648074, "lon": 81.197056, "elev_m": 202.8, "prominence_m": 62.1}}, {"type": "Feature", "geometry": {"type": "Point", "coordinates": [81.139906, 7.135358]}, "properties": {"name": "", "lat": 7.135358, "lon": 81.139906, "elev_m": 1322.7, "prominence_m": 62.0}}, {"type": "Feature", "geometry": {"type": "Point", "coordinates": [80.739002, 7.278742]}, "properties": {"name": "", "lat": 7.278742, "lon": 80.739002, "elev_m": 612.7, "prominence_m": 62.0}}, {"type": "Feature", "geometry": {"type": "Point", "coordinates": [80.968015, 7.220104]}, "properties": {"name": "", "lat": 7.220104, "lon": 80.968015, "elev_m": 382.7, "prominence_m": 62.0}}, {"type": "Feature", "geometry": {"type": "Point", "coordinates": [81.228437, 7.123886]}, "properties": {"name": "", "lat": 7.123886, "lon": 81.228437, "elev_m": 312.7, "prominence_m": 62.0}}, {"type": "Feature", "geometry": {"type": "Point", "coordinates": [80.576945, 8.135418]}, "properties": {"name": "", "lat": 8.135418, "lon": 80.576945, "elev_m": 202.7, "prominence_m": 62.0}}, {"type": "Feature", "geometry": {"type": "Point", "coordinates": [81.027841, 6.828058]}, "properties": {"name": "", "lat": 6.828058, "lon": 81.027841, "elev_m": 1422.6, "prominence_m": 61.9}}, {"type": "Feature", "geometry": {"type": "Point", "coordinates": [80.787892, 6.647439]}, "properties": {"name": "", "lat": 6.647439, "lon": 80.787892, "elev_m": 602.6, "prominence_m": 61.9}}, {"type": "Feature", "geometry": {"type": "Point", "coordinates": [80.953618, 7.220653]}, "properties": {"name": "", "lat": 7.220653, "lon": 80.953618, "elev_m": 532.6, "prominence_m": 61.9}}, {"type": "Feature", "geometry": {"type": "Point", "coordinates": [81.405086, 7.208318]}, "properties": {"name": "", "lat": 7.208318, "lon": 81.405086, "elev_m": 482.6, "prominence_m": 61.9}}, {"type": "Feature", "geometry": {"type": "Point", "coordinates": [80.847448, 7.525341]}, "properties": {"name": "", "lat": 7.525341, "lon": 80.847448, "elev_m": 392.6, "prominence_m": 61.9}}, {"type": "Feature", "geometry": {"type": "Point", "coordinates": [80.744769, 6.358231]}, "properties": {"name": "", "lat": 6.358231, "lon": 80.744769, "elev_m": 262.6, "prominence_m": 61.9}}, {"type": "Feature", "geometry": {"type": "Point", "coordinates": [80.392607, 6.231394]}, "properties": {"name": "", "lat": 6.231394, "lon": 80.392607, "elev_m": 262.6, "prominence_m": 61.9}}, {"type": "Feature", "geometry": {"type": "Point", "coordinates": [81.235122, 7.551963]}, "properties": {"name": "", "lat": 7.551963, "lon": 81.235122, "elev_m": 212.6, "prominence_m": 61.9}}, {"type": "Feature", "geometry": {"type": "Point", "coordinates": [81.201157, 6.990981]}, "properties": {"name": "", "lat": 6.990981, "lon": 81.201157, "elev_m": 862.5, "prominence_m": 61.8}}, {"type": "Feature", "geometry": {"type": "Point", "coordinates": [80.496853, 7.392869]}, "properties": {"name": "", "lat": 7.392869, "lon": 80.496853, "elev_m": 602.5, "prominence_m": 61.8}}, {"type": "Feature", "geometry": {"type": "Point", "coordinates": [80.557737, 7.372557]}, "properties": {"name": "", "lat": 7.372557, "lon": 80.557737, "elev_m": 572.5, "prominence_m": 61.8}}, {"type": "Feature", "geometry": {"type": "Point", "coordinates": [80.361504, 6.477978]}, "properties": {"name": "", "lat": 6.477978, "lon": 80.361504, "elev_m": 502.5, "prominence_m": 61.8}}, {"type": "Feature", "geometry": {"type": "Point", "coordinates": [80.432499, 6.577596]}, "properties": {"name": "", "lat": 6.577596, "lon": 80.432499, "elev_m": 322.5, "prominence_m": 61.8}}, {"type": "Feature", "geometry": {"type": "Point", "coordinates": [80.720166, 7.965097]}, "properties": {"name": "", "lat": 7.965097, "lon": 80.720166, "elev_m": 262.5, "prominence_m": 61.8}}, {"type": "Feature", "geometry": {"type": "Point", "coordinates": [80.597715, 6.576326]}, "properties": {"name": "", "lat": 6.576326, "lon": 80.597715, "elev_m": 222.5, "prominence_m": 61.8}}, {"type": "Feature", "geometry": {"type": "Point", "coordinates": [81.031527, 6.60912]}, "properties": {"name": "", "lat": 6.60912, "lon": 81.031527, "elev_m": 212.5, "prominence_m": 61.8}}, {"type": "Feature", "geometry": {"type": "Point", "coordinates": [81.306283, 7.271109]}, "properties": {"name": "", "lat": 7.271109, "lon": 81.306283, "elev_m": 442.4, "prominence_m": 61.7}}, {"type": "Feature", "geometry": {"type": "Point", "coordinates": [80.305699, 6.691977]}, "properties": {"name": "", "lat": 6.691977, "lon": 80.305699, "elev_m": 412.4, "prominence_m": 61.7}}, {"type": "Feature", "geometry": {"type": "Point", "coordinates": [80.362242, 6.889799]}, "properties": {"name": "", "lat": 6.889799, "lon": 80.362242, "elev_m": 322.4, "prominence_m": 61.7}}, {"type": "Feature", "geometry": {"type": "Point", "coordinates": [80.792541, 7.681337]}, "properties": {"name": "", "lat": 7.681337, "lon": 80.792541, "elev_m": 292.4, "prominence_m": 61.7}}, {"type": "Feature", "geometry": {"type": "Point", "coordinates": [80.326971, 6.869692]}, "properties": {"name": "", "lat": 6.869692, "lon": 80.326971, "elev_m": 292.4, "prominence_m": 61.7}}, {"type": "Feature", "geometry": {"type": "Point", "coordinates": [80.861601, 7.612422]}, "properties": {"name": "", "lat": 7.612422, "lon": 80.861601, "elev_m": 272.4, "prominence_m": 61.7}}, {"type": "Feature", "geometry": {"type": "Point", "coordinates": [80.786016, 7.7516]}, "properties": {"name": "", "lat": 7.7516, "lon": 80.786016, "elev_m": 212.4, "prominence_m": 61.7}}, {"type": "Feature", "geometry": {"type": "Point", "coordinates": [80.579188, 6.774366]}, "properties": {"name": "", "lat": 6.774366, "lon": 80.579188, "elev_m": 1922.3, "prominence_m": 61.6}}, {"type": "Feature", "geometry": {"type": "Point", "coordinates": [80.646917, 7.213072]}, "properties": {"name": "", "lat": 7.213072, "lon": 80.646917, "elev_m": 1162.3, "prominence_m": 61.6}}, {"type": "Feature", "geometry": {"type": "Point", "coordinates": [80.368523, 6.845313]}, "properties": {"name": "", "lat": 6.845313, "lon": 80.368523, "elev_m": 522.3, "prominence_m": 61.6}}, {"type": "Feature", "geometry": {"type": "Point", "coordinates": [80.35927, 6.873248]}, "properties": {"name": "", "lat": 6.873248, "lon": 80.35927, "elev_m": 452.3, "prominence_m": 61.6}}, {"type": "Feature", "geometry": {"type": "Point", "coordinates": [80.350327, 7.156193]}, "properties": {"name": "", "lat": 7.156193, "lon": 80.350327, "elev_m": 402.3, "prominence_m": 61.6}}, {"type": "Feature", "geometry": {"type": "Point", "coordinates": [80.211041, 7.114537]}, "properties": {"name": "", "lat": 7.114537, "lon": 80.211041, "elev_m": 252.3, "prominence_m": 61.6}}, {"type": "Feature", "geometry": {"type": "Point", "coordinates": [80.252462, 7.229339]}, "properties": {"name": "", "lat": 7.229339, "lon": 80.252462, "elev_m": 232.3, "prominence_m": 61.6}}, {"type": "Feature", "geometry": {"type": "Point", "coordinates": [80.917924, 6.870425]}, "properties": {"name": "", "lat": 6.870425, "lon": 80.917924, "elev_m": 1312.2, "prominence_m": 61.5}}, {"type": "Feature", "geometry": {"type": "Point", "coordinates": [80.748516, 7.212276]}, "properties": {"name": "", "lat": 7.212276, "lon": 80.748516, "elev_m": 742.2, "prominence_m": 61.5}}, {"type": "Feature", "geometry": {"type": "Point", "coordinates": [80.973652, 7.061396]}, "properties": {"name": "", "lat": 7.061396, "lon": 80.973652, "elev_m": 652.2, "prominence_m": 61.5}}, {"type": "Feature", "geometry": {"type": "Point", "coordinates": [80.893856, 7.233151]}, "properties": {"name": "", "lat": 7.233151, "lon": 80.893856, "elev_m": 592.2, "prominence_m": 61.5}}, {"type": "Feature", "geometry": {"type": "Point", "coordinates": [81.624961, 7.129839]}, "properties": {"name": "", "lat": 7.129839, "lon": 81.624961, "elev_m": 402.2, "prominence_m": 61.5}}, {"type": "Feature", "geometry": {"type": "Point", "coordinates": [80.455102, 6.442777]}, "properties": {"name": "", "lat": 6.442777, "lon": 80.455102, "elev_m": 372.2, "prominence_m": 61.5}}, {"type": "Feature", "geometry": {"type": "Point", "coordinates": [80.490937, 7.710812]}, "properties": {"name": "", "lat": 7.710812, "lon": 80.490937, "elev_m": 242.2, "prominence_m": 61.5}}, {"type": "Feature", "geometry": {"type": "Point", "coordinates": [80.886796, 8.284384]}, "properties": {"name": "", "lat": 8.284384, "lon": 80.886796, "elev_m": 232.2, "prominence_m": 61.5}}, {"type": "Feature", "geometry": {"type": "Point", "coordinates": [81.103853, 7.601455]}, "properties": {"name": "", "lat": 7.601455, "lon": 81.103853, "elev_m": 222.2, "prominence_m": 61.5}}, {"type": "Feature", "geometry": {"type": "Point", "coordinates": [81.115729, 7.489677]}, "properties": {"name": "", "lat": 7.489677, "lon": 81.115729, "elev_m": 552.1, "prominence_m": 61.4}}, {"type": "Feature", "geometry": {"type": "Point", "coordinates": [80.658667, 7.960744]}, "properties": {"name": "", "lat": 7.960744, "lon": 80.658667, "elev_m": 382.1, "prominence_m": 61.4}}, {"type": "Feature", "geometry": {"type": "Point", "coordinates": [80.36218, 7.263905]}, "properties": {"name": "", "lat": 7.263905, "lon": 80.36218, "elev_m": 332.1, "prominence_m": 61.4}}, {"type": "Feature", "geometry": {"type": "Point", "coordinates": [81.347328, 7.070312]}, "properties": {"name": "", "lat": 7.070312, "lon": 81.347328, "elev_m": 322.1, "prominence_m": 61.4}}, {"type": "Feature", "geometry": {"type": "Point", "coordinates": [80.285124, 6.644482]}, "properties": {"name": "", "lat": 6.644482, "lon": 80.285124, "elev_m": 312.1, "prominence_m": 61.4}}, {"type": "Feature", "geometry": {"type": "Point", "coordinates": [80.708681, 6.516668]}, "properties": {"name": "", "lat": 6.516668, "lon": 80.708681, "elev_m": 272.1, "prominence_m": 61.4}}, {"type": "Feature", "geometry": {"type": "Point", "coordinates": [81.359251, 7.049409]}, "properties": {"name": "", "lat": 7.049409, "lon": 81.359251, "elev_m": 242.1, "prominence_m": 61.4}}, {"type": "Feature", "geometry": {"type": "Point", "coordinates": [80.813393, 6.590736]}, "properties": {"name": "", "lat": 6.590736, "lon": 80.813393, "elev_m": 522.0, "prominence_m": 61.3}}, {"type": "Feature", "geometry": {"type": "Point", "coordinates": [80.583987, 6.2901]}, "properties": {"name": "", "lat": 6.2901, "lon": 80.583987, "elev_m": 342.0, "prominence_m": 61.3}}, {"type": "Feature", "geometry": {"type": "Point", "coordinates": [80.299387, 6.482264]}, "properties": {"name": "", "lat": 6.482264, "lon": 80.299387, "elev_m": 302.0, "prominence_m": 61.3}}, {"type": "Feature", "geometry": {"type": "Point", "coordinates": [80.789783, 6.305057]}, "properties": {"name": "", "lat": 6.305057, "lon": 80.789783, "elev_m": 262.0, "prominence_m": 61.3}}, {"type": "Feature", "geometry": {"type": "Point", "coordinates": [80.236167, 7.225793]}, "properties": {"name": "", "lat": 7.225793, "lon": 80.236167, "elev_m": 222.0, "prominence_m": 61.3}}, {"type": "Feature", "geometry": {"type": "Point", "coordinates": [81.297569, 6.763818]}, "properties": {"name": "", "lat": 6.763818, "lon": 81.297569, "elev_m": 212.0, "prominence_m": 61.3}}, {"type": "Feature", "geometry": {"type": "Point", "coordinates": [80.769446, 6.346837]}, "properties": {"name": "", "lat": 6.346837, "lon": 80.769446, "elev_m": 212.0, "prominence_m": 61.3}}, {"type": "Feature", "geometry": {"type": "Point", "coordinates": [80.795244, 7.289052]}, "properties": {"name": "", "lat": 7.289052, "lon": 80.795244, "elev_m": 741.9, "prominence_m": 61.2}}, {"type": "Feature", "geometry": {"type": "Point", "coordinates": [81.151664, 7.231655]}, "properties": {"name": "", "lat": 7.231655, "lon": 81.151664, "elev_m": 461.9, "prominence_m": 61.2}}, {"type": "Feature", "geometry": {"type": "Point", "coordinates": [81.513954, 7.33945]}, "properties": {"name": "", "lat": 7.33945, "lon": 81.513954, "elev_m": 421.9, "prominence_m": 61.2}}, {"type": "Feature", "geometry": {"type": "Point", "coordinates": [80.374242, 6.823343]}, "properties": {"name": "", "lat": 6.823343, "lon": 80.374242, "elev_m": 361.9, "prominence_m": 61.2}}, {"type": "Feature", "geometry": {"type": "Point", "coordinates": [81.371597, 6.934913]}, "properties": {"name": "", "lat": 6.934913, "lon": 81.371597, "elev_m": 321.9, "prominence_m": 61.2}}, {"type": "Feature", "geometry": {"type": "Point", "coordinates": [80.37798, 6.215105]}, "properties": {"name": "", "lat": 6.215105, "lon": 80.37798, "elev_m": 301.9, "prominence_m": 61.2}}, {"type": "Feature", "geometry": {"type": "Point", "coordinates": [80.827658, 7.975407]}, "properties": {"name": "", "lat": 7.975407, "lon": 80.827658, "elev_m": 221.9, "prominence_m": 61.2}}, {"type": "Feature", "geometry": {"type": "Point", "coordinates": [80.372904, 6.79974]}, "properties": {"name": "", "lat": 6.79974, "lon": 80.372904, "elev_m": 211.9, "prominence_m": 61.2}}, {"type": "Feature", "geometry": {"type": "Point", "coordinates": [80.907914, 7.903228]}, "properties": {"name": "", "lat": 7.903228, "lon": 80.907914, "elev_m": 211.9, "prominence_m": 61.2}}, {"type": "Feature", "geometry": {"type": "Point", "coordinates": [80.488347, 7.09309]}, "properties": {"name": "", "lat": 7.09309, "lon": 80.488347, "elev_m": 941.8, "prominence_m": 61.1}}, {"type": "Feature", "geometry": {"type": "Point", "coordinates": [80.642263, 7.335695]}, "properties": {"name": "", "lat": 7.335695, "lon": 80.642263, "elev_m": 541.8, "prominence_m": 61.1}}, {"type": "Feature", "geometry": {"type": "Point", "coordinates": [80.536528, 6.311784]}, "properties": {"name": "", "lat": 6.311784, "lon": 80.536528, "elev_m": 501.8, "prominence_m": 61.1}}, {"type": "Feature", "geometry": {"type": "Point", "coordinates": [80.380425, 7.81571]}, "properties": {"name": "", "lat": 7.81571, "lon": 80.380425, "elev_m": 431.8, "prominence_m": 61.1}}, {"type": "Feature", "geometry": {"type": "Point", "coordinates": [81.383286, 6.947105]}, "properties": {"name": "", "lat": 6.947105, "lon": 81.383286, "elev_m": 321.8, "prominence_m": 61.1}}, {"type": "Feature", "geometry": {"type": "Point", "coordinates": [80.362817, 6.190948]}, "properties": {"name": "", "lat": 6.190948, "lon": 80.362817, "elev_m": 211.8, "prominence_m": 61.1}}, {"type": "Feature", "geometry": {"type": "Point", "coordinates": [80.429127, 7.113396]}, "properties": {"name": "", "lat": 7.113396, "lon": 80.429127, "elev_m": 1031.7, "prominence_m": 61.0}}, {"type": "Feature", "geometry": {"type": "Point", "coordinates": [80.698665, 6.382643]}, "properties": {"name": "Kella", "lat": 6.382643, "lon": 80.698665, "elev_m": 631.7, "prominence_m": 61.0}}, {"type": "Feature", "geometry": {"type": "Point", "coordinates": [80.562569, 7.495453]}, "properties": {"name": "", "lat": 7.495453, "lon": 80.562569, "elev_m": 441.7, "prominence_m": 61.0}}, {"type": "Feature", "geometry": {"type": "Point", "coordinates": [80.442325, 7.623424]}, "properties": {"name": "", "lat": 7.623424, "lon": 80.442325, "elev_m": 361.7, "prominence_m": 61.0}}, {"type": "Feature", "geometry": {"type": "Point", "coordinates": [80.723472, 7.648779]}, "properties": {"name": "", "lat": 7.648779, "lon": 80.723472, "elev_m": 351.7, "prominence_m": 61.0}}, {"type": "Feature", "geometry": {"type": "Point", "coordinates": [80.710658, 7.865535]}, "properties": {"name": "", "lat": 7.865535, "lon": 80.710658, "elev_m": 281.7, "prominence_m": 61.0}}, {"type": "Feature", "geometry": {"type": "Point", "coordinates": [81.52401, 7.008483]}, "properties": {"name": "", "lat": 7.008483, "lon": 81.52401, "elev_m": 221.7, "prominence_m": 61.0}}, {"type": "Feature", "geometry": {"type": "Point", "coordinates": [80.363618, 6.207226]}, "properties": {"name": "", "lat": 6.207226, "lon": 80.363618, "elev_m": 211.7, "prominence_m": 61.0}}, {"type": "Feature", "geometry": {"type": "Point", "coordinates": [80.416716, 7.00677]}, "properties": {"name": "", "lat": 7.00677, "lon": 80.416716, "elev_m": 201.7, "prominence_m": 61.0}}, {"type": "Feature", "geometry": {"type": "Point", "coordinates": [81.123999, 6.927833]}, "properties": {"name": "", "lat": 6.927833, "lon": 81.123999, "elev_m": 1761.6, "prominence_m": 60.9}}, {"type": "Feature", "geometry": {"type": "Point", "coordinates": [80.84491, 6.91629]}, "properties": {"name": "", "lat": 6.91629, "lon": 80.84491, "elev_m": 1361.6, "prominence_m": 60.9}}, {"type": "Feature", "geometry": {"type": "Point", "coordinates": [80.553889, 7.459638]}, "properties": {"name": "", "lat": 7.459638, "lon": 80.553889, "elev_m": 631.6, "prominence_m": 60.9}}, {"type": "Feature", "geometry": {"type": "Point", "coordinates": [80.715178, 6.629258]}, "properties": {"name": "", "lat": 6.629258, "lon": 80.715178, "elev_m": 591.6, "prominence_m": 60.9}}, {"type": "Feature", "geometry": {"type": "Point", "coordinates": [80.466559, 7.1845]}, "properties": {"name": "", "lat": 7.1845, "lon": 80.466559, "elev_m": 301.6, "prominence_m": 60.9}}, {"type": "Feature", "geometry": {"type": "Point", "coordinates": [81.343055, 7.128643]}, "properties": {"name": "", "lat": 7.128643, "lon": 81.343055, "elev_m": 291.6, "prominence_m": 60.9}}, {"type": "Feature", "geometry": {"type": "Point", "coordinates": [80.656955, 6.153385]}, "properties": {"name": "", "lat": 6.153385, "lon": 80.656955, "elev_m": 221.6, "prominence_m": 60.9}}, {"type": "Feature", "geometry": {"type": "Point", "coordinates": [80.981377, 8.43599]}, "properties": {"name": "", "lat": 8.43599, "lon": 80.981377, "elev_m": 201.6, "prominence_m": 60.9}}, {"type": "Feature", "geometry": {"type": "Point", "coordinates": [80.72954, 6.81754]}, "properties": {"name": "", "lat": 6.81754, "lon": 80.72954, "elev_m": 1791.5, "prominence_m": 60.8}}, {"type": "Feature", "geometry": {"type": "Point", "coordinates": [80.873981, 7.026159]}, "properties": {"name": "", "lat": 7.026159, "lon": 80.873981, "elev_m": 1551.5, "prominence_m": 60.8}}, {"type": "Feature", "geometry": {"type": "Point", "coordinates": [80.821875, 7.334085]}, "properties": {"name": "", "lat": 7.334085, "lon": 80.821875, "elev_m": 1271.5, "prominence_m": 60.8}}, {"type": "Feature", "geometry": {"type": "Point", "coordinates": [80.529839, 7.204614]}, "properties": {"name": "", "lat": 7.204614, "lon": 80.529839, "elev_m": 661.5, "prominence_m": 60.8}}, {"type": "Feature", "geometry": {"type": "Point", "coordinates": [80.369278, 6.590842]}, "properties": {"name": "", "lat": 6.590842, "lon": 80.369278, "elev_m": 641.5, "prominence_m": 60.8}}, {"type": "Feature", "geometry": {"type": "Point", "coordinates": [80.966078, 7.132478]}, "properties": {"name": "", "lat": 7.132478, "lon": 80.966078, "elev_m": 561.5, "prominence_m": 60.8}}, {"type": "Feature", "geometry": {"type": "Point", "coordinates": [80.447527, 7.208632]}, "properties": {"name": "", "lat": 7.208632, "lon": 80.447527, "elev_m": 311.5, "prominence_m": 60.8}}, {"type": "Feature", "geometry": {"type": "Point", "coordinates": [80.887319, 7.162617]}, "properties": {"name": "", "lat": 7.162617, "lon": 80.887319, "elev_m": 311.5, "prominence_m": 60.8}}, {"type": "Feature", "geometry": {"type": "Point", "coordinates": [80.625267, 7.762425]}, "properties": {"name": "", "lat": 7.762425, "lon": 80.625267, "elev_m": 281.5, "prominence_m": 60.8}}, {"type": "Feature", "geometry": {"type": "Point", "coordinates": [80.417568, 7.307629]}, "properties": {"name": "", "lat": 7.307629, "lon": 80.417568, "elev_m": 241.5, "prominence_m": 60.8}}, {"type": "Feature", "geometry": {"type": "Point", "coordinates": [80.248474, 7.154189]}, "properties": {"name": "", "lat": 7.154189, "lon": 80.248474, "elev_m": 241.5, "prominence_m": 60.8}}, {"type": "Feature", "geometry": {"type": "Point", "coordinates": [81.45964, 6.804581]}, "properties": {"name": "", "lat": 6.804581, "lon": 81.45964, "elev_m": 201.5, "prominence_m": 60.8}}, {"type": "Feature", "geometry": {"type": "Point", "coordinates": [80.742772, 7.721215]}, "properties": {"name": "", "lat": 7.721215, "lon": 80.742772, "elev_m": 431.4, "prominence_m": 60.7}}, {"type": "Feature", "geometry": {"type": "Point", "coordinates": [80.910152, 7.218497]}, "properties": {"name": "", "lat": 7.218497, "lon": 80.910152, "elev_m": 371.4, "prominence_m": 60.7}}, {"type": "Feature", "geometry": {"type": "Point", "coordinates": [80.748834, 6.399741]}, "properties": {"name": "", "lat": 6.399741, "lon": 80.748834, "elev_m": 301.4, "prominence_m": 60.7}}, {"type": "Feature", "geometry": {"type": "Point", "coordinates": [80.406418, 6.253379]}, "properties": {"name": "", "lat": 6.253379, "lon": 80.406418, "elev_m": 271.4, "prominence_m": 60.7}}, {"type": "Feature", "geometry": {"type": "Point", "coordinates": [80.687292, 6.289314]}, "properties": {"name": "", "lat": 6.289314, "lon": 80.687292, "elev_m": 251.4, "prominence_m": 60.7}}, {"type": "Feature", "geometry": {"type": "Point", "coordinates": [80.93305, 7.443118]}, "properties": {"name": "", "lat": 7.443118, "lon": 80.93305, "elev_m": 231.4, "prominence_m": 60.7}}, {"type": "Feature", "geometry": {"type": "Point", "coordinates": [81.215312, 7.029491]}, "properties": {"name": "", "lat": 7.029491, "lon": 81.215312, "elev_m": 961.3, "prominence_m": 60.6}}, {"type": "Feature", "geometry": {"type": "Point", "coordinates": [81.472083, 6.775536]}, "properties": {"name": "", "lat": 6.775536, "lon": 81.472083, "elev_m": 291.3, "prominence_m": 60.6}}, {"type": "Feature", "geometry": {"type": "Point", "coordinates": [80.301904, 7.229393]}, "properties": {"name": "", "lat": 7.229393, "lon": 80.301904, "elev_m": 221.3, "prominence_m": 60.6}}, {"type": "Feature", "geometry": {"type": "Point", "coordinates": [80.701694, 7.786047]}, "properties": {"name": "", "lat": 7.786047, "lon": 80.701694, "elev_m": 551.2, "prominence_m": 60.5}}, {"type": "Feature", "geometry": {"type": "Point", "coordinates": [80.751274, 6.412221]}, "properties": {"name": "", "lat": 6.412221, "lon": 80.751274, "elev_m": 491.2, "prominence_m": 60.5}}, {"type": "Feature", "geometry": {"type": "Point", "coordinates": [81.33949, 6.395635]}, "properties": {"name": "Vallikanda", "lat": 6.395635, "lon": 81.33949, "elev_m": 321.2, "prominence_m": 60.5}}, {"type": "Feature", "geometry": {"type": "Point", "coordinates": [80.280653, 7.285525]}, "properties": {"name": "", "lat": 7.285525, "lon": 80.280653, "elev_m": 261.2, "prominence_m": 60.5}}, {"type": "Feature", "geometry": {"type": "Point", "coordinates": [80.221334, 6.671814]}, "properties": {"name": "", "lat": 6.671814, "lon": 80.221334, "elev_m": 201.2, "prominence_m": 60.5}}, {"type": "Feature", "geometry": {"type": "Point", "coordinates": [80.495152, 7.068135]}, "properties": {"name": "Stentry Box", "lat": 7.068135, "lon": 80.495152, "elev_m": 1431.1, "prominence_m": 60.4}}, {"type": "Feature", "geometry": {"type": "Point", "coordinates": [80.753676, 7.238049]}, "properties": {"name": "", "lat": 7.238049, "lon": 80.753676, "elev_m": 631.1, "prominence_m": 60.4}}, {"type": "Feature", "geometry": {"type": "Point", "coordinates": [80.967537, 6.708444]}, "properties": {"name": "", "lat": 6.708444, "lon": 80.967537, "elev_m": 621.1, "prominence_m": 60.4}}, {"type": "Feature", "geometry": {"type": "Point", "coordinates": [80.740136, 6.677552]}, "properties": {"name": "", "lat": 6.677552, "lon": 80.740136, "elev_m": 621.1, "prominence_m": 60.4}}, {"type": "Feature", "geometry": {"type": "Point", "coordinates": [81.190692, 6.821977]}, "properties": {"name": "", "lat": 6.821977, "lon": 81.190692, "elev_m": 611.1, "prominence_m": 60.4}}, {"type": "Feature", "geometry": {"type": "Point", "coordinates": [80.673701, 7.685123]}, "properties": {"name": "", "lat": 7.685123, "lon": 80.673701, "elev_m": 561.1, "prominence_m": 60.4}}, {"type": "Feature", "geometry": {"type": "Point", "coordinates": [80.799825, 6.529423]}, "properties": {"name": "", "lat": 6.529423, "lon": 80.799825, "elev_m": 211.1, "prominence_m": 60.4}}, {"type": "Feature", "geometry": {"type": "Point", "coordinates": [81.17161, 7.049334]}, "properties": {"name": "", "lat": 7.049334, "lon": 81.17161, "elev_m": 1441.0, "prominence_m": 60.3}}, {"type": "Feature", "geometry": {"type": "Point", "coordinates": [80.551065, 7.128664]}, "properties": {"name": "", "lat": 7.128664, "lon": 80.551065, "elev_m": 891.0, "prominence_m": 60.3}}, {"type": "Feature", "geometry": {"type": "Point", "coordinates": [80.581116, 6.70383]}, "properties": {"name": "", "lat": 6.70383, "lon": 80.581116, "elev_m": 741.0, "prominence_m": 60.3}}, {"type": "Feature", "geometry": {"type": "Point", "coordinates": [80.271086, 6.575289]}, "properties": {"name": "", "lat": 6.575289, "lon": 80.271086, "elev_m": 301.0, "prominence_m": 60.3}}, {"type": "Feature", "geometry": {"type": "Point", "coordinates": [80.465009, 7.836669]}, "properties": {"name": "", "lat": 7.836669, "lon": 80.465009, "elev_m": 231.0, "prominence_m": 60.3}}, {"type": "Feature", "geometry": {"type": "Point", "coordinates": [80.833973, 6.243197]}, "properties": {"name": "", "lat": 6.243197, "lon": 80.833973, "elev_m": 201.0, "prominence_m": 60.3}}, {"type": "Feature", "geometry": {"type": "Point", "coordinates": [80.713145, 7.605643]}, "properties": {"name": "", "lat": 7.605643, "lon": 80.713145, "elev_m": 1150.9, "prominence_m": 60.2}}, {"type": "Feature", "geometry": {"type": "Point", "coordinates": [80.731661, 7.334356]}, "properties": {"name": "", "lat": 7.334356, "lon": 80.731661, "elev_m": 730.9, "prominence_m": 60.2}}, {"type": "Feature", "geometry": {"type": "Point", "coordinates": [80.871588, 7.273036]}, "properties": {"name": "", "lat": 7.273036, "lon": 80.871588, "elev_m": 560.9, "prominence_m": 60.2}}, {"type": "Feature", "geometry": {"type": "Point", "coordinates": [80.494176, 7.327759]}, "properties": {"name": "", "lat": 7.327759, "lon": 80.494176, "elev_m": 290.9, "prominence_m": 60.2}}, {"type": "Feature", "geometry": {"type": "Point", "coordinates": [80.277414, 7.266532]}, "properties": {"name": "", "lat": 7.266532, "lon": 80.277414, "elev_m": 200.9, "prominence_m": 60.2}}, {"type": "Feature", "geometry": {"type": "Point", "coordinates": [80.365134, 6.347216]}, "properties": {"name": "", "lat": 6.347216, "lon": 80.365134, "elev_m": 200.9, "prominence_m": 60.2}}, {"type": "Feature", "geometry": {"type": "Point", "coordinates": [80.790613, 6.897575]}, "properties": {"name": "", "lat": 6.897575, "lon": 80.790613, "elev_m": 1940.8, "prominence_m": 60.1}}, {"type": "Feature", "geometry": {"type": "Point", "coordinates": [80.785736, 7.390787]}, "properties": {"name": "", "lat": 7.390787, "lon": 80.785736, "elev_m": 1390.8, "prominence_m": 60.1}}, {"type": "Feature", "geometry": {"type": "Point", "coordinates": [80.549261, 6.927635]}, "properties": {"name": "", "lat": 6.927635, "lon": 80.549261, "elev_m": 1270.8, "prominence_m": 60.1}}, {"type": "Feature", "geometry": {"type": "Point", "coordinates": [80.571623, 6.693245]}, "properties": {"name": "", "lat": 6.693245, "lon": 80.571623, "elev_m": 580.8, "prominence_m": 60.1}}, {"type": "Feature", "geometry": {"type": "Point", "coordinates": [80.48788, 7.40046]}, "properties": {"name": "", "lat": 7.40046, "lon": 80.48788, "elev_m": 560.8, "prominence_m": 60.1}}, {"type": "Feature", "geometry": {"type": "Point", "coordinates": [80.605304, 7.34572]}, "properties": {"name": "", "lat": 7.34572, "lon": 80.605304, "elev_m": 540.8, "prominence_m": 60.1}}, {"type": "Feature", "geometry": {"type": "Point", "coordinates": [80.523501, 7.366028]}, "properties": {"name": "", "lat": 7.366028, "lon": 80.523501, "elev_m": 360.8, "prominence_m": 60.1}}, {"type": "Feature", "geometry": {"type": "Point", "coordinates": [81.354545, 6.976711]}, "properties": {"name": "", "lat": 6.976711, "lon": 81.354545, "elev_m": 260.8, "prominence_m": 60.1}}, {"type": "Feature", "geometry": {"type": "Point", "coordinates": [80.248457, 7.169652]}, "properties": {"name": "", "lat": 7.169652, "lon": 80.248457, "elev_m": 250.8, "prominence_m": 60.1}}, {"type": "Feature", "geometry": {"type": "Point", "coordinates": [80.579374, 6.980551]}, "properties": {"name": "", "lat": 6.980551, "lon": 80.579374, "elev_m": 1680.7, "prominence_m": 60.0}}, {"type": "Feature", "geometry": {"type": "Point", "coordinates": [80.360959, 7.112526]}, "properties": {"name": "", "lat": 7.112526, "lon": 80.360959, "elev_m": 420.7, "prominence_m": 60.0}}, {"type": "Feature", "geometry": {"type": "Point", "coordinates": [81.086672, 7.135939]}, "properties": {"name": "", "lat": 7.135939, "lon": 81.086672, "elev_m": 400.7, "prominence_m": 60.0}}, {"type": "Feature", "geometry": {"type": "Point", "coordinates": [80.314305, 7.053341]}, "properties": {"name": "", "lat": 7.053341, "lon": 80.314305, "elev_m": 230.7, "prominence_m": 60.0}}, {"type": "Feature", "geometry": {"type": "Point", "coordinates": [80.29594, 7.21745]}, "properties": {"name": "", "lat": 7.21745, "lon": 80.29594, "elev_m": 230.7, "prominence_m": 60.0}}, {"type": "Feature", "geometry": {"type": "Point", "coordinates": [81.076803, 8.526262]}, "properties": {"name": "", "lat": 8.526262, "lon": 81.076803, "elev_m": 200.7, "prominence_m": 60.0}}, {"type": "Feature", "geometry": {"type": "Point", "coordinates": [80.415348, 6.277802]}, "properties": {"name": "", "lat": 6.277802, "lon": 80.415348, "elev_m": 200.7, "prominence_m": 60.0}}, {"type": "Feature", "geometry": {"type": "Point", "coordinates": [80.492334, 7.654929]}, "properties": {"name": "", "lat": 7.654929, "lon": 80.492334, "elev_m": 200.7, "prominence_m": 60.0}}, {"type": "Feature", "geometry": {"type": "Point", "coordinates": [81.069, 6.664444]}, "properties": {"name": "", "lat": 6.664444, "lon": 81.069, "elev_m": 370.6, "prominence_m": 59.9}}, {"type": "Feature", "geometry": {"type": "Point", "coordinates": [80.497008, 6.184253]}, "properties": {"name": "", "lat": 6.184253, "lon": 80.497008, "elev_m": 330.6, "prominence_m": 59.9}}, {"type": "Feature", "geometry": {"type": "Point", "coordinates": [80.30175, 6.27337]}, "properties": {"name": "", "lat": 6.27337, "lon": 80.30175, "elev_m": 320.6, "prominence_m": 59.9}}, {"type": "Feature", "geometry": {"type": "Point", "coordinates": [80.345614, 7.257107]}, "properties": {"name": "", "lat": 7.257107, "lon": 80.345614, "elev_m": 280.6, "prominence_m": 59.9}}, {"type": "Feature", "geometry": {"type": "Point", "coordinates": [80.218941, 7.095015]}, "properties": {"name": "", "lat": 7.095015, "lon": 80.218941, "elev_m": 260.6, "prominence_m": 59.9}}, {"type": "Feature", "geometry": {"type": "Point", "coordinates": [80.420799, 7.344255]}, "properties": {"name": "", "lat": 7.344255, "lon": 80.420799, "elev_m": 250.6, "prominence_m": 59.9}}, {"type": "Feature", "geometry": {"type": "Point", "coordinates": [81.173228, 7.035768]}, "properties": {"name": "", "lat": 7.035768, "lon": 81.173228, "elev_m": 1450.5, "prominence_m": 59.8}}, {"type": "Feature", "geometry": {"type": "Point", "coordinates": [80.58251, 7.272462]}, "properties": {"name": "", "lat": 7.272462, "lon": 80.58251, "elev_m": 620.5, "prominence_m": 59.8}}, {"type": "Feature", "geometry": {"type": "Point", "coordinates": [80.752044, 7.281727]}, "properties": {"name": "", "lat": 7.281727, "lon": 80.752044, "elev_m": 590.5, "prominence_m": 59.8}}, {"type": "Feature", "geometry": {"type": "Point", "coordinates": [80.563492, 7.270555]}, "properties": {"name": "", "lat": 7.270555, "lon": 80.563492, "elev_m": 570.5, "prominence_m": 59.8}}, {"type": "Feature", "geometry": {"type": "Point", "coordinates": [80.855457, 6.667509]}, "properties": {"name": "", "lat": 6.667509, "lon": 80.855457, "elev_m": 480.5, "prominence_m": 59.8}}, {"type": "Feature", "geometry": {"type": "Point", "coordinates": [80.582117, 6.21522]}, "properties": {"name": "", "lat": 6.21522, "lon": 80.582117, "elev_m": 390.5, "prominence_m": 59.8}}, {"type": "Feature", "geometry": {"type": "Point", "coordinates": [81.272213, 6.913595]}, "properties": {"name": "", "lat": 6.913595, "lon": 81.272213, "elev_m": 350.5, "prominence_m": 59.8}}, {"type": "Feature", "geometry": {"type": "Point", "coordinates": [80.253101, 6.651502]}, "properties": {"name": "", "lat": 6.651502, "lon": 80.253101, "elev_m": 290.5, "prominence_m": 59.8}}, {"type": "Feature", "geometry": {"type": "Point", "coordinates": [81.352721, 6.815571]}, "properties": {"name": "", "lat": 6.815571, "lon": 81.352721, "elev_m": 220.5, "prominence_m": 59.8}}, {"type": "Feature", "geometry": {"type": "Point", "coordinates": [80.76944, 6.795025]}, "properties": {"name": "", "lat": 6.795025, "lon": 80.76944, "elev_m": 2330.4, "prominence_m": 59.7}}, {"type": "Feature", "geometry": {"type": "Point", "coordinates": [81.004847, 6.990303]}, "properties": {"name": "", "lat": 6.990303, "lon": 81.004847, "elev_m": 1010.4, "prominence_m": 59.7}}, {"type": "Feature", "geometry": {"type": "Point", "coordinates": [80.369615, 6.838261]}, "properties": {"name": "", "lat": 6.838261, "lon": 80.369615, "elev_m": 560.4, "prominence_m": 59.7}}, {"type": "Feature", "geometry": {"type": "Point", "coordinates": [81.217584, 6.844742]}, "properties": {"name": "", "lat": 6.844742, "lon": 81.217584, "elev_m": 490.4, "prominence_m": 59.7}}, {"type": "Feature", "geometry": {"type": "Point", "coordinates": [80.961782, 7.25646]}, "properties": {"name": "", "lat": 7.25646, "lon": 80.961782, "elev_m": 490.4, "prominence_m": 59.7}}, {"type": "Feature", "geometry": {"type": "Point", "coordinates": [80.212638, 6.915961]}, "properties": {"name": "", "lat": 6.915961, "lon": 80.212638, "elev_m": 280.4, "prominence_m": 59.7}}, {"type": "Feature", "geometry": {"type": "Point", "coordinates": [80.14773, 8.072861]}, "properties": {"name": "", "lat": 8.072861, "lon": 80.14773, "elev_m": 240.4, "prominence_m": 59.7}}, {"type": "Feature", "geometry": {"type": "Point", "coordinates": [80.496381, 7.704305]}, "properties": {"name": "", "lat": 7.704305, "lon": 80.496381, "elev_m": 240.4, "prominence_m": 59.7}}, {"type": "Feature", "geometry": {"type": "Point", "coordinates": [80.915694, 6.663155]}, "properties": {"name": "", "lat": 6.663155, "lon": 80.915694, "elev_m": 230.4, "prominence_m": 59.7}}, {"type": "Feature", "geometry": {"type": "Point", "coordinates": [80.75643, 6.348736]}, "properties": {"name": "", "lat": 6.348736, "lon": 80.75643, "elev_m": 210.4, "prominence_m": 59.7}}, {"type": "Feature", "geometry": {"type": "Point", "coordinates": [80.81042, 6.754329]}, "properties": {"name": "", "lat": 6.754329, "lon": 80.81042, "elev_m": 1980.3, "prominence_m": 59.6}}, {"type": "Feature", "geometry": {"type": "Point", "coordinates": [80.867461, 7.012596]}, "properties": {"name": "", "lat": 7.012596, "lon": 80.867461, "elev_m": 1570.3, "prominence_m": 59.6}}, {"type": "Feature", "geometry": {"type": "Point", "coordinates": [81.100968, 6.993502]}, "properties": {"name": "", "lat": 6.993502, "lon": 81.100968, "elev_m": 1110.3, "prominence_m": 59.6}}, {"type": "Feature", "geometry": {"type": "Point", "coordinates": [80.758567, 7.209564]}, "properties": {"name": "", "lat": 7.209564, "lon": 80.758567, "elev_m": 790.3, "prominence_m": 59.6}}, {"type": "Feature", "geometry": {"type": "Point", "coordinates": [80.619213, 7.199499]}, "properties": {"name": "", "lat": 7.199499, "lon": 80.619213, "elev_m": 680.3, "prominence_m": 59.6}}, {"type": "Feature", "geometry": {"type": "Point", "coordinates": [80.565559, 6.266489]}, "properties": {"name": "", "lat": 6.266489, "lon": 80.565559, "elev_m": 350.3, "prominence_m": 59.6}}, {"type": "Feature", "geometry": {"type": "Point", "coordinates": [81.330906, 6.725801]}, "properties": {"name": "", "lat": 6.725801, "lon": 81.330906, "elev_m": 320.3, "prominence_m": 59.6}}, {"type": "Feature", "geometry": {"type": "Point", "coordinates": [80.327747, 6.910657]}, "properties": {"name": "", "lat": 6.910657, "lon": 80.327747, "elev_m": 320.3, "prominence_m": 59.6}}, {"type": "Feature", "geometry": {"type": "Point", "coordinates": [80.247431, 7.116479]}, "properties": {"name": "", "lat": 7.116479, "lon": 80.247431, "elev_m": 310.3, "prominence_m": 59.6}}, {"type": "Feature", "geometry": {"type": "Point", "coordinates": [80.468788, 6.68017]}, "properties": {"name": "", "lat": 6.68017, "lon": 80.468788, "elev_m": 280.3, "prominence_m": 59.6}}, {"type": "Feature", "geometry": {"type": "Point", "coordinates": [80.857342, 8.085814]}, "properties": {"name": "", "lat": 8.085814, "lon": 80.857342, "elev_m": 250.3, "prominence_m": 59.6}}, {"type": "Feature", "geometry": {"type": "Point", "coordinates": [80.519478, 6.245036]}, "properties": {"name": "", "lat": 6.245036, "lon": 80.519478, "elev_m": 250.3, "prominence_m": 59.6}}, {"type": "Feature", "geometry": {"type": "Point", "coordinates": [80.287835, 6.366954]}, "properties": {"name": "", "lat": 6.366954, "lon": 80.287835, "elev_m": 220.3, "prominence_m": 59.6}}, {"type": "Feature", "geometry": {"type": "Point", "coordinates": [80.312764, 6.963544]}, "properties": {"name": "", "lat": 6.963544, "lon": 80.312764, "elev_m": 210.3, "prominence_m": 59.6}}, {"type": "Feature", "geometry": {"type": "Point", "coordinates": [80.79907, 7.731524]}, "properties": {"name": "", "lat": 7.731524, "lon": 80.79907, "elev_m": 200.3, "prominence_m": 59.6}}, {"type": "Feature", "geometry": {"type": "Point", "coordinates": [80.776496, 6.966213]}, "properties": {"name": "", "lat": 6.966213, "lon": 80.776496, "elev_m": 1960.2, "prominence_m": 59.5}}, {"type": "Feature", "geometry": {"type": "Point", "coordinates": [80.684731, 6.941245]}, "properties": {"name": "", "lat": 6.941245, "lon": 80.684731, "elev_m": 1430.2, "prominence_m": 59.5}}, {"type": "Feature", "geometry": {"type": "Point", "coordinates": [81.026239, 6.878791]}, "properties": {"name": "", "lat": 6.878791, "lon": 81.026239, "elev_m": 1250.2, "prominence_m": 59.5}}, {"type": "Feature", "geometry": {"type": "Point", "coordinates": [80.987457, 6.960198]}, "properties": {"name": "", "lat": 6.960198, "lon": 80.987457, "elev_m": 1020.2, "prominence_m": 59.5}}, {"type": "Feature", "geometry": {"type": "Point", "coordinates": [80.864151, 6.72882]}, "properties": {"name": "", "lat": 6.72882, "lon": 80.864151, "elev_m": 610.2, "prominence_m": 59.5}}, {"type": "Feature", "geometry": {"type": "Point", "coordinates": [80.633235, 7.522068]}, "properties": {"name": "", "lat": 7.522068, "lon": 80.633235, "elev_m": 430.2, "prominence_m": 59.5}}, {"type": "Feature", "geometry": {"type": "Point", "coordinates": [81.320074, 7.440642]}, "properties": {"name": "", "lat": 7.440642, "lon": 81.320074, "elev_m": 300.2, "prominence_m": 59.5}}, {"type": "Feature", "geometry": {"type": "Point", "coordinates": [80.347823, 6.295385]}, "properties": {"name": "", "lat": 6.295385, "lon": 80.347823, "elev_m": 240.2, "prominence_m": 59.5}}, {"type": "Feature", "geometry": {"type": "Point", "coordinates": [80.767545, 6.522912]}, "properties": {"name": "", "lat": 6.522912, "lon": 80.767545, "elev_m": 200.2, "prominence_m": 59.5}}, {"type": "Feature", "geometry": {"type": "Point", "coordinates": [80.404317, 7.867003]}, "properties": {"name": "", "lat": 7.867003, "lon": 80.404317, "elev_m": 200.2, "prominence_m": 59.5}}, {"type": "Feature", "geometry": {"type": "Point", "coordinates": [80.494958, 6.938457]}, "properties": {"name": "", "lat": 6.938457, "lon": 80.494958, "elev_m": 950.1, "prominence_m": 59.4}}, {"type": "Feature", "geometry": {"type": "Point", "coordinates": [80.587268, 6.214136]}, "properties": {"name": "", "lat": 6.214136, "lon": 80.587268, "elev_m": 390.1, "prominence_m": 59.4}}, {"type": "Feature", "geometry": {"type": "Point", "coordinates": [80.208831, 6.689976]}, "properties": {"name": "", "lat": 6.689976, "lon": 80.208831, "elev_m": 260.1, "prominence_m": 59.4}}, {"type": "Feature", "geometry": {"type": "Point", "coordinates": [81.294606, 7.275463]}, "properties": {"name": "", "lat": 7.275463, "lon": 81.294606, "elev_m": 210.1, "prominence_m": 59.4}}, {"type": "Feature", "geometry": {"type": "Point", "coordinates": [80.30756, 7.275788]}, "properties": {"name": "", "lat": 7.275788, "lon": 80.30756, "elev_m": 210.1, "prominence_m": 59.4}}, {"type": "Feature", "geometry": {"type": "Point", "coordinates": [80.765627, 7.356061]}, "properties": {"name": "", "lat": 7.356061, "lon": 80.765627, "elev_m": 950.0, "prominence_m": 59.3}}, {"type": "Feature", "geometry": {"type": "Point", "coordinates": [80.650038, 7.697324]}, "properties": {"name": "", "lat": 7.697324, "lon": 80.650038, "elev_m": 390.0, "prominence_m": 59.3}}, {"type": "Feature", "geometry": {"type": "Point", "coordinates": [80.385577, 6.206158]}, "properties": {"name": "", "lat": 6.206158, "lon": 80.385577, "elev_m": 340.0, "prominence_m": 59.3}}, {"type": "Feature", "geometry": {"type": "Point", "coordinates": [80.319189, 6.480925]}, "properties": {"name": "", "lat": 6.480925, "lon": 80.319189, "elev_m": 340.0, "prominence_m": 59.3}}, {"type": "Feature", "geometry": {"type": "Point", "coordinates": [80.288086, 6.387572]}, "properties": {"name": "", "lat": 6.387572, "lon": 80.288086, "elev_m": 270.0, "prominence_m": 59.3}}, {"type": "Feature", "geometry": {"type": "Point", "coordinates": [80.798801, 7.782255]}, "properties": {"name": "", "lat": 7.782255, "lon": 80.798801, "elev_m": 210.0, "prominence_m": 59.3}}, {"type": "Feature", "geometry": {"type": "Point", "coordinates": [80.368107, 6.360512]}, "properties": {"name": "", "lat": 6.360512, "lon": 80.368107, "elev_m": 200.0, "prominence_m": 59.3}}, {"type": "Feature", "geometry": {"type": "Point", "coordinates": [80.738167, 7.521547]}, "properties": {"name": "", "lat": 7.521547, "lon": 80.738167, "elev_m": 1319.9, "prominence_m": 59.2}}, {"type": "Feature", "geometry": {"type": "Point", "coordinates": [81.454215, 6.997738]}, "properties": {"name": "", "lat": 6.997738, "lon": 81.454215, "elev_m": 519.9, "prominence_m": 59.2}}, {"type": "Feature", "geometry": {"type": "Point", "coordinates": [80.740584, 7.870693]}, "properties": {"name": "", "lat": 7.870693, "lon": 80.740584, "elev_m": 519.9, "prominence_m": 59.2}}, {"type": "Feature", "geometry": {"type": "Point", "coordinates": [81.522389, 7.347031]}, "properties": {"name": "", "lat": 7.347031, "lon": 81.522389, "elev_m": 429.9, "prominence_m": 59.2}}, {"type": "Feature", "geometry": {"type": "Point", "coordinates": [81.145343, 6.794342]}, "properties": {"name": "", "lat": 6.794342, "lon": 81.145343, "elev_m": 349.9, "prominence_m": 59.2}}, {"type": "Feature", "geometry": {"type": "Point", "coordinates": [81.246087, 6.848241]}, "properties": {"name": "", "lat": 6.848241, "lon": 81.246087, "elev_m": 339.9, "prominence_m": 59.2}}, {"type": "Feature", "geometry": {"type": "Point", "coordinates": [80.306566, 6.917419]}, "properties": {"name": "", "lat": 6.917419, "lon": 80.306566, "elev_m": 279.9, "prominence_m": 59.2}}, {"type": "Feature", "geometry": {"type": "Point", "coordinates": [80.319493, 7.024319]}, "properties": {"name": "", "lat": 7.024319, "lon": 80.319493, "elev_m": 209.9, "prominence_m": 59.2}}, {"type": "Feature", "geometry": {"type": "Point", "coordinates": [80.591814, 6.392654]}, "properties": {"name": "", "lat": 6.392654, "lon": 80.591814, "elev_m": 1119.8, "prominence_m": 59.1}}, {"type": "Feature", "geometry": {"type": "Point", "coordinates": [80.621615, 6.490604]}, "properties": {"name": "", "lat": 6.490604, "lon": 80.621615, "elev_m": 489.8, "prominence_m": 59.1}}, {"type": "Feature", "geometry": {"type": "Point", "coordinates": [81.408871, 6.996445]}, "properties": {"name": "", "lat": 6.996445, "lon": 81.408871, "elev_m": 419.8, "prominence_m": 59.1}}, {"type": "Feature", "geometry": {"type": "Point", "coordinates": [80.439816, 7.349967]}, "properties": {"name": "", "lat": 7.349967, "lon": 80.439816, "elev_m": 319.8, "prominence_m": 59.1}}, {"type": "Feature", "geometry": {"type": "Point", "coordinates": [80.8028, 6.349821]}, "properties": {"name": "", "lat": 6.349821, "lon": 80.8028, "elev_m": 279.8, "prominence_m": 59.1}}, {"type": "Feature", "geometry": {"type": "Point", "coordinates": [80.334152, 6.428037]}, "properties": {"name": "", "lat": 6.428037, "lon": 80.334152, "elev_m": 219.8, "prominence_m": 59.1}}, {"type": "Feature", "geometry": {"type": "Point", "coordinates": [81.033621, 6.976995]}, "properties": {"name": "", "lat": 6.976995, "lon": 81.033621, "elev_m": 1059.7, "prominence_m": 59.0}}, {"type": "Feature", "geometry": {"type": "Point", "coordinates": [80.987308, 6.618636]}, "properties": {"name": "", "lat": 6.618636, "lon": 80.987308, "elev_m": 389.7, "prominence_m": 59.0}}, {"type": "Feature", "geometry": {"type": "Point", "coordinates": [80.574774, 6.275175]}, "properties": {"name": "", "lat": 6.275175, "lon": 80.574774, "elev_m": 379.7, "prominence_m": 59.0}}, {"type": "Feature", "geometry": {"type": "Point", "coordinates": [80.69736, 7.686755]}, "properties": {"name": "", "lat": 7.686755, "lon": 80.69736, "elev_m": 289.7, "prominence_m": 59.0}}, {"type": "Feature", "geometry": {"type": "Point", "coordinates": [81.514718, 7.472099]}, "properties": {"name": "", "lat": 7.472099, "lon": 81.514718, "elev_m": 219.7, "prominence_m": 59.0}}, {"type": "Feature", "geometry": {"type": "Point", "coordinates": [80.474068, 6.9143]}, "properties": {"name": "", "lat": 6.9143, "lon": 80.474068, "elev_m": 789.6, "prominence_m": 58.9}}, {"type": "Feature", "geometry": {"type": "Point", "coordinates": [80.703876, 7.750238]}, "properties": {"name": "", "lat": 7.750238, "lon": 80.703876, "elev_m": 749.6, "prominence_m": 58.9}}, {"type": "Feature", "geometry": {"type": "Point", "coordinates": [80.474891, 6.459338]}, "properties": {"name": "", "lat": 6.459338, "lon": 80.474891, "elev_m": 659.6, "prominence_m": 58.9}}, {"type": "Feature", "geometry": {"type": "Point", "coordinates": [80.353346, 6.502659]}, "properties": {"name": "", "lat": 6.502659, "lon": 80.353346, "elev_m": 429.6, "prominence_m": 58.9}}, {"type": "Feature", "geometry": {"type": "Point", "coordinates": [80.393697, 6.932147]}, "properties": {"name": "", "lat": 6.932147, "lon": 80.393697, "elev_m": 329.6, "prominence_m": 58.9}}, {"type": "Feature", "geometry": {"type": "Point", "coordinates": [80.235158, 7.160684]}, "properties": {"name": "", "lat": 7.160684, "lon": 80.235158, "elev_m": 299.6, "prominence_m": 58.9}}, {"type": "Feature", "geometry": {"type": "Point", "coordinates": [80.382553, 6.613641]}, "properties": {"name": "", "lat": 6.613641, "lon": 80.382553, "elev_m": 259.6, "prominence_m": 58.9}}, {"type": "Feature", "geometry": {"type": "Point", "coordinates": [80.258536, 6.643912]}, "properties": {"name": "", "lat": 6.643912, "lon": 80.258536, "elev_m": 209.6, "prominence_m": 58.9}}, {"type": "Feature", "geometry": {"type": "Point", "coordinates": [80.598303, 6.448002]}, "properties": {"name": "", "lat": 6.448002, "lon": 80.598303, "elev_m": 1299.5, "prominence_m": 58.8}}, {"type": "Feature", "geometry": {"type": "Point", "coordinates": [80.66126, 7.426582]}, "properties": {"name": "", "lat": 7.426582, "lon": 80.66126, "elev_m": 579.5, "prominence_m": 58.8}}, {"type": "Feature", "geometry": {"type": "Point", "coordinates": [80.579397, 7.552431]}, "properties": {"name": "", "lat": 7.552431, "lon": 80.579397, "elev_m": 549.5, "prominence_m": 58.8}}, {"type": "Feature", "geometry": {"type": "Point", "coordinates": [80.20668, 6.903746]}, "properties": {"name": "", "lat": 6.903746, "lon": 80.20668, "elev_m": 299.5, "prominence_m": 58.8}}, {"type": "Feature", "geometry": {"type": "Point", "coordinates": [80.932786, 7.467534]}, "properties": {"name": "", "lat": 7.467534, "lon": 80.932786, "elev_m": 229.5, "prominence_m": 58.8}}, {"type": "Feature", "geometry": {"type": "Point", "coordinates": [80.476383, 7.114514]}, "properties": {"name": "", "lat": 7.114514, "lon": 80.476383, "elev_m": 909.4, "prominence_m": 58.7}}, {"type": "Feature", "geometry": {"type": "Point", "coordinates": [80.538596, 7.080639]}, "properties": {"name": "", "lat": 7.080639, "lon": 80.538596, "elev_m": 809.4, "prominence_m": 58.7}}, {"type": "Feature", "geometry": {"type": "Point", "coordinates": [80.752903, 6.382106]}, "properties": {"name": "", "lat": 6.382106, "lon": 80.752903, "elev_m": 419.4, "prominence_m": 58.7}}, {"type": "Feature", "geometry": {"type": "Point", "coordinates": [80.769967, 7.844651]}, "properties": {"name": "", "lat": 7.844651, "lon": 80.769967, "elev_m": 379.4, "prominence_m": 58.7}}, {"type": "Feature", "geometry": {"type": "Point", "coordinates": [80.230623, 6.856299]}, "properties": {"name": "", "lat": 6.856299, "lon": 80.230623, "elev_m": 259.4, "prominence_m": 58.7}}, {"type": "Feature", "geometry": {"type": "Point", "coordinates": [81.32899, 6.711426]}, "properties": {"name": "", "lat": 6.711426, "lon": 81.32899, "elev_m": 239.4, "prominence_m": 58.7}}, {"type": "Feature", "geometry": {"type": "Point", "coordinates": [80.89693, 7.548118]}, "properties": {"name": "", "lat": 7.548118, "lon": 80.89693, "elev_m": 229.4, "prominence_m": 58.7}}, {"type": "Feature", "geometry": {"type": "Point", "coordinates": [80.628552, 6.873678]}, "properties": {"name": "", "lat": 6.873678, "lon": 80.628552, "elev_m": 1399.3, "prominence_m": 58.6}}, {"type": "Feature", "geometry": {"type": "Point", "coordinates": [80.694659, 7.589905]}, "properties": {"name": "", "lat": 7.589905, "lon": 80.694659, "elev_m": 999.3, "prominence_m": 58.6}}, {"type": "Feature", "geometry": {"type": "Point", "coordinates": [80.99131, 7.074139]}, "properties": {"name": "", "lat": 7.074139, "lon": 80.99131, "elev_m": 779.3, "prominence_m": 58.6}}, {"type": "Feature", "geometry": {"type": "Point", "coordinates": [80.485239, 7.282177]}, "properties": {"name": "", "lat": 7.282177, "lon": 80.485239, "elev_m": 669.3, "prominence_m": 58.6}}, {"type": "Feature", "geometry": {"type": "Point", "coordinates": [80.788978, 6.678909]}, "properties": {"name": "", "lat": 6.678909, "lon": 80.788978, "elev_m": 519.3, "prominence_m": 58.6}}, {"type": "Feature", "geometry": {"type": "Point", "coordinates": [81.497779, 7.076885]}, "properties": {"name": "", "lat": 7.076885, "lon": 81.497779, "elev_m": 369.3, "prominence_m": 58.6}}, {"type": "Feature", "geometry": {"type": "Point", "coordinates": [80.448776, 6.150042]}, "properties": {"name": "", "lat": 6.150042, "lon": 80.448776, "elev_m": 309.3, "prominence_m": 58.6}}, {"type": "Feature", "geometry": {"type": "Point", "coordinates": [80.526112, 7.552404]}, "properties": {"name": "", "lat": 7.552404, "lon": 80.526112, "elev_m": 309.3, "prominence_m": 58.6}}, {"type": "Feature", "geometry": {"type": "Point", "coordinates": [80.690018, 7.686483]}, "properties": {"name": "", "lat": 7.686483, "lon": 80.690018, "elev_m": 289.3, "prominence_m": 58.6}}, {"type": "Feature", "geometry": {"type": "Point", "coordinates": [80.181248, 7.051563]}, "properties": {"name": "", "lat": 7.051563, "lon": 80.181248, "elev_m": 249.3, "prominence_m": 58.6}}, {"type": "Feature", "geometry": {"type": "Point", "coordinates": [80.774864, 7.811826]}, "properties": {"name": "", "lat": 7.811826, "lon": 80.774864, "elev_m": 229.3, "prominence_m": 58.6}}, {"type": "Feature", "geometry": {"type": "Point", "coordinates": [80.595139, 6.936336]}, "properties": {"name": "", "lat": 6.936336, "lon": 80.595139, "elev_m": 1329.2, "prominence_m": 58.5}}, {"type": "Feature", "geometry": {"type": "Point", "coordinates": [80.448079, 6.397195]}, "properties": {"name": "", "lat": 6.397195, "lon": 80.448079, "elev_m": 649.2, "prominence_m": 58.5}}, {"type": "Feature", "geometry": {"type": "Point", "coordinates": [80.687059, 7.526422]}, "properties": {"name": "", "lat": 7.526422, "lon": 80.687059, "elev_m": 559.2, "prominence_m": 58.5}}, {"type": "Feature", "geometry": {"type": "Point", "coordinates": [80.660451, 6.277371]}, "properties": {"name": "", "lat": 6.277371, "lon": 80.660451, "elev_m": 559.2, "prominence_m": 58.5}}, {"type": "Feature", "geometry": {"type": "Point", "coordinates": [80.382064, 6.882763]}, "properties": {"name": "", "lat": 6.882763, "lon": 80.382064, "elev_m": 519.2, "prominence_m": 58.5}}, {"type": "Feature", "geometry": {"type": "Point", "coordinates": [80.626143, 7.593685]}, "properties": {"name": "", "lat": 7.593685, "lon": 80.626143, "elev_m": 429.2, "prominence_m": 58.5}}, {"type": "Feature", "geometry": {"type": "Point", "coordinates": [80.483036, 6.900198]}, "properties": {"name": "Saptha Kanya 1", "lat": 6.900198, "lon": 80.483036, "elev_m": 1149.1, "prominence_m": 58.4}}, {"type": "Feature", "geometry": {"type": "Point", "coordinates": [80.956778, 6.963466]}, "properties": {"name": "", "lat": 6.963466, "lon": 80.956778, "elev_m": 1029.1, "prominence_m": 58.4}}, {"type": "Feature", "geometry": {"type": "Point", "coordinates": [80.6284, 7.350069]}, "properties": {"name": "", "lat": 7.350069, "lon": 80.6284, "elev_m": 559.1, "prominence_m": 58.4}}, {"type": "Feature", "geometry": {"type": "Point", "coordinates": [80.879293, 7.688921]}, "properties": {"name": "", "lat": 7.688921, "lon": 80.879293, "elev_m": 389.1, "prominence_m": 58.4}}, {"type": "Feature", "geometry": {"type": "Point", "coordinates": [81.259641, 6.830052]}, "properties": {"name": "", "lat": 6.830052, "lon": 81.259641, "elev_m": 369.1, "prominence_m": 58.4}}, {"type": "Feature", "geometry": {"type": "Point", "coordinates": [81.591272, 7.122033]}, "properties": {"name": "", "lat": 7.122033, "lon": 81.591272, "elev_m": 299.1, "prominence_m": 58.4}}, {"type": "Feature", "geometry": {"type": "Point", "coordinates": [81.377607, 7.378717]}, "properties": {"name": "", "lat": 7.378717, "lon": 81.377607, "elev_m": 299.1, "prominence_m": 58.4}}, {"type": "Feature", "geometry": {"type": "Point", "coordinates": [80.311535, 6.245164]}, "properties": {"name": "", "lat": 6.245164, "lon": 80.311535, "elev_m": 269.1, "prominence_m": 58.4}}, {"type": "Feature", "geometry": {"type": "Point", "coordinates": [80.770242, 7.696258]}, "properties": {"name": "", "lat": 7.696258, "lon": 80.770242, "elev_m": 209.1, "prominence_m": 58.4}}, {"type": "Feature", "geometry": {"type": "Point", "coordinates": [80.557421, 6.894541]}, "properties": {"name": "", "lat": 6.894541, "lon": 80.557421, "elev_m": 1359.0, "prominence_m": 58.3}}, {"type": "Feature", "geometry": {"type": "Point", "coordinates": [80.340764, 6.623102]}, "properties": {"name": "", "lat": 6.623102, "lon": 80.340764, "elev_m": 759.0, "prominence_m": 58.3}}, {"type": "Feature", "geometry": {"type": "Point", "coordinates": [80.5988, 7.299598]}, "properties": {"name": "", "lat": 7.299598, "lon": 80.5988, "elev_m": 659.0, "prominence_m": 58.3}}, {"type": "Feature", "geometry": {"type": "Point", "coordinates": [80.56054, 7.195406]}, "properties": {"name": "", "lat": 7.195406, "lon": 80.56054, "elev_m": 629.0, "prominence_m": 58.3}}, {"type": "Feature", "geometry": {"type": "Point", "coordinates": [80.669968, 7.382364]}, "properties": {"name": "", "lat": 7.382364, "lon": 80.669968, "elev_m": 599.0, "prominence_m": 58.3}}, {"type": "Feature", "geometry": {"type": "Point", "coordinates": [80.581248, 6.363079]}, "properties": {"name": "", "lat": 6.363079, "lon": 80.581248, "elev_m": 569.0, "prominence_m": 58.3}}, {"type": "Feature", "geometry": {"type": "Point", "coordinates": [81.088897, 6.804148]}, "properties": {"name": "", "lat": 6.804148, "lon": 81.088897, "elev_m": 509.0, "prominence_m": 58.3}}, {"type": "Feature", "geometry": {"type": "Point", "coordinates": [81.522131, 7.354899]}, "properties": {"name": "", "lat": 7.354899, "lon": 81.522131, "elev_m": 409.0, "prominence_m": 58.3}}, {"type": "Feature", "geometry": {"type": "Point", "coordinates": [80.35187, 6.952729]}, "properties": {"name": "", "lat": 6.952729, "lon": 80.35187, "elev_m": 339.0, "prominence_m": 58.3}}, {"type": "Feature", "geometry": {"type": "Point", "coordinates": [80.384463, 6.24658]}, "properties": {"name": "", "lat": 6.24658, "lon": 80.384463, "elev_m": 329.0, "prominence_m": 58.3}}, {"type": "Feature", "geometry": {"type": "Point", "coordinates": [80.329304, 6.986619]}, "properties": {"name": "", "lat": 6.986619, "lon": 80.329304, "elev_m": 249.0, "prominence_m": 58.3}}, {"type": "Feature", "geometry": {"type": "Point", "coordinates": [80.900149, 8.310422]}, "properties": {"name": "", "lat": 8.310422, "lon": 80.900149, "elev_m": 239.0, "prominence_m": 58.3}}, {"type": "Feature", "geometry": {"type": "Point", "coordinates": [80.168703, 7.092781]}, "properties": {"name": "", "lat": 7.092781, "lon": 80.168703, "elev_m": 209.0, "prominence_m": 58.3}}, {"type": "Feature", "geometry": {"type": "Point", "coordinates": [80.523728, 6.95231]}, "properties": {"name": "Trafalgar", "lat": 6.95231, "lon": 80.523728, "elev_m": 1228.9, "prominence_m": 58.2}}, {"type": "Feature", "geometry": {"type": "Point", "coordinates": [81.187676, 7.099237]}, "properties": {"name": "", "lat": 7.099237, "lon": 81.187676, "elev_m": 968.9, "prominence_m": 58.2}}, {"type": "Feature", "geometry": {"type": "Point", "coordinates": [80.565634, 7.337836]}, "properties": {"name": "", "lat": 7.337836, "lon": 80.565634, "elev_m": 598.9, "prominence_m": 58.2}}, {"type": "Feature", "geometry": {"type": "Point", "coordinates": [81.176038, 6.825516]}, "properties": {"name": "", "lat": 6.825516, "lon": 81.176038, "elev_m": 468.9, "prominence_m": 58.2}}, {"type": "Feature", "geometry": {"type": "Point", "coordinates": [80.36165, 6.946227]}, "properties": {"name": "", "lat": 6.946227, "lon": 80.36165, "elev_m": 358.9, "prominence_m": 58.2}}, {"type": "Feature", "geometry": {"type": "Point", "coordinates": [80.71041, 7.711716]}, "properties": {"name": "", "lat": 7.711716, "lon": 80.71041, "elev_m": 328.9, "prominence_m": 58.2}}, {"type": "Feature", "geometry": {"type": "Point", "coordinates": [80.34462, 6.864011]}, "properties": {"name": "", "lat": 6.864011, "lon": 80.34462, "elev_m": 318.9, "prominence_m": 58.2}}, {"type": "Feature", "geometry": {"type": "Point", "coordinates": [80.856333, 7.042711]}, "properties": {"name": "", "lat": 7.042711, "lon": 80.856333, "elev_m": 1918.8, "prominence_m": 58.1}}, {"type": "Feature", "geometry": {"type": "Point", "coordinates": [80.663223, 7.184048]}, "properties": {"name": "", "lat": 7.184048, "lon": 80.663223, "elev_m": 988.8, "prominence_m": 58.1}}, {"type": "Feature", "geometry": {"type": "Point", "coordinates": [80.888727, 7.363372]}, "properties": {"name": "", "lat": 7.363372, "lon": 80.888727, "elev_m": 668.8, "prominence_m": 58.1}}, {"type": "Feature", "geometry": {"type": "Point", "coordinates": [80.644976, 7.347904]}, "properties": {"name": "", "lat": 7.347904, "lon": 80.644976, "elev_m": 568.8, "prominence_m": 58.1}}, {"type": "Feature", "geometry": {"type": "Point", "coordinates": [80.640805, 7.655543]}, "properties": {"name": "", "lat": 7.655543, "lon": 80.640805, "elev_m": 388.8, "prominence_m": 58.1}}, {"type": "Feature", "geometry": {"type": "Point", "coordinates": [80.30033, 6.909003]}, "properties": {"name": "", "lat": 6.909003, "lon": 80.30033, "elev_m": 288.8, "prominence_m": 58.1}}, {"type": "Feature", "geometry": {"type": "Point", "coordinates": [80.377183, 6.193672]}, "properties": {"name": "", "lat": 6.193672, "lon": 80.377183, "elev_m": 238.8, "prominence_m": 58.1}}, {"type": "Feature", "geometry": {"type": "Point", "coordinates": [80.676874, 6.862296]}, "properties": {"name": "", "lat": 6.862296, "lon": 80.676874, "elev_m": 1518.7, "prominence_m": 58.0}}, {"type": "Feature", "geometry": {"type": "Point", "coordinates": [80.474129, 6.818262]}, "properties": {"name": "", "lat": 6.818262, "lon": 80.474129, "elev_m": 1378.7, "prominence_m": 58.0}}, {"type": "Feature", "geometry": {"type": "Point", "coordinates": [80.874069, 7.438252]}, "properties": {"name": "", "lat": 7.438252, "lon": 80.874069, "elev_m": 738.7, "prominence_m": 58.0}}, {"type": "Feature", "geometry": {"type": "Point", "coordinates": [80.673765, 7.412478]}, "properties": {"name": "", "lat": 7.412478, "lon": 80.673765, "elev_m": 698.7, "prominence_m": 58.0}}, {"type": "Feature", "geometry": {"type": "Point", "coordinates": [80.73607, 6.619222]}, "properties": {"name": "", "lat": 6.619222, "lon": 80.73607, "elev_m": 628.7, "prominence_m": 58.0}}, {"type": "Feature", "geometry": {"type": "Point", "coordinates": [80.782737, 6.613798]}, "properties": {"name": "", "lat": 6.613798, "lon": 80.782737, "elev_m": 608.7, "prominence_m": 58.0}}, {"type": "Feature", "geometry": {"type": "Point", "coordinates": [80.508881, 7.274595]}, "properties": {"name": "", "lat": 7.274595, "lon": 80.508881, "elev_m": 588.7, "prominence_m": 58.0}}, {"type": "Feature", "geometry": {"type": "Point", "coordinates": [80.660929, 7.648767]}, "properties": {"name": "", "lat": 7.648767, "lon": 80.660929, "elev_m": 328.7, "prominence_m": 58.0}}, {"type": "Feature", "geometry": {"type": "Point", "coordinates": [80.688209, 7.210369]}, "properties": {"name": "", "lat": 7.210369, "lon": 80.688209, "elev_m": 1238.6, "prominence_m": 57.9}}, {"type": "Feature", "geometry": {"type": "Point", "coordinates": [80.538891, 6.478092]}, "properties": {"name": "", "lat": 6.478092, "lon": 80.538891, "elev_m": 1158.6, "prominence_m": 57.9}}, {"type": "Feature", "geometry": {"type": "Point", "coordinates": [81.060929, 6.783276]}, "properties": {"name": "", "lat": 6.783276, "lon": 81.060929, "elev_m": 1108.6, "prominence_m": 57.9}}, {"type": "Feature", "geometry": {"type": "Point", "coordinates": [81.098337, 7.116127]}, "properties": {"name": "", "lat": 7.116127, "lon": 81.098337, "elev_m": 588.6, "prominence_m": 57.9}}, {"type": "Feature", "geometry": {"type": "Point", "coordinates": [80.597205, 7.212242]}, "properties": {"name": "", "lat": 7.212242, "lon": 80.597205, "elev_m": 548.6, "prominence_m": 57.9}}, {"type": "Feature", "geometry": {"type": "Point", "coordinates": [80.55271, 6.510925]}, "properties": {"name": "", "lat": 6.510925, "lon": 80.55271, "elev_m": 308.6, "prominence_m": 57.9}}, {"type": "Feature", "geometry": {"type": "Point", "coordinates": [80.651096, 7.798785]}, "properties": {"name": "", "lat": 7.798785, "lon": 80.651096, "elev_m": 258.6, "prominence_m": 57.9}}, {"type": "Feature", "geometry": {"type": "Point", "coordinates": [80.203414, 6.682103]}, "properties": {"name": "", "lat": 6.682103, "lon": 80.203414, "elev_m": 248.6, "prominence_m": 57.9}}, {"type": "Feature", "geometry": {"type": "Point", "coordinates": [81.19224, 7.039821]}, "properties": {"name": "", "lat": 7.039821, "lon": 81.19224, "elev_m": 928.5, "prominence_m": 57.8}}, {"type": "Feature", "geometry": {"type": "Point", "coordinates": [80.520049, 7.223328]}, "properties": {"name": "", "lat": 7.223328, "lon": 80.520049, "elev_m": 638.5, "prominence_m": 57.8}}, {"type": "Feature", "geometry": {"type": "Point", "coordinates": [80.494545, 6.71681]}, "properties": {"name": "", "lat": 6.71681, "lon": 80.494545, "elev_m": 608.5, "prominence_m": 57.8}}, {"type": "Feature", "geometry": {"type": "Point", "coordinates": [80.59291, 6.359013]}, "properties": {"name": "", "lat": 6.359013, "lon": 80.59291, "elev_m": 558.5, "prominence_m": 57.8}}, {"type": "Feature", "geometry": {"type": "Point", "coordinates": [81.226594, 6.901161]}, "properties": {"name": "", "lat": 6.901161, "lon": 81.226594, "elev_m": 528.5, "prominence_m": 57.8}}, {"type": "Feature", "geometry": {"type": "Point", "coordinates": [80.664743, 6.488987]}, "properties": {"name": "", "lat": 6.488987, "lon": 80.664743, "elev_m": 318.5, "prominence_m": 57.8}}, {"type": "Feature", "geometry": {"type": "Point", "coordinates": [80.459185, 7.24228]}, "properties": {"name": "", "lat": 7.24228, "lon": 80.459185, "elev_m": 288.5, "prominence_m": 57.8}}, {"type": "Feature", "geometry": {"type": "Point", "coordinates": [81.220147, 7.256552]}, "properties": {"name": "", "lat": 7.256552, "lon": 81.220147, "elev_m": 278.5, "prominence_m": 57.8}}, {"type": "Feature", "geometry": {"type": "Point", "coordinates": [80.437575, 6.287041]}, "properties": {"name": "", "lat": 6.287041, "lon": 80.437575, "elev_m": 218.5, "prominence_m": 57.8}}, {"type": "Feature", "geometry": {"type": "Point", "coordinates": [80.251647, 6.99088]}, "properties": {"name": "", "lat": 6.99088, "lon": 80.251647, "elev_m": 218.5, "prominence_m": 57.8}}, {"type": "Feature", "geometry": {"type": "Point", "coordinates": [80.728384, 7.487363]}, "properties": {"name": "", "lat": 7.487363, "lon": 80.728384, "elev_m": 1618.4, "prominence_m": 57.7}}, {"type": "Feature", "geometry": {"type": "Point", "coordinates": [80.663236, 7.134402]}, "properties": {"name": "", "lat": 7.134402, "lon": 80.663236, "elev_m": 1138.4, "prominence_m": 57.7}}, {"type": "Feature", "geometry": {"type": "Point", "coordinates": [80.374291, 7.084595]}, "properties": {"name": "", "lat": 7.084595, "lon": 80.374291, "elev_m": 898.4, "prominence_m": 57.7}}, {"type": "Feature", "geometry": {"type": "Point", "coordinates": [80.713959, 7.615681]}, "properties": {"name": "", "lat": 7.615681, "lon": 80.713959, "elev_m": 888.4, "prominence_m": 57.7}}, {"type": "Feature", "geometry": {"type": "Point", "coordinates": [80.627636, 7.192448]}, "properties": {"name": "", "lat": 7.192448, "lon": 80.627636, "elev_m": 708.4, "prominence_m": 57.7}}, {"type": "Feature", "geometry": {"type": "Point", "coordinates": [80.558268, 7.398601]}, "properties": {"name": "", "lat": 7.398601, "lon": 80.558268, "elev_m": 668.4, "prominence_m": 57.7}}, {"type": "Feature", "geometry": {"type": "Point", "coordinates": [80.57628, 7.229324]}, "properties": {"name": "", "lat": 7.229324, "lon": 80.57628, "elev_m": 598.4, "prominence_m": 57.7}}, {"type": "Feature", "geometry": {"type": "Point", "coordinates": [80.597757, 7.188368]}, "properties": {"name": "", "lat": 7.188368, "lon": 80.597757, "elev_m": 568.4, "prominence_m": 57.7}}, {"type": "Feature", "geometry": {"type": "Point", "coordinates": [80.511356, 7.22278]}, "properties": {"name": "", "lat": 7.22278, "lon": 80.511356, "elev_m": 508.4, "prominence_m": 57.7}}, {"type": "Feature", "geometry": {"type": "Point", "coordinates": [81.099765, 7.214333]}, "properties": {"name": "", "lat": 7.214333, "lon": 81.099765, "elev_m": 458.4, "prominence_m": 57.7}}, {"type": "Feature", "geometry": {"type": "Point", "coordinates": [80.638142, 6.560061]}, "properties": {"name": "", "lat": 6.560061, "lon": 80.638142, "elev_m": 398.4, "prominence_m": 57.7}}, {"type": "Feature", "geometry": {"type": "Point", "coordinates": [80.222931, 6.453972]}, "properties": {"name": "Amundara Udaha", "lat": 6.453972, "lon": 80.222931, "elev_m": 318.4, "prominence_m": 57.7}}, {"type": "Feature", "geometry": {"type": "Point", "coordinates": [80.657673, 7.626521]}, "properties": {"name": "", "lat": 7.626521, "lon": 80.657673, "elev_m": 318.4, "prominence_m": 57.7}}, {"type": "Feature", "geometry": {"type": "Point", "coordinates": [81.422639, 7.135049]}, "properties": {"name": "", "lat": 7.135049, "lon": 81.422639, "elev_m": 268.4, "prominence_m": 57.7}}, {"type": "Feature", "geometry": {"type": "Point", "coordinates": [80.29321, 7.230197]}, "properties": {"name": "", "lat": 7.230197, "lon": 80.29321, "elev_m": 258.4, "prominence_m": 57.7}}, {"type": "Feature", "geometry": {"type": "Point", "coordinates": [80.734151, 6.847926]}, "properties": {"name": "", "lat": 6.847926, "lon": 80.734151, "elev_m": 1688.3, "prominence_m": 57.6}}, {"type": "Feature", "geometry": {"type": "Point", "coordinates": [80.548472, 6.875546]}, "properties": {"name": "", "lat": 6.875546, "lon": 80.548472, "elev_m": 1428.3, "prominence_m": 57.6}}, {"type": "Feature", "geometry": {"type": "Point", "coordinates": [80.492694, 7.090651]}, "properties": {"name": "", "lat": 7.090651, "lon": 80.492694, "elev_m": 938.3, "prominence_m": 57.6}}, {"type": "Feature", "geometry": {"type": "Point", "coordinates": [80.861538, 7.286874]}, "properties": {"name": "", "lat": 7.286874, "lon": 80.861538, "elev_m": 858.3, "prominence_m": 57.6}}, {"type": "Feature", "geometry": {"type": "Point", "coordinates": [81.408984, 7.276131]}, "properties": {"name": "", "lat": 7.276131, "lon": 81.408984, "elev_m": 788.3, "prominence_m": 57.6}}, {"type": "Feature", "geometry": {"type": "Point", "coordinates": [80.382575, 6.9221]}, "properties": {"name": "", "lat": 6.9221, "lon": 80.382575, "elev_m": 298.3, "prominence_m": 57.6}}, {"type": "Feature", "geometry": {"type": "Point", "coordinates": [80.97617, 6.584457]}, "properties": {"name": "", "lat": 6.584457, "lon": 80.97617, "elev_m": 208.3, "prominence_m": 57.6}}, {"type": "Feature", "geometry": {"type": "Point", "coordinates": [80.636728, 6.762992]}, "properties": {"name": "", "lat": 6.762992, "lon": 80.636728, "elev_m": 1658.2, "prominence_m": 57.5}}, {"type": "Feature", "geometry": {"type": "Point", "coordinates": [80.546813, 6.938757]}, "properties": {"name": "", "lat": 6.938757, "lon": 80.546813, "elev_m": 1058.2, "prominence_m": 57.5}}, {"type": "Feature", "geometry": {"type": "Point", "coordinates": [80.786821, 7.295021]}, "properties": {"name": "", "lat": 7.295021, "lon": 80.786821, "elev_m": 758.2, "prominence_m": 57.5}}, {"type": "Feature", "geometry": {"type": "Point", "coordinates": [80.586265, 7.387219]}, "properties": {"name": "", "lat": 7.387219, "lon": 80.586265, "elev_m": 658.2, "prominence_m": 57.5}}, {"type": "Feature", "geometry": {"type": "Point", "coordinates": [81.268755, 7.237783]}, "properties": {"name": "", "lat": 7.237783, "lon": 81.268755, "elev_m": 408.2, "prominence_m": 57.5}}, {"type": "Feature", "geometry": {"type": "Point", "coordinates": [81.480372, 6.876711]}, "properties": {"name": "", "lat": 6.876711, "lon": 81.480372, "elev_m": 398.2, "prominence_m": 57.5}}, {"type": "Feature", "geometry": {"type": "Point", "coordinates": [80.889383, 6.703042]}, "properties": {"name": "", "lat": 6.703042, "lon": 80.889383, "elev_m": 378.2, "prominence_m": 57.5}}, {"type": "Feature", "geometry": {"type": "Point", "coordinates": [81.273328, 6.941808]}, "properties": {"name": "", "lat": 6.941808, "lon": 81.273328, "elev_m": 318.2, "prominence_m": 57.5}}, {"type": "Feature", "geometry": {"type": "Point", "coordinates": [80.480001, 7.397199]}, "properties": {"name": "", "lat": 7.397199, "lon": 80.480001, "elev_m": 318.2, "prominence_m": 57.5}}, {"type": "Feature", "geometry": {"type": "Point", "coordinates": [80.8519, 8.093139]}, "properties": {"name": "", "lat": 8.093139, "lon": 80.8519, "elev_m": 298.2, "prominence_m": 57.5}}, {"type": "Feature", "geometry": {"type": "Point", "coordinates": [80.776769, 7.918983]}, "properties": {"name": "", "lat": 7.918983, "lon": 80.776769, "elev_m": 268.2, "prominence_m": 57.5}}, {"type": "Feature", "geometry": {"type": "Point", "coordinates": [80.279739, 6.603512]}, "properties": {"name": "", "lat": 6.603512, "lon": 80.279739, "elev_m": 238.2, "prominence_m": 57.5}}, {"type": "Feature", "geometry": {"type": "Point", "coordinates": [80.733573, 7.233436]}, "properties": {"name": "", "lat": 7.233436, "lon": 80.733573, "elev_m": 668.1, "prominence_m": 57.4}}, {"type": "Feature", "geometry": {"type": "Point", "coordinates": [80.806886, 6.656119]}, "properties": {"name": "", "lat": 6.656119, "lon": 80.806886, "elev_m": 608.1, "prominence_m": 57.4}}, {"type": "Feature", "geometry": {"type": "Point", "coordinates": [80.786557, 7.626808]}, "properties": {"name": "", "lat": 7.626808, "lon": 80.786557, "elev_m": 558.1, "prominence_m": 57.4}}, {"type": "Feature", "geometry": {"type": "Point", "coordinates": [80.341667, 6.520825]}, "properties": {"name": "", "lat": 6.520825, "lon": 80.341667, "elev_m": 438.1, "prominence_m": 57.4}}, {"type": "Feature", "geometry": {"type": "Point", "coordinates": [80.410298, 7.225152]}, "properties": {"name": "", "lat": 7.225152, "lon": 80.410298, "elev_m": 368.1, "prominence_m": 57.4}}, {"type": "Feature", "geometry": {"type": "Point", "coordinates": [80.41269, 6.200751]}, "properties": {"name": "", "lat": 6.200751, "lon": 80.41269, "elev_m": 278.1, "prominence_m": 57.4}}, {"type": "Feature", "geometry": {"type": "Point", "coordinates": [80.367438, 6.174945]}, "properties": {"name": "", "lat": 6.174945, "lon": 80.367438, "elev_m": 248.1, "prominence_m": 57.4}}, {"type": "Feature", "geometry": {"type": "Point", "coordinates": [80.383145, 6.195847]}, "properties": {"name": "", "lat": 6.195847, "lon": 80.383145, "elev_m": 228.1, "prominence_m": 57.4}}, {"type": "Feature", "geometry": {"type": "Point", "coordinates": [80.525725, 6.76973]}, "properties": {"name": "", "lat": 6.76973, "lon": 80.525725, "elev_m": 1678.0, "prominence_m": 57.3}}, {"type": "Feature", "geometry": {"type": "Point", "coordinates": [80.595515, 7.361451]}, "properties": {"name": "", "lat": 7.361451, "lon": 80.595515, "elev_m": 558.0, "prominence_m": 57.3}}, {"type": "Feature", "geometry": {"type": "Point", "coordinates": [80.420189, 6.718661]}, "properties": {"name": "", "lat": 6.718661, "lon": 80.420189, "elev_m": 518.0, "prominence_m": 57.3}}, {"type": "Feature", "geometry": {"type": "Point", "coordinates": [80.940658, 6.666945]}, "properties": {"name": "", "lat": 6.666945, "lon": 80.940658, "elev_m": 378.0, "prominence_m": 57.3}}, {"type": "Feature", "geometry": {"type": "Point", "coordinates": [80.277039, 6.590216]}, "properties": {"name": "", "lat": 6.590216, "lon": 80.277039, "elev_m": 288.0, "prominence_m": 57.3}}, {"type": "Feature", "geometry": {"type": "Point", "coordinates": [80.527171, 7.602592]}, "properties": {"name": "", "lat": 7.602592, "lon": 80.527171, "elev_m": 258.0, "prominence_m": 57.3}}, {"type": "Feature", "geometry": {"type": "Point", "coordinates": [80.305439, 6.958654]}, "properties": {"name": "", "lat": 6.958654, "lon": 80.305439, "elev_m": 238.0, "prominence_m": 57.3}}, {"type": "Feature", "geometry": {"type": "Point", "coordinates": [80.211142, 6.567357]}, "properties": {"name": "", "lat": 6.567357, "lon": 80.211142, "elev_m": 218.0, "prominence_m": 57.3}}, {"type": "Feature", "geometry": {"type": "Point", "coordinates": [80.411255, 7.046102]}, "properties": {"name": "", "lat": 7.046102, "lon": 80.411255, "elev_m": 1157.9, "prominence_m": 57.2}}, {"type": "Feature", "geometry": {"type": "Point", "coordinates": [80.872677, 7.282803]}, "properties": {"name": "", "lat": 7.282803, "lon": 80.872677, "elev_m": 577.9, "prominence_m": 57.2}}, {"type": "Feature", "geometry": {"type": "Point", "coordinates": [80.36475, 6.488018]}, "properties": {"name": "", "lat": 6.488018, "lon": 80.36475, "elev_m": 567.9, "prominence_m": 57.2}}, {"type": "Feature", "geometry": {"type": "Point", "coordinates": [80.832385, 6.597245]}, "properties": {"name": "", "lat": 6.597245, "lon": 80.832385, "elev_m": 487.9, "prominence_m": 57.2}}, {"type": "Feature", "geometry": {"type": "Point", "coordinates": [81.376016, 7.408288]}, "properties": {"name": "", "lat": 7.408288, "lon": 81.376016, "elev_m": 327.9, "prominence_m": 57.2}}, {"type": "Feature", "geometry": {"type": "Point", "coordinates": [80.35162, 6.929127]}, "properties": {"name": "", "lat": 6.929127, "lon": 80.35162, "elev_m": 317.9, "prominence_m": 57.2}}, {"type": "Feature", "geometry": {"type": "Point", "coordinates": [80.408344, 6.212685]}, "properties": {"name": "", "lat": 6.212685, "lon": 80.408344, "elev_m": 297.9, "prominence_m": 57.2}}, {"type": "Feature", "geometry": {"type": "Point", "coordinates": [81.095816, 7.392571]}, "properties": {"name": "", "lat": 7.392571, "lon": 81.095816, "elev_m": 227.9, "prominence_m": 57.2}}, {"type": "Feature", "geometry": {"type": "Point", "coordinates": [80.372897, 6.80815]}, "properties": {"name": "", "lat": 6.80815, "lon": 80.372897, "elev_m": 207.9, "prominence_m": 57.2}}, {"type": "Feature", "geometry": {"type": "Point", "coordinates": [80.609005, 6.881268]}, "properties": {"name": "", "lat": 6.881268, "lon": 80.609005, "elev_m": 1307.8, "prominence_m": 57.1}}, {"type": "Feature", "geometry": {"type": "Point", "coordinates": [80.535782, 6.736908]}, "properties": {"name": "", "lat": 6.736908, "lon": 80.535782, "elev_m": 847.8, "prominence_m": 57.1}}, {"type": "Feature", "geometry": {"type": "Point", "coordinates": [81.350582, 7.283534]}, "properties": {"name": "", "lat": 7.283534, "lon": 81.350582, "elev_m": 277.8, "prominence_m": 57.1}}, {"type": "Feature", "geometry": {"type": "Point", "coordinates": [80.725072, 7.905958]}, "properties": {"name": "", "lat": 7.905958, "lon": 80.725072, "elev_m": 247.8, "prominence_m": 57.1}}, {"type": "Feature", "geometry": {"type": "Point", "coordinates": [80.61998, 8.079281]}, "properties": {"name": "", "lat": 8.079281, "lon": 80.61998, "elev_m": 207.8, "prominence_m": 57.1}}, {"type": "Feature", "geometry": {"type": "Point", "coordinates": [80.721604, 7.358771]}, "properties": {"name": "", "lat": 7.358771, "lon": 80.721604, "elev_m": 847.7, "prominence_m": 57.0}}, {"type": "Feature", "geometry": {"type": "Point", "coordinates": [80.737907, 7.378577]}, "properties": {"name": "", "lat": 7.378577, "lon": 80.737907, "elev_m": 817.7, "prominence_m": 57.0}}, {"type": "Feature", "geometry": {"type": "Point", "coordinates": [81.162779, 6.875987]}, "properties": {"name": "", "lat": 6.875987, "lon": 81.162779, "elev_m": 767.7, "prominence_m": 57.0}}, {"type": "Feature", "geometry": {"type": "Point", "coordinates": [80.777311, 7.204409]}, "properties": {"name": "", "lat": 7.204409, "lon": 80.777311, "elev_m": 677.7, "prominence_m": 57.0}}, {"type": "Feature", "geometry": {"type": "Point", "coordinates": [80.741242, 6.385632]}, "properties": {"name": "", "lat": 6.385632, "lon": 80.741242, "elev_m": 437.7, "prominence_m": 57.0}}, {"type": "Feature", "geometry": {"type": "Point", "coordinates": [80.357692, 7.120933]}, "properties": {"name": "", "lat": 7.120933, "lon": 80.357692, "elev_m": 397.7, "prominence_m": 57.0}}, {"type": "Feature", "geometry": {"type": "Point", "coordinates": [80.451616, 7.188288]}, "properties": {"name": "", "lat": 7.188288, "lon": 80.451616, "elev_m": 337.7, "prominence_m": 57.0}}, {"type": "Feature", "geometry": {"type": "Point", "coordinates": [80.233258, 6.685121]}, "properties": {"name": "", "lat": 6.685121, "lon": 80.233258, "elev_m": 327.7, "prominence_m": 57.0}}, {"type": "Feature", "geometry": {"type": "Point", "coordinates": [80.465192, 7.196707]}, "properties": {"name": "", "lat": 7.196707, "lon": 80.465192, "elev_m": 287.7, "prominence_m": 57.0}}, {"type": "Feature", "geometry": {"type": "Point", "coordinates": [80.291233, 6.500161]}, "properties": {"name": "", "lat": 6.500161, "lon": 80.291233, "elev_m": 277.7, "prominence_m": 57.0}}, {"type": "Feature", "geometry": {"type": "Point", "coordinates": [80.744159, 7.356874]}, "properties": {"name": "", "lat": 7.356874, "lon": 80.744159, "elev_m": 697.6, "prominence_m": 56.9}}, {"type": "Feature", "geometry": {"type": "Point", "coordinates": [80.426311, 6.503528]}, "properties": {"name": "", "lat": 6.503528, "lon": 80.426311, "elev_m": 527.6, "prominence_m": 56.9}}, {"type": "Feature", "geometry": {"type": "Point", "coordinates": [80.892363, 7.749414]}, "properties": {"name": "", "lat": 7.749414, "lon": 80.892363, "elev_m": 407.6, "prominence_m": 56.9}}, {"type": "Feature", "geometry": {"type": "Point", "coordinates": [80.396129, 6.234923]}, "properties": {"name": "", "lat": 6.234923, "lon": 80.396129, "elev_m": 317.6, "prominence_m": 56.9}}, {"type": "Feature", "geometry": {"type": "Point", "coordinates": [80.355723, 7.195263]}, "properties": {"name": "", "lat": 7.195263, "lon": 80.355723, "elev_m": 307.6, "prominence_m": 56.9}}, {"type": "Feature", "geometry": {"type": "Point", "coordinates": [80.248494, 7.137098]}, "properties": {"name": "", "lat": 7.137098, "lon": 80.248494, "elev_m": 267.6, "prominence_m": 56.9}}, {"type": "Feature", "geometry": {"type": "Point", "coordinates": [80.752294, 7.67781]}, "properties": {"name": "", "lat": 7.67781, "lon": 80.752294, "elev_m": 227.6, "prominence_m": 56.9}}, {"type": "Feature", "geometry": {"type": "Point", "coordinates": [80.938573, 6.924677]}, "properties": {"name": "", "lat": 6.924677, "lon": 80.938573, "elev_m": 1167.5, "prominence_m": 56.8}}, {"type": "Feature", "geometry": {"type": "Point", "coordinates": [81.414869, 7.211288]}, "properties": {"name": "", "lat": 7.211288, "lon": 81.414869, "elev_m": 677.5, "prominence_m": 56.8}}, {"type": "Feature", "geometry": {"type": "Point", "coordinates": [80.595621, 7.761328]}, "properties": {"name": "", "lat": 7.761328, "lon": 80.595621, "elev_m": 297.5, "prominence_m": 56.8}}, {"type": "Feature", "geometry": {"type": "Point", "coordinates": [80.346257, 6.220777]}, "properties": {"name": "", "lat": 6.220777, "lon": 80.346257, "elev_m": 217.5, "prominence_m": 56.8}}, {"type": "Feature", "geometry": {"type": "Point", "coordinates": [80.538043, 7.098544]}, "properties": {"name": "", "lat": 7.098544, "lon": 80.538043, "elev_m": 737.4, "prominence_m": 56.7}}, {"type": "Feature", "geometry": {"type": "Point", "coordinates": [80.852476, 6.690841]}, "properties": {"name": "", "lat": 6.690841, "lon": 80.852476, "elev_m": 607.4, "prominence_m": 56.7}}, {"type": "Feature", "geometry": {"type": "Point", "coordinates": [81.052202, 6.708404]}, "properties": {"name": "", "lat": 6.708404, "lon": 81.052202, "elev_m": 547.4, "prominence_m": 56.7}}, {"type": "Feature", "geometry": {"type": "Point", "coordinates": [80.334267, 6.905238]}, "properties": {"name": "", "lat": 6.905238, "lon": 80.334267, "elev_m": 337.4, "prominence_m": 56.7}}, {"type": "Feature", "geometry": {"type": "Point", "coordinates": [80.521357, 7.777025]}, "properties": {"name": "", "lat": 7.777025, "lon": 80.521357, "elev_m": 287.4, "prominence_m": 56.7}}, {"type": "Feature", "geometry": {"type": "Point", "coordinates": [80.999617, 7.399141]}, "properties": {"name": "", "lat": 7.399141, "lon": 80.999617, "elev_m": 267.4, "prominence_m": 56.7}}, {"type": "Feature", "geometry": {"type": "Point", "coordinates": [80.568215, 6.403769]}, "properties": {"name": "", "lat": 6.403769, "lon": 80.568215, "elev_m": 1107.3, "prominence_m": 56.6}}, {"type": "Feature", "geometry": {"type": "Point", "coordinates": [80.565371, 7.319659]}, "properties": {"name": "", "lat": 7.319659, "lon": 80.565371, "elev_m": 647.3, "prominence_m": 56.6}}, {"type": "Feature", "geometry": {"type": "Point", "coordinates": [80.748243, 7.225027]}, "properties": {"name": "", "lat": 7.225027, "lon": 80.748243, "elev_m": 617.3, "prominence_m": 56.6}}, {"type": "Feature", "geometry": {"type": "Point", "coordinates": [81.294853, 7.254031]}, "properties": {"name": "", "lat": 7.254031, "lon": 81.294853, "elev_m": 337.3, "prominence_m": 56.6}}, {"type": "Feature", "geometry": {"type": "Point", "coordinates": [80.785473, 7.778729]}, "properties": {"name": "", "lat": 7.778729, "lon": 80.785473, "elev_m": 337.3, "prominence_m": 56.6}}, {"type": "Feature", "geometry": {"type": "Point", "coordinates": [81.171554, 7.299189]}, "properties": {"name": "", "lat": 7.299189, "lon": 81.171554, "elev_m": 287.3, "prominence_m": 56.6}}, {"type": "Feature", "geometry": {"type": "Point", "coordinates": [80.864329, 7.656912]}, "properties": {"name": "", "lat": 7.656912, "lon": 80.864329, "elev_m": 257.3, "prominence_m": 56.6}}, {"type": "Feature", "geometry": {"type": "Point", "coordinates": [80.448451, 6.238214]}, "properties": {"name": "", "lat": 6.238214, "lon": 80.448451, "elev_m": 247.3, "prominence_m": 56.6}}, {"type": "Feature", "geometry": {"type": "Point", "coordinates": [80.675506, 6.913571]}, "properties": {"name": "", "lat": 6.913571, "lon": 80.675506, "elev_m": 1417.2, "prominence_m": 56.5}}, {"type": "Feature", "geometry": {"type": "Point", "coordinates": [80.657369, 6.701413]}, "properties": {"name": "", "lat": 6.701413, "lon": 80.657369, "elev_m": 627.2, "prominence_m": 56.5}}, {"type": "Feature", "geometry": {"type": "Point", "coordinates": [80.260651, 6.696544]}, "properties": {"name": "", "lat": 6.696544, "lon": 80.260651, "elev_m": 477.2, "prominence_m": 56.5}}, {"type": "Feature", "geometry": {"type": "Point", "coordinates": [80.909883, 7.226365]}, "properties": {"name": "", "lat": 7.226365, "lon": 80.909883, "elev_m": 397.2, "prominence_m": 56.5}}, {"type": "Feature", "geometry": {"type": "Point", "coordinates": [80.700874, 7.806393]}, "properties": {"name": "", "lat": 7.806393, "lon": 80.700874, "elev_m": 377.2, "prominence_m": 56.5}}, {"type": "Feature", "geometry": {"type": "Point", "coordinates": [81.462625, 7.355536]}, "properties": {"name": "", "lat": 7.355536, "lon": 81.462625, "elev_m": 347.2, "prominence_m": 56.5}}, {"type": "Feature", "geometry": {"type": "Point", "coordinates": [80.310628, 7.198747]}, "properties": {"name": "", "lat": 7.198747, "lon": 80.310628, "elev_m": 267.2, "prominence_m": 56.5}}, {"type": "Feature", "geometry": {"type": "Point", "coordinates": [80.171216, 6.607732]}, "properties": {"name": "", "lat": 6.607732, "lon": 80.171216, "elev_m": 237.2, "prominence_m": 56.5}}, {"type": "Feature", "geometry": {"type": "Point", "coordinates": [80.449622, 6.096867]}, "properties": {"name": "", "lat": 6.096867, "lon": 80.449622, "elev_m": 217.2, "prominence_m": 56.5}}, {"type": "Feature", "geometry": {"type": "Point", "coordinates": [80.5191, 6.460719]}, "properties": {"name": "", "lat": 6.460719, "lon": 80.5191, "elev_m": 587.1, "prominence_m": 56.4}}, {"type": "Feature", "geometry": {"type": "Point", "coordinates": [81.12954, 6.708354]}, "properties": {"name": "", "lat": 6.708354, "lon": 81.12954, "elev_m": 447.1, "prominence_m": 56.4}}, {"type": "Feature", "geometry": {"type": "Point", "coordinates": [81.001432, 6.653899]}, "properties": {"name": "", "lat": 6.653899, "lon": 81.001432, "elev_m": 347.1, "prominence_m": 56.4}}, {"type": "Feature", "geometry": {"type": "Point", "coordinates": [80.403099, 6.711323]}, "properties": {"name": "", "lat": 6.711323, "lon": 80.403099, "elev_m": 267.1, "prominence_m": 56.4}}, {"type": "Feature", "geometry": {"type": "Point", "coordinates": [80.561565, 7.32454]}, "properties": {"name": "", "lat": 7.32454, "lon": 80.561565, "elev_m": 647.0, "prominence_m": 56.3}}, {"type": "Feature", "geometry": {"type": "Point", "coordinates": [81.383909, 7.216214]}, "properties": {"name": "", "lat": 7.216214, "lon": 81.383909, "elev_m": 287.0, "prominence_m": 56.3}}, {"type": "Feature", "geometry": {"type": "Point", "coordinates": [80.247286, 7.241811]}, "properties": {"name": "", "lat": 7.241811, "lon": 80.247286, "elev_m": 267.0, "prominence_m": 56.3}}, {"type": "Feature", "geometry": {"type": "Point", "coordinates": [80.72401, 7.694084]}, "properties": {"name": "", "lat": 7.694084, "lon": 80.72401, "elev_m": 257.0, "prominence_m": 56.3}}, {"type": "Feature", "geometry": {"type": "Point", "coordinates": [80.733222, 8.031835]}, "properties": {"name": "", "lat": 8.031835, "lon": 80.733222, "elev_m": 237.0, "prominence_m": 56.3}}, {"type": "Feature", "geometry": {"type": "Point", "coordinates": [80.910575, 6.798805]}, "properties": {"name": "", "lat": 6.798805, "lon": 80.910575, "elev_m": 1246.9, "prominence_m": 56.2}}, {"type": "Feature", "geometry": {"type": "Point", "coordinates": [80.554441, 7.442819]}, "properties": {"name": "", "lat": 7.442819, "lon": 80.554441, "elev_m": 876.9, "prominence_m": 56.2}}, {"type": "Feature", "geometry": {"type": "Point", "coordinates": [80.524206, 6.554048]}, "properties": {"name": "", "lat": 6.554048, "lon": 80.524206, "elev_m": 496.9, "prominence_m": 56.2}}, {"type": "Feature", "geometry": {"type": "Point", "coordinates": [80.750388, 7.706837]}, "properties": {"name": "", "lat": 7.706837, "lon": 80.750388, "elev_m": 446.9, "prominence_m": 56.2}}, {"type": "Feature", "geometry": {"type": "Point", "coordinates": [80.480165, 6.247457]}, "properties": {"name": "", "lat": 6.247457, "lon": 80.480165, "elev_m": 296.9, "prominence_m": 56.2}}, {"type": "Feature", "geometry": {"type": "Point", "coordinates": [80.493192, 7.59172]}, "properties": {"name": "", "lat": 7.59172, "lon": 80.493192, "elev_m": 216.9, "prominence_m": 56.2}}, {"type": "Feature", "geometry": {"type": "Point", "coordinates": [80.306477, 7.005859]}, "properties": {"name": "", "lat": 7.005859, "lon": 80.306477, "elev_m": 206.9, "prominence_m": 56.2}}, {"type": "Feature", "geometry": {"type": "Point", "coordinates": [80.682786, 7.161807]}, "properties": {"name": "", "lat": 7.161807, "lon": 80.682786, "elev_m": 1266.8, "prominence_m": 56.1}}, {"type": "Feature", "geometry": {"type": "Point", "coordinates": [80.969536, 6.957764]}, "properties": {"name": "", "lat": 6.957764, "lon": 80.969536, "elev_m": 946.8, "prominence_m": 56.1}}, {"type": "Feature", "geometry": {"type": "Point", "coordinates": [80.813719, 7.289051]}, "properties": {"name": "", "lat": 7.289051, "lon": 80.813719, "elev_m": 626.8, "prominence_m": 56.1}}, {"type": "Feature", "geometry": {"type": "Point", "coordinates": [80.747209, 6.375323]}, "properties": {"name": "", "lat": 6.375323, "lon": 80.747209, "elev_m": 406.8, "prominence_m": 56.1}}, {"type": "Feature", "geometry": {"type": "Point", "coordinates": [80.641195, 6.299342]}, "properties": {"name": "", "lat": 6.299342, "lon": 80.641195, "elev_m": 396.8, "prominence_m": 56.1}}, {"type": "Feature", "geometry": {"type": "Point", "coordinates": [81.553649, 7.03502]}, "properties": {"name": "", "lat": 7.03502, "lon": 81.553649, "elev_m": 306.8, "prominence_m": 56.1}}, {"type": "Feature", "geometry": {"type": "Point", "coordinates": [80.214537, 7.142755]}, "properties": {"name": "", "lat": 7.142755, "lon": 80.214537, "elev_m": 286.8, "prominence_m": 56.1}}, {"type": "Feature", "geometry": {"type": "Point", "coordinates": [80.268034, 6.372089]}, "properties": {"name": "", "lat": 6.372089, "lon": 80.268034, "elev_m": 236.8, "prominence_m": 56.1}}, {"type": "Feature", "geometry": {"type": "Point", "coordinates": [80.559065, 6.235016]}, "properties": {"name": "", "lat": 6.235016, "lon": 80.559065, "elev_m": 216.8, "prominence_m": 56.1}}, {"type": "Feature", "geometry": {"type": "Point", "coordinates": [80.493734, 7.594162]}, "properties": {"name": "", "lat": 7.594162, "lon": 80.493734, "elev_m": 216.8, "prominence_m": 56.1}}, {"type": "Feature", "geometry": {"type": "Point", "coordinates": [81.311129, 6.755936]}, "properties": {"name": "", "lat": 6.755936, "lon": 81.311129, "elev_m": 206.8, "prominence_m": 56.1}}, {"type": "Feature", "geometry": {"type": "Point", "coordinates": [80.533741, 7.015255]}, "properties": {"name": "", "lat": 7.015255, "lon": 80.533741, "elev_m": 766.7, "prominence_m": 56.0}}, {"type": "Feature", "geometry": {"type": "Point", "coordinates": [80.420848, 6.55697]}, "properties": {"name": "", "lat": 6.55697, "lon": 80.420848, "elev_m": 546.7, "prominence_m": 56.0}}, {"type": "Feature", "geometry": {"type": "Point", "coordinates": [80.297146, 6.557681]}, "properties": {"name": "", "lat": 6.557681, "lon": 80.297146, "elev_m": 356.7, "prominence_m": 56.0}}, {"type": "Feature", "geometry": {"type": "Point", "coordinates": [80.320764, 7.112488]}, "properties": {"name": "", "lat": 7.112488, "lon": 80.320764, "elev_m": 306.7, "prominence_m": 56.0}}, {"type": "Feature", "geometry": {"type": "Point", "coordinates": [80.894821, 7.786308]}, "properties": {"name": "", "lat": 7.786308, "lon": 80.894821, "elev_m": 236.7, "prominence_m": 56.0}}, {"type": "Feature", "geometry": {"type": "Point", "coordinates": [80.451141, 6.271585]}, "properties": {"name": "", "lat": 6.271585, "lon": 80.451141, "elev_m": 226.7, "prominence_m": 56.0}}, {"type": "Feature", "geometry": {"type": "Point", "coordinates": [80.599577, 7.396991]}, "properties": {"name": "", "lat": 7.396991, "lon": 80.599577, "elev_m": 666.6, "prominence_m": 55.9}}, {"type": "Feature", "geometry": {"type": "Point", "coordinates": [80.522237, 7.196743]}, "properties": {"name": "", "lat": 7.196743, "lon": 80.522237, "elev_m": 616.6, "prominence_m": 55.9}}, {"type": "Feature", "geometry": {"type": "Point", "coordinates": [80.500508, 6.727936]}, "properties": {"name": "", "lat": 6.727936, "lon": 80.500508, "elev_m": 606.6, "prominence_m": 55.9}}, {"type": "Feature", "geometry": {"type": "Point", "coordinates": [80.459857, 6.643539]}, "properties": {"name": "", "lat": 6.643539, "lon": 80.459857, "elev_m": 556.6, "prominence_m": 55.9}}, {"type": "Feature", "geometry": {"type": "Point", "coordinates": [81.212711, 7.43208]}, "properties": {"name": "", "lat": 7.43208, "lon": 81.212711, "elev_m": 406.6, "prominence_m": 55.9}}, {"type": "Feature", "geometry": {"type": "Point", "coordinates": [81.053544, 6.682087]}, "properties": {"name": "", "lat": 6.682087, "lon": 81.053544, "elev_m": 406.6, "prominence_m": 55.9}}, {"type": "Feature", "geometry": {"type": "Point", "coordinates": [80.341551, 6.955161]}, "properties": {"name": "", "lat": 6.955161, "lon": 80.341551, "elev_m": 316.6, "prominence_m": 55.9}}, {"type": "Feature", "geometry": {"type": "Point", "coordinates": [80.758868, 6.417376]}, "properties": {"name": "", "lat": 6.417376, "lon": 80.758868, "elev_m": 266.6, "prominence_m": 55.9}}, {"type": "Feature", "geometry": {"type": "Point", "coordinates": [80.975192, 6.846802]}, "properties": {"name": "", "lat": 6.846802, "lon": 80.975192, "elev_m": 1256.5, "prominence_m": 55.8}}, {"type": "Feature", "geometry": {"type": "Point", "coordinates": [80.429631, 6.406949]}, "properties": {"name": "", "lat": 6.406949, "lon": 80.429631, "elev_m": 586.5, "prominence_m": 55.8}}, {"type": "Feature", "geometry": {"type": "Point", "coordinates": [81.495763, 7.34816]}, "properties": {"name": "", "lat": 7.34816, "lon": 81.495763, "elev_m": 506.5, "prominence_m": 55.8}}, {"type": "Feature", "geometry": {"type": "Point", "coordinates": [81.208642, 7.440493]}, "properties": {"name": "", "lat": 7.440493, "lon": 81.208642, "elev_m": 456.5, "prominence_m": 55.8}}, {"type": "Feature", "geometry": {"type": "Point", "coordinates": [81.263102, 6.763583]}, "properties": {"name": "", "lat": 6.763583, "lon": 81.263102, "elev_m": 376.5, "prominence_m": 55.8}}, {"type": "Feature", "geometry": {"type": "Point", "coordinates": [80.591572, 6.309636]}, "properties": {"name": "", "lat": 6.309636, "lon": 80.591572, "elev_m": 366.5, "prominence_m": 55.8}}, {"type": "Feature", "geometry": {"type": "Point", "coordinates": [80.379901, 6.537406]}, "properties": {"name": "", "lat": 6.537406, "lon": 80.379901, "elev_m": 346.5, "prominence_m": 55.8}}, {"type": "Feature", "geometry": {"type": "Point", "coordinates": [80.33522, 6.447842]}, "properties": {"name": "", "lat": 6.447842, "lon": 80.33522, "elev_m": 326.5, "prominence_m": 55.8}}, {"type": "Feature", "geometry": {"type": "Point", "coordinates": [80.340596, 6.811649]}, "properties": {"name": "", "lat": 6.811649, "lon": 80.340596, "elev_m": 286.5, "prominence_m": 55.8}}, {"type": "Feature", "geometry": {"type": "Point", "coordinates": [81.386675, 6.837775]}, "properties": {"name": "", "lat": 6.837775, "lon": 81.386675, "elev_m": 246.5, "prominence_m": 55.8}}, {"type": "Feature", "geometry": {"type": "Point", "coordinates": [80.623302, 7.155822]}, "properties": {"name": "", "lat": 7.155822, "lon": 80.623302, "elev_m": 906.4, "prominence_m": 55.7}}, {"type": "Feature", "geometry": {"type": "Point", "coordinates": [80.496101, 6.359241]}, "properties": {"name": "", "lat": 6.359241, "lon": 80.496101, "elev_m": 456.4, "prominence_m": 55.7}}, {"type": "Feature", "geometry": {"type": "Point", "coordinates": [80.396372, 6.273719]}, "properties": {"name": "", "lat": 6.273719, "lon": 80.396372, "elev_m": 266.4, "prominence_m": 55.7}}, {"type": "Feature", "geometry": {"type": "Point", "coordinates": [81.137431, 7.096294]}, "properties": {"name": "", "lat": 7.096294, "lon": 81.137431, "elev_m": 1006.3, "prominence_m": 55.6}}, {"type": "Feature", "geometry": {"type": "Point", "coordinates": [80.857172, 7.180257]}, "properties": {"name": "", "lat": 7.180257, "lon": 80.857172, "elev_m": 696.3, "prominence_m": 55.6}}, {"type": "Feature", "geometry": {"type": "Point", "coordinates": [80.582661, 7.547278]}, "properties": {"name": "", "lat": 7.547278, "lon": 80.582661, "elev_m": 506.3, "prominence_m": 55.6}}, {"type": "Feature", "geometry": {"type": "Point", "coordinates": [80.624757, 7.668017]}, "properties": {"name": "", "lat": 7.668017, "lon": 80.624757, "elev_m": 446.3, "prominence_m": 55.6}}, {"type": "Feature", "geometry": {"type": "Point", "coordinates": [80.770787, 7.598866]}, "properties": {"name": "", "lat": 7.598866, "lon": 80.770787, "elev_m": 446.3, "prominence_m": 55.6}}, {"type": "Feature", "geometry": {"type": "Point", "coordinates": [81.12875, 6.742809]}, "properties": {"name": "", "lat": 6.742809, "lon": 81.12875, "elev_m": 436.3, "prominence_m": 55.6}}, {"type": "Feature", "geometry": {"type": "Point", "coordinates": [80.563939, 6.249125]}, "properties": {"name": "", "lat": 6.249125, "lon": 80.563939, "elev_m": 406.3, "prominence_m": 55.6}}, {"type": "Feature", "geometry": {"type": "Point", "coordinates": [80.650317, 7.672909]}, "properties": {"name": "", "lat": 7.672909, "lon": 80.650317, "elev_m": 326.3, "prominence_m": 55.6}}, {"type": "Feature", "geometry": {"type": "Point", "coordinates": [81.217838, 6.825751]}, "properties": {"name": "", "lat": 6.825751, "lon": 81.217838, "elev_m": 326.3, "prominence_m": 55.6}}, {"type": "Feature", "geometry": {"type": "Point", "coordinates": [80.289527, 6.581818]}, "properties": {"name": "", "lat": 6.581818, "lon": 80.289527, "elev_m": 306.3, "prominence_m": 55.6}}, {"type": "Feature", "geometry": {"type": "Point", "coordinates": [80.378637, 7.393322]}, "properties": {"name": "", "lat": 7.393322, "lon": 80.378637, "elev_m": 296.3, "prominence_m": 55.6}}, {"type": "Feature", "geometry": {"type": "Point", "coordinates": [80.223208, 6.693791]}, "properties": {"name": "", "lat": 6.693791, "lon": 80.223208, "elev_m": 286.3, "prominence_m": 55.6}}, {"type": "Feature", "geometry": {"type": "Point", "coordinates": [81.278207, 6.672415]}, "properties": {"name": "", "lat": 6.672415, "lon": 81.278207, "elev_m": 286.3, "prominence_m": 55.6}}, {"type": "Feature", "geometry": {"type": "Point", "coordinates": [80.374443, 7.221595]}, "properties": {"name": "", "lat": 7.221595, "lon": 80.374443, "elev_m": 276.3, "prominence_m": 55.6}}, {"type": "Feature", "geometry": {"type": "Point", "coordinates": [80.256858, 6.429049]}, "properties": {"name": "", "lat": 6.429049, "lon": 80.256858, "elev_m": 226.3, "prominence_m": 55.6}}, {"type": "Feature", "geometry": {"type": "Point", "coordinates": [80.552819, 6.866866]}, "properties": {"name": "", "lat": 6.866866, "lon": 80.552819, "elev_m": 1436.2, "prominence_m": 55.5}}, {"type": "Feature", "geometry": {"type": "Point", "coordinates": [80.780838, 6.696815]}, "properties": {"name": "", "lat": 6.696815, "lon": 80.780838, "elev_m": 596.2, "prominence_m": 55.5}}, {"type": "Feature", "geometry": {"type": "Point", "coordinates": [81.110635, 7.220293]}, "properties": {"name": "", "lat": 7.220293, "lon": 81.110635, "elev_m": 346.2, "prominence_m": 55.5}}, {"type": "Feature", "geometry": {"type": "Point", "coordinates": [81.51076, 7.380145]}, "properties": {"name": "", "lat": 7.380145, "lon": 81.51076, "elev_m": 316.2, "prominence_m": 55.5}}, {"type": "Feature", "geometry": {"type": "Point", "coordinates": [80.574877, 7.910796]}, "properties": {"name": "", "lat": 7.910796, "lon": 80.574877, "elev_m": 296.2, "prominence_m": 55.5}}, {"type": "Feature", "geometry": {"type": "Point", "coordinates": [80.391257, 6.224339]}, "properties": {"name": "", "lat": 6.224339, "lon": 80.391257, "elev_m": 236.2, "prominence_m": 55.5}}, {"type": "Feature", "geometry": {"type": "Point", "coordinates": [80.292271, 6.549266]}, "properties": {"name": "", "lat": 6.549266, "lon": 80.292271, "elev_m": 226.2, "prominence_m": 55.5}}, {"type": "Feature", "geometry": {"type": "Point", "coordinates": [80.632087, 6.85279]}, "properties": {"name": "", "lat": 6.85279, "lon": 80.632087, "elev_m": 1406.1, "prominence_m": 55.4}}, {"type": "Feature", "geometry": {"type": "Point", "coordinates": [80.566307, 7.058135]}, "properties": {"name": "", "lat": 7.058135, "lon": 80.566307, "elev_m": 906.1, "prominence_m": 55.4}}, {"type": "Feature", "geometry": {"type": "Point", "coordinates": [80.528743, 7.221434]}, "properties": {"name": "", "lat": 7.221434, "lon": 80.528743, "elev_m": 566.1, "prominence_m": 55.4}}, {"type": "Feature", "geometry": {"type": "Point", "coordinates": [80.263731, 7.353056]}, "properties": {"name": "", "lat": 7.353056, "lon": 80.263731, "elev_m": 246.1, "prominence_m": 55.4}}, {"type": "Feature", "geometry": {"type": "Point", "coordinates": [80.853718, 7.622732]}, "properties": {"name": "", "lat": 7.622732, "lon": 80.853718, "elev_m": 216.1, "prominence_m": 55.4}}, {"type": "Feature", "geometry": {"type": "Point", "coordinates": [80.616154, 6.60292]}, "properties": {"name": "", "lat": 6.60292, "lon": 80.616154, "elev_m": 206.1, "prominence_m": 55.4}}, {"type": "Feature", "geometry": {"type": "Point", "coordinates": [80.792799, 7.319708]}, "properties": {"name": "", "lat": 7.319708, "lon": 80.792799, "elev_m": 716.0, "prominence_m": 55.3}}, {"type": "Feature", "geometry": {"type": "Point", "coordinates": [80.949283, 7.252395]}, "properties": {"name": "", "lat": 7.252395, "lon": 80.949283, "elev_m": 716.0, "prominence_m": 55.3}}, {"type": "Feature", "geometry": {"type": "Point", "coordinates": [80.361106, 7.540342]}, "properties": {"name": "", "lat": 7.540342, "lon": 80.361106, "elev_m": 366.0, "prominence_m": 55.3}}, {"type": "Feature", "geometry": {"type": "Point", "coordinates": [80.426326, 7.225707]}, "properties": {"name": "", "lat": 7.225707, "lon": 80.426326, "elev_m": 366.0, "prominence_m": 55.3}}, {"type": "Feature", "geometry": {"type": "Point", "coordinates": [80.745484, 7.837597]}, "properties": {"name": "", "lat": 7.837597, "lon": 80.745484, "elev_m": 316.0, "prominence_m": 55.3}}, {"type": "Feature", "geometry": {"type": "Point", "coordinates": [80.934416, 6.663691]}, "properties": {"name": "", "lat": 6.663691, "lon": 80.934416, "elev_m": 296.0, "prominence_m": 55.3}}, {"type": "Feature", "geometry": {"type": "Point", "coordinates": [80.281738, 6.50178]}, "properties": {"name": "", "lat": 6.50178, "lon": 80.281738, "elev_m": 266.0, "prominence_m": 55.3}}, {"type": "Feature", "geometry": {"type": "Point", "coordinates": [80.479394, 7.882797]}, "properties": {"name": "", "lat": 7.882797, "lon": 80.479394, "elev_m": 256.0, "prominence_m": 55.3}}, {"type": "Feature", "geometry": {"type": "Point", "coordinates": [80.605899, 7.902943]}, "properties": {"name": "", "lat": 7.902943, "lon": 80.605899, "elev_m": 226.0, "prominence_m": 55.3}}, {"type": "Feature", "geometry": {"type": "Point", "coordinates": [80.202098, 6.647105]}, "properties": {"name": "", "lat": 6.647105, "lon": 80.202098, "elev_m": 216.0, "prominence_m": 55.3}}, {"type": "Feature", "geometry": {"type": "Point", "coordinates": [80.411423, 6.071612]}, "properties": {"name": "", "lat": 6.071612, "lon": 80.411423, "elev_m": 206.0, "prominence_m": 55.3}}, {"type": "Feature", "geometry": {"type": "Point", "coordinates": [80.36968, 7.07808]}, "properties": {"name": "", "lat": 7.07808, "lon": 80.36968, "elev_m": 955.9, "prominence_m": 55.2}}, {"type": "Feature", "geometry": {"type": "Point", "coordinates": [80.545323, 7.204894]}, "properties": {"name": "", "lat": 7.204894, "lon": 80.545323, "elev_m": 625.9, "prominence_m": 55.2}}, {"type": "Feature", "geometry": {"type": "Point", "coordinates": [81.355254, 6.890171]}, "properties": {"name": "", "lat": 6.890171, "lon": 81.355254, "elev_m": 555.9, "prominence_m": 55.2}}, {"type": "Feature", "geometry": {"type": "Point", "coordinates": [80.780305, 7.846007]}, "properties": {"name": "", "lat": 7.846007, "lon": 80.780305, "elev_m": 495.9, "prominence_m": 55.2}}, {"type": "Feature", "geometry": {"type": "Point", "coordinates": [80.210256, 6.864414]}, "properties": {"name": "", "lat": 6.864414, "lon": 80.210256, "elev_m": 295.9, "prominence_m": 55.2}}, {"type": "Feature", "geometry": {"type": "Point", "coordinates": [80.849456, 8.128949]}, "properties": {"name": "", "lat": 8.128949, "lon": 80.849456, "elev_m": 265.9, "prominence_m": 55.2}}, {"type": "Feature", "geometry": {"type": "Point", "coordinates": [80.963974, 6.616747]}, "properties": {"name": "", "lat": 6.616747, "lon": 80.963974, "elev_m": 265.9, "prominence_m": 55.2}}, {"type": "Feature", "geometry": {"type": "Point", "coordinates": [80.147858, 6.411022]}, "properties": {"name": "", "lat": 6.411022, "lon": 80.147858, "elev_m": 235.9, "prominence_m": 55.2}}, {"type": "Feature", "geometry": {"type": "Point", "coordinates": [80.923885, 6.833255]}, "properties": {"name": "", "lat": 6.833255, "lon": 80.923885, "elev_m": 1395.8, "prominence_m": 55.1}}, {"type": "Feature", "geometry": {"type": "Point", "coordinates": [80.866664, 7.103479]}, "properties": {"name": "", "lat": 7.103479, "lon": 80.866664, "elev_m": 885.8, "prominence_m": 55.1}}, {"type": "Feature", "geometry": {"type": "Point", "coordinates": [80.436903, 6.483188]}, "properties": {"name": "", "lat": 6.483188, "lon": 80.436903, "elev_m": 845.8, "prominence_m": 55.1}}, {"type": "Feature", "geometry": {"type": "Point", "coordinates": [80.594057, 7.600184]}, "properties": {"name": "", "lat": 7.600184, "lon": 80.594057, "elev_m": 575.8, "prominence_m": 55.1}}, {"type": "Feature", "geometry": {"type": "Point", "coordinates": [80.666457, 7.293109]}, "properties": {"name": "", "lat": 7.293109, "lon": 80.666457, "elev_m": 545.8, "prominence_m": 55.1}}, {"type": "Feature", "geometry": {"type": "Point", "coordinates": [80.883377, 7.708452]}, "properties": {"name": "", "lat": 7.708452, "lon": 80.883377, "elev_m": 385.8, "prominence_m": 55.1}}, {"type": "Feature", "geometry": {"type": "Point", "coordinates": [80.25061, 6.946117]}, "properties": {"name": "", "lat": 6.946117, "lon": 80.25061, "elev_m": 295.8, "prominence_m": 55.1}}, {"type": "Feature", "geometry": {"type": "Point", "coordinates": [80.403427, 7.642111]}, "properties": {"name": "", "lat": 7.642111, "lon": 80.403427, "elev_m": 265.8, "prominence_m": 55.1}}, {"type": "Feature", "geometry": {"type": "Point", "coordinates": [80.161606, 6.912913]}, "properties": {"name": "", "lat": 6.912913, "lon": 80.161606, "elev_m": 245.8, "prominence_m": 55.1}}, {"type": "Feature", "geometry": {"type": "Point", "coordinates": [80.875014, 6.767885]}, "properties": {"name": "", "lat": 6.767885, "lon": 80.875014, "elev_m": 1245.7, "prominence_m": 55.0}}, {"type": "Feature", "geometry": {"type": "Point", "coordinates": [80.77541, 7.147167]}, "properties": {"name": "", "lat": 7.147167, "lon": 80.77541, "elev_m": 1125.7, "prominence_m": 55.0}}, {"type": "Feature", "geometry": {"type": "Point", "coordinates": [81.053965, 6.942801]}, "properties": {"name": "Tea Rosette", "lat": 6.942801, "lon": 81.053965, "elev_m": 1115.7, "prominence_m": 55.0}}, {"type": "Feature", "geometry": {"type": "Point", "coordinates": [80.719432, 7.344392]}, "properties": {"name": "", "lat": 7.344392, "lon": 80.719432, "elev_m": 785.7, "prominence_m": 55.0}}, {"type": "Feature", "geometry": {"type": "Point", "coordinates": [80.586372, 7.132478]}, "properties": {"name": "", "lat": 7.132478, "lon": 80.586372, "elev_m": 665.7, "prominence_m": 55.0}}, {"type": "Feature", "geometry": {"type": "Point", "coordinates": [80.467516, 6.54425]}, "properties": {"name": "", "lat": 6.54425, "lon": 80.467516, "elev_m": 565.7, "prominence_m": 55.0}}, {"type": "Feature", "geometry": {"type": "Point", "coordinates": [80.983521, 6.646853]}, "properties": {"name": "", "lat": 6.646853, "lon": 80.983521, "elev_m": 485.7, "prominence_m": 55.0}}, {"type": "Feature", "geometry": {"type": "Point", "coordinates": [80.337516, 7.203385]}, "properties": {"name": "", "lat": 7.203385, "lon": 80.337516, "elev_m": 315.7, "prominence_m": 55.0}}, {"type": "Feature", "geometry": {"type": "Point", "coordinates": [80.280786, 7.163448]}, "properties": {"name": "", "lat": 7.163448, "lon": 80.280786, "elev_m": 235.7, "prominence_m": 55.0}}, {"type": "Feature", "geometry": {"type": "Point", "coordinates": [80.26399, 6.348754]}, "properties": {"name": "", "lat": 6.348754, "lon": 80.26399, "elev_m": 215.7, "prominence_m": 55.0}}, {"type": "Feature", "geometry": {"type": "Point", "coordinates": [80.561792, 6.833501]}, "properties": {"name": "", "lat": 6.833501, "lon": 80.561792, "elev_m": 1235.6, "prominence_m": 54.9}}, {"type": "Feature", "geometry": {"type": "Point", "coordinates": [80.736273, 7.418185]}, "properties": {"name": "", "lat": 7.418185, "lon": 80.736273, "elev_m": 1045.6, "prominence_m": 54.9}}, {"type": "Feature", "geometry": {"type": "Point", "coordinates": [81.103273, 7.182318]}, "properties": {"name": "", "lat": 7.182318, "lon": 81.103273, "elev_m": 885.6, "prominence_m": 54.9}}, {"type": "Feature", "geometry": {"type": "Point", "coordinates": [80.885708, 7.241021]}, "properties": {"name": "", "lat": 7.241021, "lon": 80.885708, "elev_m": 725.6, "prominence_m": 54.9}}, {"type": "Feature", "geometry": {"type": "Point", "coordinates": [80.796874, 7.283355]}, "properties": {"name": "", "lat": 7.283355, "lon": 80.796874, "elev_m": 625.6, "prominence_m": 54.9}}, {"type": "Feature", "geometry": {"type": "Point", "coordinates": [81.342178, 7.078185]}, "properties": {"name": "", "lat": 7.078185, "lon": 81.342178, "elev_m": 365.6, "prominence_m": 54.9}}, {"type": "Feature", "geometry": {"type": "Point", "coordinates": [81.284607, 7.077981]}, "properties": {"name": "", "lat": 7.077981, "lon": 81.284607, "elev_m": 285.6, "prominence_m": 54.9}}, {"type": "Feature", "geometry": {"type": "Point", "coordinates": [80.309314, 6.882697]}, "properties": {"name": "", "lat": 6.882697, "lon": 80.309314, "elev_m": 275.6, "prominence_m": 54.9}}, {"type": "Feature", "geometry": {"type": "Point", "coordinates": [80.551334, 7.670427]}, "properties": {"name": "", "lat": 7.670427, "lon": 80.551334, "elev_m": 265.6, "prominence_m": 54.9}}, {"type": "Feature", "geometry": {"type": "Point", "coordinates": [81.064992, 7.212728]}, "properties": {"name": "", "lat": 7.212728, "lon": 81.064992, "elev_m": 235.6, "prominence_m": 54.9}}, {"type": "Feature", "geometry": {"type": "Point", "coordinates": [80.190499, 7.250423]}, "properties": {"name": "", "lat": 7.250423, "lon": 80.190499, "elev_m": 215.6, "prominence_m": 54.9}}, {"type": "Feature", "geometry": {"type": "Point", "coordinates": [80.172781, 6.433568]}, "properties": {"name": "", "lat": 6.433568, "lon": 80.172781, "elev_m": 205.6, "prominence_m": 54.9}}, {"type": "Feature", "geometry": {"type": "Point", "coordinates": [80.914924, 6.82105]}, "properties": {"name": "", "lat": 6.82105, "lon": 80.914924, "elev_m": 1265.5, "prominence_m": 54.8}}, {"type": "Feature", "geometry": {"type": "Point", "coordinates": [80.961108, 6.929281]}, "properties": {"name": "", "lat": 6.929281, "lon": 80.961108, "elev_m": 1105.5, "prominence_m": 54.8}}, {"type": "Feature", "geometry": {"type": "Point", "coordinates": [81.069615, 6.784899]}, "properties": {"name": "", "lat": 6.784899, "lon": 81.069615, "elev_m": 885.5, "prominence_m": 54.8}}, {"type": "Feature", "geometry": {"type": "Point", "coordinates": [80.815617, 7.239404]}, "properties": {"name": "", "lat": 7.239404, "lon": 80.815617, "elev_m": 845.5, "prominence_m": 54.8}}, {"type": "Feature", "geometry": {"type": "Point", "coordinates": [80.712759, 6.445316]}, "properties": {"name": "", "lat": 6.445316, "lon": 80.712759, "elev_m": 595.5, "prominence_m": 54.8}}, {"type": "Feature", "geometry": {"type": "Point", "coordinates": [80.413356, 6.412092]}, "properties": {"name": "", "lat": 6.412092, "lon": 80.413356, "elev_m": 525.5, "prominence_m": 54.8}}, {"type": "Feature", "geometry": {"type": "Point", "coordinates": [80.876295, 7.659622]}, "properties": {"name": "", "lat": 7.659622, "lon": 80.876295, "elev_m": 445.5, "prominence_m": 54.8}}, {"type": "Feature", "geometry": {"type": "Point", "coordinates": [80.581308, 6.203553]}, "properties": {"name": "", "lat": 6.203553, "lon": 80.581308, "elev_m": 375.5, "prominence_m": 54.8}}, {"type": "Feature", "geometry": {"type": "Point", "coordinates": [80.967784, 7.314513]}, "properties": {"name": "", "lat": 7.314513, "lon": 80.967784, "elev_m": 375.5, "prominence_m": 54.8}}, {"type": "Feature", "geometry": {"type": "Point", "coordinates": [81.35583, 7.137308]}, "properties": {"name": "", "lat": 7.137308, "lon": 81.35583, "elev_m": 295.5, "prominence_m": 54.8}}, {"type": "Feature", "geometry": {"type": "Point", "coordinates": [80.339876, 7.566364]}, "properties": {"name": "", "lat": 7.566364, "lon": 80.339876, "elev_m": 295.5, "prominence_m": 54.8}}, {"type": "Feature", "geometry": {"type": "Point", "coordinates": [80.579382, 6.278161]}, "properties": {"name": "", "lat": 6.278161, "lon": 80.579382, "elev_m": 285.5, "prominence_m": 54.8}}, {"type": "Feature", "geometry": {"type": "Point", "coordinates": [80.232416, 6.709807]}, "properties": {"name": "", "lat": 6.709807, "lon": 80.232416, "elev_m": 275.5, "prominence_m": 54.8}}, {"type": "Feature", "geometry": {"type": "Point", "coordinates": [81.52625, 7.380662]}, "properties": {"name": "", "lat": 7.380662, "lon": 81.52625, "elev_m": 275.5, "prominence_m": 54.8}}, {"type": "Feature", "geometry": {"type": "Point", "coordinates": [80.162139, 6.487542]}, "properties": {"name": "", "lat": 6.487542, "lon": 80.162139, "elev_m": 215.5, "prominence_m": 54.8}}, {"type": "Feature", "geometry": {"type": "Point", "coordinates": [80.797999, 8.052725]}, "properties": {"name": "", "lat": 8.052725, "lon": 80.797999, "elev_m": 205.5, "prominence_m": 54.8}}, {"type": "Feature", "geometry": {"type": "Point", "coordinates": [80.716778, 6.855792]}, "properties": {"name": "", "lat": 6.855792, "lon": 80.716778, "elev_m": 1645.4, "prominence_m": 54.7}}, {"type": "Feature", "geometry": {"type": "Point", "coordinates": [80.877213, 6.903804]}, "properties": {"name": "", "lat": 6.903804, "lon": 80.877213, "elev_m": 1255.4, "prominence_m": 54.7}}, {"type": "Feature", "geometry": {"type": "Point", "coordinates": [80.475073, 7.040722]}, "properties": {"name": "", "lat": 7.040722, "lon": 80.475073, "elev_m": 885.4, "prominence_m": 54.7}}, {"type": "Feature", "geometry": {"type": "Point", "coordinates": [80.674613, 7.271136]}, "properties": {"name": "", "lat": 7.271136, "lon": 80.674613, "elev_m": 595.4, "prominence_m": 54.7}}, {"type": "Feature", "geometry": {"type": "Point", "coordinates": [80.76834, 7.573093]}, "properties": {"name": "", "lat": 7.573093, "lon": 80.76834, "elev_m": 555.4, "prominence_m": 54.7}}, {"type": "Feature", "geometry": {"type": "Point", "coordinates": [80.901591, 6.689745]}, "properties": {"name": "", "lat": 6.689745, "lon": 80.901591, "elev_m": 485.4, "prominence_m": 54.7}}, {"type": "Feature", "geometry": {"type": "Point", "coordinates": [80.597871, 7.582009]}, "properties": {"name": "", "lat": 7.582009, "lon": 80.597871, "elev_m": 475.4, "prominence_m": 54.7}}, {"type": "Feature", "geometry": {"type": "Point", "coordinates": [80.595137, 7.61836]}, "properties": {"name": "", "lat": 7.61836, "lon": 80.595137, "elev_m": 455.4, "prominence_m": 54.7}}, {"type": "Feature", "geometry": {"type": "Point", "coordinates": [80.656593, 6.54216]}, "properties": {"name": "", "lat": 6.54216, "lon": 80.656593, "elev_m": 435.4, "prominence_m": 54.7}}, {"type": "Feature", "geometry": {"type": "Point", "coordinates": [81.354401, 7.295194]}, "properties": {"name": "", "lat": 7.295194, "lon": 81.354401, "elev_m": 435.4, "prominence_m": 54.7}}, {"type": "Feature", "geometry": {"type": "Point", "coordinates": [80.324456, 7.224804]}, "properties": {"name": "", "lat": 7.224804, "lon": 80.324456, "elev_m": 315.4, "prominence_m": 54.7}}, {"type": "Feature", "geometry": {"type": "Point", "coordinates": [80.30959, 6.878628]}, "properties": {"name": "", "lat": 6.878628, "lon": 80.30959, "elev_m": 305.4, "prominence_m": 54.7}}, {"type": "Feature", "geometry": {"type": "Point", "coordinates": [80.641035, 7.789287]}, "properties": {"name": "", "lat": 7.789287, "lon": 80.641035, "elev_m": 275.4, "prominence_m": 54.7}}, {"type": "Feature", "geometry": {"type": "Point", "coordinates": [80.472795, 7.599845]}, "properties": {"name": "", "lat": 7.599845, "lon": 80.472795, "elev_m": 235.4, "prominence_m": 54.7}}, {"type": "Feature", "geometry": {"type": "Point", "coordinates": [80.440896, 6.180694]}, "properties": {"name": "", "lat": 6.180694, "lon": 80.440896, "elev_m": 235.4, "prominence_m": 54.7}}, {"type": "Feature", "geometry": {"type": "Point", "coordinates": [80.957053, 6.974046]}, "properties": {"name": "", "lat": 6.974046, "lon": 80.957053, "elev_m": 1105.3, "prominence_m": 54.6}}, {"type": "Feature", "geometry": {"type": "Point", "coordinates": [81.041003, 7.066788]}, "properties": {"name": "", "lat": 7.066788, "lon": 81.041003, "elev_m": 875.3, "prominence_m": 54.6}}, {"type": "Feature", "geometry": {"type": "Point", "coordinates": [80.462404, 6.476422]}, "properties": {"name": "", "lat": 6.476422, "lon": 80.462404, "elev_m": 505.3, "prominence_m": 54.6}}, {"type": "Feature", "geometry": {"type": "Point", "coordinates": [80.626669, 7.642788]}, "properties": {"name": "", "lat": 7.642788, "lon": 80.626669, "elev_m": 495.3, "prominence_m": 54.6}}, {"type": "Feature", "geometry": {"type": "Point", "coordinates": [81.217306, 6.83796]}, "properties": {"name": "", "lat": 6.83796, "lon": 81.217306, "elev_m": 445.3, "prominence_m": 54.6}}, {"type": "Feature", "geometry": {"type": "Point", "coordinates": [80.397289, 6.129118]}, "properties": {"name": "", "lat": 6.129118, "lon": 80.397289, "elev_m": 365.3, "prominence_m": 54.6}}, {"type": "Feature", "geometry": {"type": "Point", "coordinates": [80.312906, 7.618151]}, "properties": {"name": "", "lat": 7.618151, "lon": 80.312906, "elev_m": 315.3, "prominence_m": 54.6}}, {"type": "Feature", "geometry": {"type": "Point", "coordinates": [80.320064, 7.269561]}, "properties": {"name": "", "lat": 7.269561, "lon": 80.320064, "elev_m": 245.3, "prominence_m": 54.6}}, {"type": "Feature", "geometry": {"type": "Point", "coordinates": [80.209406, 6.662034]}, "properties": {"name": "", "lat": 6.662034, "lon": 80.209406, "elev_m": 245.3, "prominence_m": 54.6}}, {"type": "Feature", "geometry": {"type": "Point", "coordinates": [80.254449, 7.155281]}, "properties": {"name": "", "lat": 7.155281, "lon": 80.254449, "elev_m": 215.3, "prominence_m": 54.6}}, {"type": "Feature", "geometry": {"type": "Point", "coordinates": [80.366656, 6.133707]}, "properties": {"name": "", "lat": 6.133707, "lon": 80.366656, "elev_m": 215.3, "prominence_m": 54.6}}, {"type": "Feature", "geometry": {"type": "Point", "coordinates": [81.357809, 7.409126]}, "properties": {"name": "", "lat": 7.409126, "lon": 81.357809, "elev_m": 205.3, "prominence_m": 54.6}}, {"type": "Feature", "geometry": {"type": "Point", "coordinates": [81.458777, 6.960567]}, "properties": {"name": "", "lat": 6.960567, "lon": 81.458777, "elev_m": 205.3, "prominence_m": 54.6}}, {"type": "Feature", "geometry": {"type": "Point", "coordinates": [80.633577, 6.392396]}, "properties": {"name": "", "lat": 6.392396, "lon": 80.633577, "elev_m": 1235.2, "prominence_m": 54.5}}, {"type": "Feature", "geometry": {"type": "Point", "coordinates": [80.478667, 6.494338]}, "properties": {"name": "", "lat": 6.494338, "lon": 80.478667, "elev_m": 1025.2, "prominence_m": 54.5}}, {"type": "Feature", "geometry": {"type": "Point", "coordinates": [80.622641, 6.683226]}, "properties": {"name": "", "lat": 6.683226, "lon": 80.622641, "elev_m": 1025.2, "prominence_m": 54.5}}, {"type": "Feature", "geometry": {"type": "Point", "coordinates": [80.479373, 7.11126]}, "properties": {"name": "", "lat": 7.11126, "lon": 80.479373, "elev_m": 905.2, "prominence_m": 54.5}}, {"type": "Feature", "geometry": {"type": "Point", "coordinates": [81.152174, 6.852393]}, "properties": {"name": "", "lat": 6.852393, "lon": 81.152174, "elev_m": 855.2, "prominence_m": 54.5}}, {"type": "Feature", "geometry": {"type": "Point", "coordinates": [80.763984, 7.779]}, "properties": {"name": "", "lat": 7.779, "lon": 80.763984, "elev_m": 495.2, "prominence_m": 54.5}}, {"type": "Feature", "geometry": {"type": "Point", "coordinates": [81.213535, 6.869433]}, "properties": {"name": "", "lat": 6.869433, "lon": 81.213535, "elev_m": 445.2, "prominence_m": 54.5}}, {"type": "Feature", "geometry": {"type": "Point", "coordinates": [81.35693, 7.360026]}, "properties": {"name": "", "lat": 7.360026, "lon": 81.35693, "elev_m": 395.2, "prominence_m": 54.5}}, {"type": "Feature", "geometry": {"type": "Point", "coordinates": [81.079939, 7.221942]}, "properties": {"name": "", "lat": 7.221942, "lon": 81.079939, "elev_m": 365.2, "prominence_m": 54.5}}, {"type": "Feature", "geometry": {"type": "Point", "coordinates": [80.414383, 7.212947]}, "properties": {"name": "", "lat": 7.212947, "lon": 80.414383, "elev_m": 345.2, "prominence_m": 54.5}}, {"type": "Feature", "geometry": {"type": "Point", "coordinates": [80.827643, 7.853058]}, "properties": {"name": "", "lat": 7.853058, "lon": 80.827643, "elev_m": 225.2, "prominence_m": 54.5}}, {"type": "Feature", "geometry": {"type": "Point", "coordinates": [80.626986, 6.670205]}, "properties": {"name": "", "lat": 6.670205, "lon": 80.626986, "elev_m": 1065.1, "prominence_m": 54.4}}, {"type": "Feature", "geometry": {"type": "Point", "coordinates": [80.819958, 7.179448]}, "properties": {"name": "", "lat": 7.179448, "lon": 80.819958, "elev_m": 935.1, "prominence_m": 54.4}}, {"type": "Feature", "geometry": {"type": "Point", "coordinates": [80.59794, 7.414082]}, "properties": {"name": "", "lat": 7.414082, "lon": 80.59794, "elev_m": 695.1, "prominence_m": 54.4}}, {"type": "Feature", "geometry": {"type": "Point", "coordinates": [80.733571, 7.252426]}, "properties": {"name": "", "lat": 7.252426, "lon": 80.733571, "elev_m": 555.1, "prominence_m": 54.4}}, {"type": "Feature", "geometry": {"type": "Point", "coordinates": [80.7689, 6.609999]}, "properties": {"name": "", "lat": 6.609999, "lon": 80.7689, "elev_m": 545.1, "prominence_m": 54.4}}, {"type": "Feature", "geometry": {"type": "Point", "coordinates": [80.63462, 6.541883]}, "properties": {"name": "", "lat": 6.541883, "lon": 80.63462, "elev_m": 465.1, "prominence_m": 54.4}}, {"type": "Feature", "geometry": {"type": "Point", "coordinates": [80.575897, 6.175336]}, "properties": {"name": "", "lat": 6.175336, "lon": 80.575897, "elev_m": 405.1, "prominence_m": 54.4}}, {"type": "Feature", "geometry": {"type": "Point", "coordinates": [80.917056, 6.684315]}, "properties": {"name": "", "lat": 6.684315, "lon": 80.917056, "elev_m": 335.1, "prominence_m": 54.4}}, {"type": "Feature", "geometry": {"type": "Point", "coordinates": [80.493827, 6.548063]}, "properties": {"name": "", "lat": 6.548063, "lon": 80.493827, "elev_m": 295.1, "prominence_m": 54.4}}, {"type": "Feature", "geometry": {"type": "Point", "coordinates": [81.234397, 6.82872]}, "properties": {"name": "", "lat": 6.82872, "lon": 81.234397, "elev_m": 295.1, "prominence_m": 54.4}}, {"type": "Feature", "geometry": {"type": "Point", "coordinates": [80.326532, 7.046029]}, "properties": {"name": "", "lat": 7.046029, "lon": 80.326532, "elev_m": 245.1, "prominence_m": 54.4}}, {"type": "Feature", "geometry": {"type": "Point", "coordinates": [81.054664, 7.202968]}, "properties": {"name": "", "lat": 7.202968, "lon": 81.054664, "elev_m": 205.1, "prominence_m": 54.4}}, {"type": "Feature", "geometry": {"type": "Point", "coordinates": [81.216708, 7.070182]}, "properties": {"name": "", "lat": 7.070182, "lon": 81.216708, "elev_m": 885.0, "prominence_m": 54.3}}, {"type": "Feature", "geometry": {"type": "Point", "coordinates": [80.607135, 7.531825]}, "properties": {"name": "", "lat": 7.531825, "lon": 80.607135, "elev_m": 885.0, "prominence_m": 54.3}}, {"type": "Feature", "geometry": {"type": "Point", "coordinates": [80.882002, 7.647684]}, "properties": {"name": "", "lat": 7.647684, "lon": 80.882002, "elev_m": 405.0, "prominence_m": 54.3}}, {"type": "Feature", "geometry": {"type": "Point", "coordinates": [80.578737, 6.545391]}, "properties": {"name": "", "lat": 6.545391, "lon": 80.578737, "elev_m": 375.0, "prominence_m": 54.3}}, {"type": "Feature", "geometry": {"type": "Point", "coordinates": [80.805867, 7.685948]}, "properties": {"name": "", "lat": 7.685948, "lon": 80.805867, "elev_m": 265.0, "prominence_m": 54.3}}, {"type": "Feature", "geometry": {"type": "Point", "coordinates": [80.278898, 6.354466]}, "properties": {"name": "", "lat": 6.354466, "lon": 80.278898, "elev_m": 255.0, "prominence_m": 54.3}}, {"type": "Feature", "geometry": {"type": "Point", "coordinates": [80.564598, 6.622434]}, "properties": {"name": "", "lat": 6.622434, "lon": 80.564598, "elev_m": 225.0, "prominence_m": 54.3}}, {"type": "Feature", "geometry": {"type": "Point", "coordinates": [81.098612, 7.499185]}, "properties": {"name": "", "lat": 7.499185, "lon": 81.098612, "elev_m": 215.0, "prominence_m": 54.3}}, {"type": "Feature", "geometry": {"type": "Point", "coordinates": [81.473834, 6.860444]}, "properties": {"name": "", "lat": 6.860444, "lon": 81.473834, "elev_m": 215.0, "prominence_m": 54.3}}, {"type": "Feature", "geometry": {"type": "Point", "coordinates": [80.24797, 6.369356]}, "properties": {"name": "", "lat": 6.369356, "lon": 80.24797, "elev_m": 205.0, "prominence_m": 54.3}}, {"type": "Feature", "geometry": {"type": "Point", "coordinates": [80.688442, 7.407869]}, "properties": {"name": "", "lat": 7.407869, "lon": 80.688442, "elev_m": 994.9, "prominence_m": 54.2}}, {"type": "Feature", "geometry": {"type": "Point", "coordinates": [80.789002, 7.548406]}, "properties": {"name": "", "lat": 7.548406, "lon": 80.789002, "elev_m": 654.9, "prominence_m": 54.2}}, {"type": "Feature", "geometry": {"type": "Point", "coordinates": [80.849477, 6.599685]}, "properties": {"name": "", "lat": 6.599685, "lon": 80.849477, "elev_m": 524.9, "prominence_m": 54.2}}, {"type": "Feature", "geometry": {"type": "Point", "coordinates": [81.009551, 6.607775]}, "properties": {"name": "", "lat": 6.607775, "lon": 81.009551, "elev_m": 294.9, "prominence_m": 54.2}}, {"type": "Feature", "geometry": {"type": "Point", "coordinates": [80.437492, 6.413465]}, "properties": {"name": "", "lat": 6.413465, "lon": 80.437492, "elev_m": 814.8, "prominence_m": 54.1}}, {"type": "Feature", "geometry": {"type": "Point", "coordinates": [80.480527, 7.005186]}, "properties": {"name": "", "lat": 7.005186, "lon": 80.480527, "elev_m": 774.8, "prominence_m": 54.1}}, {"type": "Feature", "geometry": {"type": "Point", "coordinates": [80.775138, 7.242662]}, "properties": {"name": "", "lat": 7.242662, "lon": 80.775138, "elev_m": 704.8, "prominence_m": 54.1}}, {"type": "Feature", "geometry": {"type": "Point", "coordinates": [80.723251, 7.223939]}, "properties": {"name": "", "lat": 7.223939, "lon": 80.723251, "elev_m": 624.8, "prominence_m": 54.1}}, {"type": "Feature", "geometry": {"type": "Point", "coordinates": [81.128311, 7.244696]}, "properties": {"name": "", "lat": 7.244696, "lon": 81.128311, "elev_m": 584.8, "prominence_m": 54.1}}, {"type": "Feature", "geometry": {"type": "Point", "coordinates": [80.823982, 6.672125]}, "properties": {"name": "", "lat": 6.672125, "lon": 80.823982, "elev_m": 504.8, "prominence_m": 54.1}}, {"type": "Feature", "geometry": {"type": "Point", "coordinates": [81.034542, 6.667719]}, "properties": {"name": "", "lat": 6.667719, "lon": 81.034542, "elev_m": 424.8, "prominence_m": 54.1}}, {"type": "Feature", "geometry": {"type": "Point", "coordinates": [81.053499, 7.073563]}, "properties": {"name": "", "lat": 7.073563, "lon": 81.053499, "elev_m": 374.8, "prominence_m": 54.1}}, {"type": "Feature", "geometry": {"type": "Point", "coordinates": [80.397796, 6.548]}, "properties": {"name": "", "lat": 6.548, "lon": 80.397796, "elev_m": 344.8, "prominence_m": 54.1}}, {"type": "Feature", "geometry": {"type": "Point", "coordinates": [80.749032, 7.656649]}, "properties": {"name": "", "lat": 7.656649, "lon": 80.749032, "elev_m": 304.8, "prominence_m": 54.1}}, {"type": "Feature", "geometry": {"type": "Point", "coordinates": [81.583326, 7.387616]}, "properties": {"name": "", "lat": 7.387616, "lon": 81.583326, "elev_m": 254.8, "prominence_m": 54.1}}, {"type": "Feature", "geometry": {"type": "Point", "coordinates": [80.148428, 6.388777]}, "properties": {"name": "", "lat": 6.388777, "lon": 80.148428, "elev_m": 244.8, "prominence_m": 54.1}}, {"type": "Feature", "geometry": {"type": "Point", "coordinates": [80.267517, 6.876957]}, "properties": {"name": "", "lat": 6.876957, "lon": 80.267517, "elev_m": 234.8, "prominence_m": 54.1}}, {"type": "Feature", "geometry": {"type": "Point", "coordinates": [80.295584, 7.037588]}, "properties": {"name": "", "lat": 7.037588, "lon": 80.295584, "elev_m": 214.8, "prominence_m": 54.1}}, {"type": "Feature", "geometry": {"type": "Point", "coordinates": [80.816205, 7.730709]}, "properties": {"name": "", "lat": 7.730709, "lon": 80.816205, "elev_m": 204.8, "prominence_m": 54.1}}, {"type": "Feature", "geometry": {"type": "Point", "coordinates": [80.710528, 6.906523]}, "properties": {"name": "", "lat": 6.906523, "lon": 80.710528, "elev_m": 1474.7, "prominence_m": 54.0}}, {"type": "Feature", "geometry": {"type": "Point", "coordinates": [80.585911, 6.929821]}, "properties": {"name": "", "lat": 6.929821, "lon": 80.585911, "elev_m": 1404.7, "prominence_m": 54.0}}, {"type": "Feature", "geometry": {"type": "Point", "coordinates": [80.502865, 6.38746]}, "properties": {"name": "", "lat": 6.38746, "lon": 80.502865, "elev_m": 724.7, "prominence_m": 54.0}}, {"type": "Feature", "geometry": {"type": "Point", "coordinates": [80.699296, 7.505807]}, "properties": {"name": "", "lat": 7.505807, "lon": 80.699296, "elev_m": 704.7, "prominence_m": 54.0}}, {"type": "Feature", "geometry": {"type": "Point", "coordinates": [80.624527, 7.547837]}, "properties": {"name": "", "lat": 7.547837, "lon": 80.624527, "elev_m": 454.7, "prominence_m": 54.0}}, {"type": "Feature", "geometry": {"type": "Point", "coordinates": [81.454109, 7.472467]}, "properties": {"name": "", "lat": 7.472467, "lon": 81.454109, "elev_m": 414.7, "prominence_m": 54.0}}, {"type": "Feature", "geometry": {"type": "Point", "coordinates": [81.264073, 6.918215]}, "properties": {"name": "", "lat": 6.918215, "lon": 81.264073, "elev_m": 344.7, "prominence_m": 54.0}}, {"type": "Feature", "geometry": {"type": "Point", "coordinates": [80.518935, 7.733618]}, "properties": {"name": "", "lat": 7.733618, "lon": 80.518935, "elev_m": 344.7, "prominence_m": 54.0}}, {"type": "Feature", "geometry": {"type": "Point", "coordinates": [80.321238, 6.903869]}, "properties": {"name": "", "lat": 6.903869, "lon": 80.321238, "elev_m": 344.7, "prominence_m": 54.0}}, {"type": "Feature", "geometry": {"type": "Point", "coordinates": [80.722657, 7.6363]}, "properties": {"name": "", "lat": 7.6363, "lon": 80.722657, "elev_m": 314.7, "prominence_m": 54.0}}, {"type": "Feature", "geometry": {"type": "Point", "coordinates": [80.352418, 6.946761]}, "properties": {"name": "", "lat": 6.946761, "lon": 80.352418, "elev_m": 294.7, "prominence_m": 54.0}}, {"type": "Feature", "geometry": {"type": "Point", "coordinates": [80.316046, 7.212859]}, "properties": {"name": "", "lat": 7.212859, "lon": 80.316046, "elev_m": 284.7, "prominence_m": 54.0}}, {"type": "Feature", "geometry": {"type": "Point", "coordinates": [80.211298, 7.126745]}, "properties": {"name": "", "lat": 7.126745, "lon": 80.211298, "elev_m": 214.7, "prominence_m": 54.0}}, {"type": "Feature", "geometry": {"type": "Point", "coordinates": [80.656788, 6.855238]}, "properties": {"name": "", "lat": 6.855238, "lon": 80.656788, "elev_m": 1914.6, "prominence_m": 53.9}}, {"type": "Feature", "geometry": {"type": "Point", "coordinates": [80.722751, 6.84277]}, "properties": {"name": "", "lat": 6.84277, "lon": 80.722751, "elev_m": 1594.6, "prominence_m": 53.9}}, {"type": "Feature", "geometry": {"type": "Point", "coordinates": [81.178225, 6.844233]}, "properties": {"name": "", "lat": 6.844233, "lon": 81.178225, "elev_m": 564.6, "prominence_m": 53.9}}, {"type": "Feature", "geometry": {"type": "Point", "coordinates": [81.248312, 6.902225]}, "properties": {"name": "", "lat": 6.902225, "lon": 81.248312, "elev_m": 384.6, "prominence_m": 53.9}}, {"type": "Feature", "geometry": {"type": "Point", "coordinates": [80.391624, 7.141309]}, "properties": {"name": "", "lat": 7.141309, "lon": 80.391624, "elev_m": 374.6, "prominence_m": 53.9}}, {"type": "Feature", "geometry": {"type": "Point", "coordinates": [80.67455, 6.276289]}, "properties": {"name": "", "lat": 6.276289, "lon": 80.67455, "elev_m": 234.6, "prominence_m": 53.9}}, {"type": "Feature", "geometry": {"type": "Point", "coordinates": [80.255302, 7.357658]}, "properties": {"name": "", "lat": 7.357658, "lon": 80.255302, "elev_m": 214.6, "prominence_m": 53.9}}, {"type": "Feature", "geometry": {"type": "Point", "coordinates": [81.000797, 7.036425]}, "properties": {"name": "", "lat": 7.036425, "lon": 81.000797, "elev_m": 1294.5, "prominence_m": 53.8}}, {"type": "Feature", "geometry": {"type": "Point", "coordinates": [80.629613, 6.955067]}, "properties": {"name": "", "lat": 6.955067, "lon": 80.629613, "elev_m": 1244.5, "prominence_m": 53.8}}, {"type": "Feature", "geometry": {"type": "Point", "coordinates": [80.600683, 7.349516]}, "properties": {"name": "", "lat": 7.349516, "lon": 80.600683, "elev_m": 534.5, "prominence_m": 53.8}}, {"type": "Feature", "geometry": {"type": "Point", "coordinates": [81.05459, 7.081973]}, "properties": {"name": "", "lat": 7.081973, "lon": 81.05459, "elev_m": 414.5, "prominence_m": 53.8}}, {"type": "Feature", "geometry": {"type": "Point", "coordinates": [80.794724, 7.847635]}, "properties": {"name": "", "lat": 7.847635, "lon": 80.794724, "elev_m": 374.5, "prominence_m": 53.8}}, {"type": "Feature", "geometry": {"type": "Point", "coordinates": [80.240303, 6.440426]}, "properties": {"name": "", "lat": 6.440426, "lon": 80.240303, "elev_m": 334.5, "prominence_m": 53.8}}, {"type": "Feature", "geometry": {"type": "Point", "coordinates": [81.46056, 7.065819]}, "properties": {"name": "", "lat": 7.065819, "lon": 81.46056, "elev_m": 274.5, "prominence_m": 53.8}}, {"type": "Feature", "geometry": {"type": "Point", "coordinates": [81.334844, 7.299016]}, "properties": {"name": "", "lat": 7.299016, "lon": 81.334844, "elev_m": 274.5, "prominence_m": 53.8}}, {"type": "Feature", "geometry": {"type": "Point", "coordinates": [80.91649, 7.506063]}, "properties": {"name": "", "lat": 7.506063, "lon": 80.91649, "elev_m": 264.5, "prominence_m": 53.8}}, {"type": "Feature", "geometry": {"type": "Point", "coordinates": [80.192483, 7.18559]}, "properties": {"name": "", "lat": 7.18559, "lon": 80.192483, "elev_m": 254.5, "prominence_m": 53.8}}, {"type": "Feature", "geometry": {"type": "Point", "coordinates": [80.704015, 6.888617]}, "properties": {"name": "", "lat": 6.888617, "lon": 80.704015, "elev_m": 1504.4, "prominence_m": 53.7}}, {"type": "Feature", "geometry": {"type": "Point", "coordinates": [81.186732, 6.951114]}, "properties": {"name": "", "lat": 6.951114, "lon": 81.186732, "elev_m": 1244.4, "prominence_m": 53.7}}, {"type": "Feature", "geometry": {"type": "Point", "coordinates": [80.496115, 7.269704]}, "properties": {"name": "", "lat": 7.269704, "lon": 80.496115, "elev_m": 614.4, "prominence_m": 53.7}}, {"type": "Feature", "geometry": {"type": "Point", "coordinates": [80.606846, 7.574417]}, "properties": {"name": "", "lat": 7.574417, "lon": 80.606846, "elev_m": 504.4, "prominence_m": 53.7}}, {"type": "Feature", "geometry": {"type": "Point", "coordinates": [81.123642, 6.809279]}, "properties": {"name": "", "lat": 6.809279, "lon": 81.123642, "elev_m": 424.4, "prominence_m": 53.7}}, {"type": "Feature", "geometry": {"type": "Point", "coordinates": [80.886873, 7.555174]}, "properties": {"name": "", "lat": 7.555174, "lon": 80.886873, "elev_m": 384.4, "prominence_m": 53.7}}, {"type": "Feature", "geometry": {"type": "Point", "coordinates": [80.595914, 6.299871]}, "properties": {"name": "", "lat": 6.299871, "lon": 80.595914, "elev_m": 354.4, "prominence_m": 53.7}}, {"type": "Feature", "geometry": {"type": "Point", "coordinates": [80.695117, 6.528331]}, "properties": {"name": "", "lat": 6.528331, "lon": 80.695117, "elev_m": 314.4, "prominence_m": 53.7}}, {"type": "Feature", "geometry": {"type": "Point", "coordinates": [81.119259, 6.75204]}, "properties": {"name": "", "lat": 6.75204, "lon": 81.119259, "elev_m": 304.4, "prominence_m": 53.7}}, {"type": "Feature", "geometry": {"type": "Point", "coordinates": [80.523658, 7.566238]}, "properties": {"name": "", "lat": 7.566238, "lon": 80.523658, "elev_m": 274.4, "prominence_m": 53.7}}, {"type": "Feature", "geometry": {"type": "Point", "coordinates": [80.256066, 7.166405]}, "properties": {"name": "", "lat": 7.166405, "lon": 80.256066, "elev_m": 214.4, "prominence_m": 53.7}}, {"type": "Feature", "geometry": {"type": "Point", "coordinates": [80.970026, 6.826185]}, "properties": {"name": "", "lat": 6.826185, "lon": 80.970026, "elev_m": 1344.3, "prominence_m": 53.6}}, {"type": "Feature", "geometry": {"type": "Point", "coordinates": [80.808874, 7.891853]}, "properties": {"name": "", "lat": 7.891853, "lon": 80.808874, "elev_m": 494.3, "prominence_m": 53.6}}, {"type": "Feature", "geometry": {"type": "Point", "coordinates": [80.936297, 7.404865]}, "properties": {"name": "", "lat": 7.404865, "lon": 80.936297, "elev_m": 364.3, "prominence_m": 53.6}}, {"type": "Feature", "geometry": {"type": "Point", "coordinates": [80.347853, 6.582414]}, "properties": {"name": "", "lat": 6.582414, "lon": 80.347853, "elev_m": 294.3, "prominence_m": 53.6}}, {"type": "Feature", "geometry": {"type": "Point", "coordinates": [80.373965, 7.14672]}, "properties": {"name": "", "lat": 7.14672, "lon": 80.373965, "elev_m": 284.3, "prominence_m": 53.6}}, {"type": "Feature", "geometry": {"type": "Point", "coordinates": [81.202349, 7.674615]}, "properties": {"name": "", "lat": 7.674615, "lon": 81.202349, "elev_m": 284.3, "prominence_m": 53.6}}, {"type": "Feature", "geometry": {"type": "Point", "coordinates": [80.530874, 6.226322]}, "properties": {"name": "", "lat": 6.226322, "lon": 80.530874, "elev_m": 274.3, "prominence_m": 53.6}}, {"type": "Feature", "geometry": {"type": "Point", "coordinates": [80.501122, 6.601784]}, "properties": {"name": "", "lat": 6.601784, "lon": 80.501122, "elev_m": 264.3, "prominence_m": 53.6}}, {"type": "Feature", "geometry": {"type": "Point", "coordinates": [80.474834, 7.792186]}, "properties": {"name": "", "lat": 7.792186, "lon": 80.474834, "elev_m": 234.3, "prominence_m": 53.6}}, {"type": "Feature", "geometry": {"type": "Point", "coordinates": [81.338401, 7.740649]}, "properties": {"name": "", "lat": 7.740649, "lon": 81.338401, "elev_m": 224.3, "prominence_m": 53.6}}, {"type": "Feature", "geometry": {"type": "Point", "coordinates": [80.351676, 7.45298]}, "properties": {"name": "", "lat": 7.45298, "lon": 80.351676, "elev_m": 224.3, "prominence_m": 53.6}}, {"type": "Feature", "geometry": {"type": "Point", "coordinates": [80.667649, 6.843304]}, "properties": {"name": "", "lat": 6.843304, "lon": 80.667649, "elev_m": 1984.2, "prominence_m": 53.5}}, {"type": "Feature", "geometry": {"type": "Point", "coordinates": [80.873421, 6.9445]}, "properties": {"name": "", "lat": 6.9445, "lon": 80.873421, "elev_m": 1214.2, "prominence_m": 53.5}}, {"type": "Feature", "geometry": {"type": "Point", "coordinates": [80.457596, 6.356777]}, "properties": {"name": "", "lat": 6.356777, "lon": 80.457596, "elev_m": 664.2, "prominence_m": 53.5}}, {"type": "Feature", "geometry": {"type": "Point", "coordinates": [80.479049, 6.303615]}, "properties": {"name": "", "lat": 6.303615, "lon": 80.479049, "elev_m": 534.2, "prominence_m": 53.5}}, {"type": "Feature", "geometry": {"type": "Point", "coordinates": [80.675915, 7.522079]}, "properties": {"name": "", "lat": 7.522079, "lon": 80.675915, "elev_m": 424.2, "prominence_m": 53.5}}, {"type": "Feature", "geometry": {"type": "Point", "coordinates": [81.455933, 7.058501]}, "properties": {"name": "", "lat": 7.058501, "lon": 81.455933, "elev_m": 264.2, "prominence_m": 53.5}}, {"type": "Feature", "geometry": {"type": "Point", "coordinates": [80.109953, 6.571031]}, "properties": {"name": "", "lat": 6.571031, "lon": 80.109953, "elev_m": 254.2, "prominence_m": 53.5}}, {"type": "Feature", "geometry": {"type": "Point", "coordinates": [80.440579, 7.051279]}, "properties": {"name": "", "lat": 7.051279, "lon": 80.440579, "elev_m": 874.1, "prominence_m": 53.4}}, {"type": "Feature", "geometry": {"type": "Point", "coordinates": [80.513572, 7.149804]}, "properties": {"name": "", "lat": 7.149804, "lon": 80.513572, "elev_m": 724.1, "prominence_m": 53.4}}, {"type": "Feature", "geometry": {"type": "Point", "coordinates": [80.418997, 6.86353]}, "properties": {"name": "", "lat": 6.86353, "lon": 80.418997, "elev_m": 714.1, "prominence_m": 53.4}}, {"type": "Feature", "geometry": {"type": "Point", "coordinates": [80.590888, 6.695423]}, "properties": {"name": "", "lat": 6.695423, "lon": 80.590888, "elev_m": 654.1, "prominence_m": 53.4}}, {"type": "Feature", "geometry": {"type": "Point", "coordinates": [80.743079, 7.260294]}, "properties": {"name": "", "lat": 7.260294, "lon": 80.743079, "elev_m": 554.1, "prominence_m": 53.4}}, {"type": "Feature", "geometry": {"type": "Point", "coordinates": [80.972114, 7.275988]}, "properties": {"name": "", "lat": 7.275988, "lon": 80.972114, "elev_m": 434.1, "prominence_m": 53.4}}, {"type": "Feature", "geometry": {"type": "Point", "coordinates": [80.711413, 6.369623]}, "properties": {"name": "", "lat": 6.369623, "lon": 80.711413, "elev_m": 374.1, "prominence_m": 53.4}}, {"type": "Feature", "geometry": {"type": "Point", "coordinates": [80.729582, 6.365013]}, "properties": {"name": "", "lat": 6.365013, "lon": 80.729582, "elev_m": 344.1, "prominence_m": 53.4}}, {"type": "Feature", "geometry": {"type": "Point", "coordinates": [80.574229, 6.281686]}, "properties": {"name": "", "lat": 6.281686, "lon": 80.574229, "elev_m": 234.1, "prominence_m": 53.4}}, {"type": "Feature", "geometry": {"type": "Point", "coordinates": [80.94474, 6.701398]}, "properties": {"name": "", "lat": 6.701398, "lon": 80.94474, "elev_m": 604.0, "prominence_m": 53.3}}, {"type": "Feature", "geometry": {"type": "Point", "coordinates": [80.332681, 7.146953]}, "properties": {"name": "", "lat": 7.146953, "lon": 80.332681, "elev_m": 364.0, "prominence_m": 53.3}}, {"type": "Feature", "geometry": {"type": "Point", "coordinates": [80.688063, 6.529958]}, "properties": {"name": "", "lat": 6.529958, "lon": 80.688063, "elev_m": 334.0, "prominence_m": 53.3}}, {"type": "Feature", "geometry": {"type": "Point", "coordinates": [80.352537, 7.11496]}, "properties": {"name": "", "lat": 7.11496, "lon": 80.352537, "elev_m": 334.0, "prominence_m": 53.3}}, {"type": "Feature", "geometry": {"type": "Point", "coordinates": [80.866747, 7.517741]}, "properties": {"name": "", "lat": 7.517741, "lon": 80.866747, "elev_m": 324.0, "prominence_m": 53.3}}, {"type": "Feature", "geometry": {"type": "Point", "coordinates": [81.008444, 7.12432]}, "properties": {"name": "", "lat": 7.12432, "lon": 81.008444, "elev_m": 314.0, "prominence_m": 53.3}}, {"type": "Feature", "geometry": {"type": "Point", "coordinates": [80.273205, 6.352561]}, "properties": {"name": "", "lat": 6.352561, "lon": 80.273205, "elev_m": 274.0, "prominence_m": 53.3}}, {"type": "Feature", "geometry": {"type": "Point", "coordinates": [80.205941, 7.065972]}, "properties": {"name": "", "lat": 7.065972, "lon": 80.205941, "elev_m": 264.0, "prominence_m": 53.3}}, {"type": "Feature", "geometry": {"type": "Point", "coordinates": [80.375076, 6.111738]}, "properties": {"name": "", "lat": 6.111738, "lon": 80.375076, "elev_m": 244.0, "prominence_m": 53.3}}, {"type": "Feature", "geometry": {"type": "Point", "coordinates": [80.276768, 7.358496]}, "properties": {"name": "", "lat": 7.358496, "lon": 80.276768, "elev_m": 214.0, "prominence_m": 53.3}}, {"type": "Feature", "geometry": {"type": "Point", "coordinates": [80.835828, 8.015555]}, "properties": {"name": "", "lat": 8.015555, "lon": 80.835828, "elev_m": 214.0, "prominence_m": 53.3}}, {"type": "Feature", "geometry": {"type": "Point", "coordinates": [80.379845, 6.607128]}, "properties": {"name": "", "lat": 6.607128, "lon": 80.379845, "elev_m": 204.0, "prominence_m": 53.3}}, {"type": "Feature", "geometry": {"type": "Point", "coordinates": [80.60414, 6.822395]}, "properties": {"name": "", "lat": 6.822395, "lon": 80.60414, "elev_m": 1453.9, "prominence_m": 53.2}}, {"type": "Feature", "geometry": {"type": "Point", "coordinates": [80.635779, 7.214697]}, "properties": {"name": "", "lat": 7.214697, "lon": 80.635779, "elev_m": 1083.9, "prominence_m": 53.2}}, {"type": "Feature", "geometry": {"type": "Point", "coordinates": [80.43508, 7.142971]}, "properties": {"name": "", "lat": 7.142971, "lon": 80.43508, "elev_m": 1063.9, "prominence_m": 53.2}}, {"type": "Feature", "geometry": {"type": "Point", "coordinates": [81.042528, 6.881495]}, "properties": {"name": "", "lat": 6.881495, "lon": 81.042528, "elev_m": 1013.9, "prominence_m": 53.2}}, {"type": "Feature", "geometry": {"type": "Point", "coordinates": [80.685319, 6.702233]}, "properties": {"name": "", "lat": 6.702233, "lon": 80.685319, "elev_m": 613.9, "prominence_m": 53.2}}, {"type": "Feature", "geometry": {"type": "Point", "coordinates": [80.617169, 7.598023]}, "properties": {"name": "", "lat": 7.598023, "lon": 80.617169, "elev_m": 573.9, "prominence_m": 53.2}}, {"type": "Feature", "geometry": {"type": "Point", "coordinates": [80.646834, 7.500097]}, "properties": {"name": "", "lat": 7.500097, "lon": 80.646834, "elev_m": 463.9, "prominence_m": 53.2}}, {"type": "Feature", "geometry": {"type": "Point", "coordinates": [80.839515, 7.178361]}, "properties": {"name": "", "lat": 7.178361, "lon": 80.839515, "elev_m": 423.9, "prominence_m": 53.2}}, {"type": "Feature", "geometry": {"type": "Point", "coordinates": [80.590258, 6.191891]}, "properties": {"name": "", "lat": 6.191891, "lon": 80.590258, "elev_m": 383.9, "prominence_m": 53.2}}, {"type": "Feature", "geometry": {"type": "Point", "coordinates": [80.352447, 6.276941]}, "properties": {"name": "", "lat": 6.276941, "lon": 80.352447, "elev_m": 363.9, "prominence_m": 53.2}}, {"type": "Feature", "geometry": {"type": "Point", "coordinates": [81.425884, 7.500451]}, "properties": {"name": "", "lat": 7.500451, "lon": 81.425884, "elev_m": 233.9, "prominence_m": 53.2}}, {"type": "Feature", "geometry": {"type": "Point", "coordinates": [81.60522, 7.470582]}, "properties": {"name": "", "lat": 7.470582, "lon": 81.60522, "elev_m": 203.9, "prominence_m": 53.2}}, {"type": "Feature", "geometry": {"type": "Point", "coordinates": [80.590607, 6.720111]}, "properties": {"name": "", "lat": 6.720111, "lon": 80.590607, "elev_m": 1213.8, "prominence_m": 53.1}}, {"type": "Feature", "geometry": {"type": "Point", "coordinates": [80.711782, 7.627617]}, "properties": {"name": "", "lat": 7.627617, "lon": 80.711782, "elev_m": 683.8, "prominence_m": 53.1}}, {"type": "Feature", "geometry": {"type": "Point", "coordinates": [80.692379, 6.67646]}, "properties": {"name": "", "lat": 6.67646, "lon": 80.692379, "elev_m": 583.8, "prominence_m": 53.1}}, {"type": "Feature", "geometry": {"type": "Point", "coordinates": [80.600732, 7.22201]}, "properties": {"name": "", "lat": 7.22201, "lon": 80.600732, "elev_m": 553.8, "prominence_m": 53.1}}, {"type": "Feature", "geometry": {"type": "Point", "coordinates": [80.380508, 7.118783]}, "properties": {"name": "", "lat": 7.118783, "lon": 80.380508, "elev_m": 513.8, "prominence_m": 53.1}}, {"type": "Feature", "geometry": {"type": "Point", "coordinates": [81.253515, 6.947525]}, "properties": {"name": "", "lat": 6.947525, "lon": 81.253515, "elev_m": 373.8, "prominence_m": 53.1}}, {"type": "Feature", "geometry": {"type": "Point", "coordinates": [81.125207, 6.720837]}, "properties": {"name": "", "lat": 6.720837, "lon": 81.125207, "elev_m": 293.8, "prominence_m": 53.1}}, {"type": "Feature", "geometry": {"type": "Point", "coordinates": [80.500221, 6.259676]}, "properties": {"name": "", "lat": 6.259676, "lon": 80.500221, "elev_m": 203.8, "prominence_m": 53.1}}, {"type": "Feature", "geometry": {"type": "Point", "coordinates": [80.728427, 7.078798]}, "properties": {"name": "", "lat": 7.078798, "lon": 80.728427, "elev_m": 2073.7, "prominence_m": 53.0}}, {"type": "Feature", "geometry": {"type": "Point", "coordinates": [80.938035, 6.939056]}, "properties": {"name": "", "lat": 6.939056, "lon": 80.938035, "elev_m": 1183.7, "prominence_m": 53.0}}, {"type": "Feature", "geometry": {"type": "Point", "coordinates": [80.514945, 7.122947]}, "properties": {"name": "", "lat": 7.122947, "lon": 80.514945, "elev_m": 803.7, "prominence_m": 53.0}}, {"type": "Feature", "geometry": {"type": "Point", "coordinates": [80.614244, 7.418971]}, "properties": {"name": "", "lat": 7.418971, "lon": 80.614244, "elev_m": 673.7, "prominence_m": 53.0}}, {"type": "Feature", "geometry": {"type": "Point", "coordinates": [81.211608, 6.840406]}, "properties": {"name": "", "lat": 6.840406, "lon": 81.211608, "elev_m": 483.7, "prominence_m": 53.0}}, {"type": "Feature", "geometry": {"type": "Point", "coordinates": [80.498826, 6.33374]}, "properties": {"name": "", "lat": 6.33374, "lon": 80.498826, "elev_m": 413.7, "prominence_m": 53.0}}, {"type": "Feature", "geometry": {"type": "Point", "coordinates": [80.424123, 7.262872]}, "properties": {"name": "", "lat": 7.262872, "lon": 80.424123, "elev_m": 353.7, "prominence_m": 53.0}}, {"type": "Feature", "geometry": {"type": "Point", "coordinates": [80.575076, 6.195141]}, "properties": {"name": "", "lat": 6.195141, "lon": 80.575076, "elev_m": 343.7, "prominence_m": 53.0}}, {"type": "Feature", "geometry": {"type": "Point", "coordinates": [80.743673, 6.527794]}, "properties": {"name": "", "lat": 6.527794, "lon": 80.743673, "elev_m": 333.7, "prominence_m": 53.0}}, {"type": "Feature", "geometry": {"type": "Point", "coordinates": [81.110064, 6.79898]}, "properties": {"name": "", "lat": 6.79898, "lon": 81.110064, "elev_m": 303.7, "prominence_m": 53.0}}, {"type": "Feature", "geometry": {"type": "Point", "coordinates": [80.296191, 6.97465]}, "properties": {"name": "", "lat": 6.97465, "lon": 80.296191, "elev_m": 253.7, "prominence_m": 53.0}}, {"type": "Feature", "geometry": {"type": "Point", "coordinates": [80.930657, 6.789575]}, "properties": {"name": "", "lat": 6.789575, "lon": 80.930657, "elev_m": 1353.6, "prominence_m": 52.9}}, {"type": "Feature", "geometry": {"type": "Point", "coordinates": [81.120077, 7.132931]}, "properties": {"name": "", "lat": 7.132931, "lon": 81.120077, "elev_m": 1333.6, "prominence_m": 52.9}}, {"type": "Feature", "geometry": {"type": "Point", "coordinates": [80.632265, 7.158267]}, "properties": {"name": "", "lat": 7.158267, "lon": 80.632265, "elev_m": 903.6, "prominence_m": 52.9}}, {"type": "Feature", "geometry": {"type": "Point", "coordinates": [80.733898, 6.640112]}, "properties": {"name": "", "lat": 6.640112, "lon": 80.733898, "elev_m": 643.6, "prominence_m": 52.9}}, {"type": "Feature", "geometry": {"type": "Point", "coordinates": [80.636825, 7.346002]}, "properties": {"name": "", "lat": 7.346002, "lon": 80.636825, "elev_m": 543.6, "prominence_m": 52.9}}, {"type": "Feature", "geometry": {"type": "Point", "coordinates": [81.184193, 6.840159]}, "properties": {"name": "", "lat": 6.840159, "lon": 81.184193, "elev_m": 543.6, "prominence_m": 52.9}}, {"type": "Feature", "geometry": {"type": "Point", "coordinates": [80.891747, 7.48301]}, "properties": {"name": "", "lat": 7.48301, "lon": 80.891747, "elev_m": 433.6, "prominence_m": 52.9}}, {"type": "Feature", "geometry": {"type": "Point", "coordinates": [80.356497, 6.939983]}, "properties": {"name": "", "lat": 6.939983, "lon": 80.356497, "elev_m": 373.6, "prominence_m": 52.9}}, {"type": "Feature", "geometry": {"type": "Point", "coordinates": [80.897917, 7.179163]}, "properties": {"name": "", "lat": 7.179163, "lon": 80.897917, "elev_m": 313.6, "prominence_m": 52.9}}, {"type": "Feature", "geometry": {"type": "Point", "coordinates": [80.470626, 7.195626]}, "properties": {"name": "", "lat": 7.195626, "lon": 80.470626, "elev_m": 313.6, "prominence_m": 52.9}}, {"type": "Feature", "geometry": {"type": "Point", "coordinates": [80.307889, 6.951874]}, "properties": {"name": "", "lat": 6.951874, "lon": 80.307889, "elev_m": 293.6, "prominence_m": 52.9}}, {"type": "Feature", "geometry": {"type": "Point", "coordinates": [81.220548, 6.821951]}, "properties": {"name": "", "lat": 6.821951, "lon": 81.220548, "elev_m": 283.6, "prominence_m": 52.9}}, {"type": "Feature", "geometry": {"type": "Point", "coordinates": [81.278798, 6.720432]}, "properties": {"name": "", "lat": 6.720432, "lon": 81.278798, "elev_m": 213.6, "prominence_m": 52.9}}, {"type": "Feature", "geometry": {"type": "Point", "coordinates": [80.247333, 7.202204]}, "properties": {"name": "", "lat": 7.202204, "lon": 80.247333, "elev_m": 203.6, "prominence_m": 52.9}}, {"type": "Feature", "geometry": {"type": "Point", "coordinates": [80.558461, 6.995462]}, "properties": {"name": "", "lat": 6.995462, "lon": 80.558461, "elev_m": 1153.5, "prominence_m": 52.8}}, {"type": "Feature", "geometry": {"type": "Point", "coordinates": [80.477912, 6.3945]}, "properties": {"name": "", "lat": 6.3945, "lon": 80.477912, "elev_m": 703.5, "prominence_m": 52.8}}, {"type": "Feature", "geometry": {"type": "Point", "coordinates": [81.245375, 6.951602]}, "properties": {"name": "", "lat": 6.951602, "lon": 81.245375, "elev_m": 463.5, "prominence_m": 52.8}}, {"type": "Feature", "geometry": {"type": "Point", "coordinates": [81.537294, 7.323677]}, "properties": {"name": "", "lat": 7.323677, "lon": 81.537294, "elev_m": 453.5, "prominence_m": 52.8}}, {"type": "Feature", "geometry": {"type": "Point", "coordinates": [81.334694, 6.950963]}, "properties": {"name": "", "lat": 6.950963, "lon": 81.334694, "elev_m": 363.5, "prominence_m": 52.8}}, {"type": "Feature", "geometry": {"type": "Point", "coordinates": [80.875723, 7.538086]}, "properties": {"name": "", "lat": 7.538086, "lon": 80.875723, "elev_m": 353.5, "prominence_m": 52.8}}, {"type": "Feature", "geometry": {"type": "Point", "coordinates": [80.599714, 6.288749]}, "properties": {"name": "", "lat": 6.288749, "lon": 80.599714, "elev_m": 323.5, "prominence_m": 52.8}}, {"type": "Feature", "geometry": {"type": "Point", "coordinates": [80.318755, 7.220729]}, "properties": {"name": "", "lat": 7.220729, "lon": 80.318755, "elev_m": 313.5, "prominence_m": 52.8}}, {"type": "Feature", "geometry": {"type": "Point", "coordinates": [81.367184, 7.305757]}, "properties": {"name": "", "lat": 7.305757, "lon": 81.367184, "elev_m": 313.5, "prominence_m": 52.8}}, {"type": "Feature", "geometry": {"type": "Point", "coordinates": [81.314715, 6.808019]}, "properties": {"name": "", "lat": 6.808019, "lon": 81.314715, "elev_m": 233.5, "prominence_m": 52.8}}, {"type": "Feature", "geometry": {"type": "Point", "coordinates": [80.34016, 6.99097]}, "properties": {"name": "", "lat": 6.99097, "lon": 80.34016, "elev_m": 223.5, "prominence_m": 52.8}}, {"type": "Feature", "geometry": {"type": "Point", "coordinates": [80.279533, 6.537859]}, "properties": {"name": "", "lat": 6.537859, "lon": 80.279533, "elev_m": 223.5, "prominence_m": 52.8}}, {"type": "Feature", "geometry": {"type": "Point", "coordinates": [80.543981, 6.615914]}, "properties": {"name": "", "lat": 6.615914, "lon": 80.543981, "elev_m": 223.5, "prominence_m": 52.8}}, {"type": "Feature", "geometry": {"type": "Point", "coordinates": [80.782463, 6.376409]}, "properties": {"name": "", "lat": 6.376409, "lon": 80.782463, "elev_m": 213.5, "prominence_m": 52.8}}, {"type": "Feature", "geometry": {"type": "Point", "coordinates": [80.651684, 6.647694]}, "properties": {"name": "", "lat": 6.647694, "lon": 80.651684, "elev_m": 1373.4, "prominence_m": 52.7}}, {"type": "Feature", "geometry": {"type": "Point", "coordinates": [80.570101, 7.074957]}, "properties": {"name": "", "lat": 7.074957, "lon": 80.570101, "elev_m": 833.4, "prominence_m": 52.7}}, {"type": "Feature", "geometry": {"type": "Point", "coordinates": [80.756922, 7.562241]}, "properties": {"name": "", "lat": 7.562241, "lon": 80.756922, "elev_m": 813.4, "prominence_m": 52.7}}, {"type": "Feature", "geometry": {"type": "Point", "coordinates": [81.391115, 7.120443]}, "properties": {"name": "Guruhela Summit", "lat": 7.120443, "lon": 81.391115, "elev_m": 533.4, "prominence_m": 52.7}}, {"type": "Feature", "geometry": {"type": "Point", "coordinates": [80.502172, 6.664726]}, "properties": {"name": "", "lat": 6.664726, "lon": 80.502172, "elev_m": 303.4, "prominence_m": 52.7}}, {"type": "Feature", "geometry": {"type": "Point", "coordinates": [81.338565, 7.232277]}, "properties": {"name": "", "lat": 7.232277, "lon": 81.338565, "elev_m": 303.4, "prominence_m": 52.7}}, {"type": "Feature", "geometry": {"type": "Point", "coordinates": [80.908043, 8.29984]}, "properties": {"name": "", "lat": 8.29984, "lon": 80.908043, "elev_m": 293.4, "prominence_m": 52.7}}, {"type": "Feature", "geometry": {"type": "Point", "coordinates": [80.37735, 6.330677]}, "properties": {"name": "", "lat": 6.330677, "lon": 80.37735, "elev_m": 223.4, "prominence_m": 52.7}}, {"type": "Feature", "geometry": {"type": "Point", "coordinates": [81.125174, 6.675259]}, "properties": {"name": "", "lat": 6.675259, "lon": 81.125174, "elev_m": 213.4, "prominence_m": 52.7}}, {"type": "Feature", "geometry": {"type": "Point", "coordinates": [80.911185, 7.92086]}, "properties": {"name": "", "lat": 7.92086, "lon": 80.911185, "elev_m": 203.4, "prominence_m": 52.7}}, {"type": "Feature", "geometry": {"type": "Point", "coordinates": [80.977929, 6.901331]}, "properties": {"name": "", "lat": 6.901331, "lon": 80.977929, "elev_m": 1283.3, "prominence_m": 52.6}}, {"type": "Feature", "geometry": {"type": "Point", "coordinates": [80.391705, 7.04473]}, "properties": {"name": "", "lat": 7.04473, "lon": 80.391705, "elev_m": 1023.3, "prominence_m": 52.6}}, {"type": "Feature", "geometry": {"type": "Point", "coordinates": [80.772416, 7.853603]}, "properties": {"name": "", "lat": 7.853603, "lon": 80.772416, "elev_m": 383.3, "prominence_m": 52.6}}, {"type": "Feature", "geometry": {"type": "Point", "coordinates": [80.52133, 7.360058]}, "properties": {"name": "", "lat": 7.360058, "lon": 80.52133, "elev_m": 353.3, "prominence_m": 52.6}}, {"type": "Feature", "geometry": {"type": "Point", "coordinates": [80.351856, 7.263895]}, "properties": {"name": "", "lat": 7.263895, "lon": 80.351856, "elev_m": 343.3, "prominence_m": 52.6}}, {"type": "Feature", "geometry": {"type": "Point", "coordinates": [80.718992, 6.488725]}, "properties": {"name": "", "lat": 6.488725, "lon": 80.718992, "elev_m": 283.3, "prominence_m": 52.6}}, {"type": "Feature", "geometry": {"type": "Point", "coordinates": [80.467672, 6.284889]}, "properties": {"name": "", "lat": 6.284889, "lon": 80.467672, "elev_m": 273.3, "prominence_m": 52.6}}, {"type": "Feature", "geometry": {"type": "Point", "coordinates": [81.41756, 6.79433]}, "properties": {"name": "", "lat": 6.79433, "lon": 81.41756, "elev_m": 223.3, "prominence_m": 52.6}}, {"type": "Feature", "geometry": {"type": "Point", "coordinates": [80.329273, 6.425591]}, "properties": {"name": "", "lat": 6.425591, "lon": 80.329273, "elev_m": 213.3, "prominence_m": 52.6}}, {"type": "Feature", "geometry": {"type": "Point", "coordinates": [81.365894, 7.357844]}, "properties": {"name": "", "lat": 7.357844, "lon": 81.365894, "elev_m": 563.2, "prominence_m": 52.5}}, {"type": "Feature", "geometry": {"type": "Point", "coordinates": [80.361355, 7.274755]}, "properties": {"name": "", "lat": 7.274755, "lon": 80.361355, "elev_m": 353.2, "prominence_m": 52.5}}, {"type": "Feature", "geometry": {"type": "Point", "coordinates": [80.212357, 6.691608]}, "properties": {"name": "", "lat": 6.691608, "lon": 80.212357, "elev_m": 263.2, "prominence_m": 52.5}}, {"type": "Feature", "geometry": {"type": "Point", "coordinates": [80.344774, 7.562028]}, "properties": {"name": "", "lat": 7.562028, "lon": 80.344774, "elev_m": 263.2, "prominence_m": 52.5}}, {"type": "Feature", "geometry": {"type": "Point", "coordinates": [80.192948, 7.032859]}, "properties": {"name": "", "lat": 7.032859, "lon": 80.192948, "elev_m": 203.2, "prominence_m": 52.5}}, {"type": "Feature", "geometry": {"type": "Point", "coordinates": [80.94658, 7.28685]}, "properties": {"name": "", "lat": 7.28685, "lon": 80.94658, "elev_m": 1083.1, "prominence_m": 52.4}}, {"type": "Feature", "geometry": {"type": "Point", "coordinates": [80.378777, 6.586238]}, "properties": {"name": "", "lat": 6.586238, "lon": 80.378777, "elev_m": 613.1, "prominence_m": 52.4}}, {"type": "Feature", "geometry": {"type": "Point", "coordinates": [80.799879, 7.598051]}, "properties": {"name": "", "lat": 7.598051, "lon": 80.799879, "elev_m": 593.1, "prominence_m": 52.4}}, {"type": "Feature", "geometry": {"type": "Point", "coordinates": [80.586333, 7.226073]}, "properties": {"name": "", "lat": 7.226073, "lon": 80.586333, "elev_m": 583.1, "prominence_m": 52.4}}, {"type": "Feature", "geometry": {"type": "Point", "coordinates": [81.377793, 7.109338]}, "properties": {"name": "", "lat": 7.109338, "lon": 81.377793, "elev_m": 343.1, "prominence_m": 52.4}}, {"type": "Feature", "geometry": {"type": "Point", "coordinates": [80.729155, 7.890224]}, "properties": {"name": "", "lat": 7.890224, "lon": 80.729155, "elev_m": 263.1, "prominence_m": 52.4}}, {"type": "Feature", "geometry": {"type": "Point", "coordinates": [80.210449, 6.930879]}, "properties": {"name": "", "lat": 6.930879, "lon": 80.210449, "elev_m": 253.1, "prominence_m": 52.4}}, {"type": "Feature", "geometry": {"type": "Point", "coordinates": [80.267603, 6.795571]}, "properties": {"name": "", "lat": 6.795571, "lon": 80.267603, "elev_m": 243.1, "prominence_m": 52.4}}, {"type": "Feature", "geometry": {"type": "Point", "coordinates": [80.446097, 6.099036]}, "properties": {"name": "", "lat": 6.099036, "lon": 80.446097, "elev_m": 203.1, "prominence_m": 52.4}}, {"type": "Feature", "geometry": {"type": "Point", "coordinates": [80.900672, 7.319691]}, "properties": {"name": "", "lat": 7.319691, "lon": 80.900672, "elev_m": 1093.0, "prominence_m": 52.3}}, {"type": "Feature", "geometry": {"type": "Point", "coordinates": [81.141586, 6.850231]}, "properties": {"name": "", "lat": 6.850231, "lon": 81.141586, "elev_m": 993.0, "prominence_m": 52.3}}, {"type": "Feature", "geometry": {"type": "Point", "coordinates": [80.678923, 7.440422]}, "properties": {"name": "", "lat": 7.440422, "lon": 80.678923, "elev_m": 933.0, "prominence_m": 52.3}}, {"type": "Feature", "geometry": {"type": "Point", "coordinates": [80.533632, 7.223064]}, "properties": {"name": "", "lat": 7.223064, "lon": 80.533632, "elev_m": 563.0, "prominence_m": 52.3}}, {"type": "Feature", "geometry": {"type": "Point", "coordinates": [80.617413, 7.673983]}, "properties": {"name": "", "lat": 7.673983, "lon": 80.617413, "elev_m": 443.0, "prominence_m": 52.3}}, {"type": "Feature", "geometry": {"type": "Point", "coordinates": [80.547197, 6.701645]}, "properties": {"name": "", "lat": 6.701645, "lon": 80.547197, "elev_m": 363.0, "prominence_m": 52.3}}, {"type": "Feature", "geometry": {"type": "Point", "coordinates": [80.345928, 7.212617]}, "properties": {"name": "", "lat": 7.212617, "lon": 80.345928, "elev_m": 303.0, "prominence_m": 52.3}}, {"type": "Feature", "geometry": {"type": "Point", "coordinates": [80.433392, 7.220829]}, "properties": {"name": "", "lat": 7.220829, "lon": 80.433392, "elev_m": 303.0, "prominence_m": 52.3}}, {"type": "Feature", "geometry": {"type": "Point", "coordinates": [80.777857, 7.765164]}, "properties": {"name": "", "lat": 7.765164, "lon": 80.777857, "elev_m": 263.0, "prominence_m": 52.3}}, {"type": "Feature", "geometry": {"type": "Point", "coordinates": [80.199304, 7.161454]}, "properties": {"name": "", "lat": 7.161454, "lon": 80.199304, "elev_m": 243.0, "prominence_m": 52.3}}, {"type": "Feature", "geometry": {"type": "Point", "coordinates": [81.012014, 7.200551]}, "properties": {"name": "", "lat": 7.200551, "lon": 81.012014, "elev_m": 223.0, "prominence_m": 52.3}}, {"type": "Feature", "geometry": {"type": "Point", "coordinates": [80.993787, 6.54267]}, "properties": {"name": "", "lat": 6.54267, "lon": 80.993787, "elev_m": 213.0, "prominence_m": 52.3}}, {"type": "Feature", "geometry": {"type": "Point", "coordinates": [80.365761, 6.239784]}, "properties": {"name": "", "lat": 6.239784, "lon": 80.365761, "elev_m": 203.0, "prominence_m": 52.3}}, {"type": "Feature", "geometry": {"type": "Point", "coordinates": [80.797405, 7.012604]}, "properties": {"name": "", "lat": 7.012604, "lon": 80.797405, "elev_m": 2182.9, "prominence_m": 52.2}}, {"type": "Feature", "geometry": {"type": "Point", "coordinates": [81.164264, 7.031706]}, "properties": {"name": "", "lat": 7.031706, "lon": 81.164264, "elev_m": 1392.9, "prominence_m": 52.2}}, {"type": "Feature", "geometry": {"type": "Point", "coordinates": [81.112538, 6.843741]}, "properties": {"name": "", "lat": 6.843741, "lon": 81.112538, "elev_m": 1202.9, "prominence_m": 52.2}}, {"type": "Feature", "geometry": {"type": "Point", "coordinates": [80.758567, 7.223942]}, "properties": {"name": "", "lat": 7.223942, "lon": 80.758567, "elev_m": 692.9, "prominence_m": 52.2}}, {"type": "Feature", "geometry": {"type": "Point", "coordinates": [80.69515, 6.320786]}, "properties": {"name": "", "lat": 6.320786, "lon": 80.69515, "elev_m": 582.9, "prominence_m": 52.2}}, {"type": "Feature", "geometry": {"type": "Point", "coordinates": [80.231073, 6.697597]}, "properties": {"name": "", "lat": 6.697597, "lon": 80.231073, "elev_m": 372.9, "prominence_m": 52.2}}, {"type": "Feature", "geometry": {"type": "Point", "coordinates": [81.308899, 7.184567]}, "properties": {"name": "", "lat": 7.184567, "lon": 81.308899, "elev_m": 322.9, "prominence_m": 52.2}}, {"type": "Feature", "geometry": {"type": "Point", "coordinates": [80.373066, 6.260137]}, "properties": {"name": "", "lat": 6.260137, "lon": 80.373066, "elev_m": 292.9, "prominence_m": 52.2}}, {"type": "Feature", "geometry": {"type": "Point", "coordinates": [81.348997, 7.733311]}, "properties": {"name": "", "lat": 7.733311, "lon": 81.348997, "elev_m": 232.9, "prominence_m": 52.2}}, {"type": "Feature", "geometry": {"type": "Point", "coordinates": [80.746939, 6.353077]}, "properties": {"name": "", "lat": 6.353077, "lon": 80.746939, "elev_m": 202.9, "prominence_m": 52.2}}, {"type": "Feature", "geometry": {"type": "Point", "coordinates": [80.118384, 6.554222]}, "properties": {"name": "", "lat": 6.554222, "lon": 80.118384, "elev_m": 202.9, "prominence_m": 52.2}}, {"type": "Feature", "geometry": {"type": "Point", "coordinates": [80.868798, 6.906248]}, "properties": {"name": "", "lat": 6.906248, "lon": 80.868798, "elev_m": 1232.8, "prominence_m": 52.1}}, {"type": "Feature", "geometry": {"type": "Point", "coordinates": [80.904229, 7.407588]}, "properties": {"name": "Yahangala", "lat": 7.407588, "lon": 80.904229, "elev_m": 1192.8, "prominence_m": 52.1}}, {"type": "Feature", "geometry": {"type": "Point", "coordinates": [80.652256, 6.528865]}, "properties": {"name": "", "lat": 6.528865, "lon": 80.652256, "elev_m": 502.8, "prominence_m": 52.1}}, {"type": "Feature", "geometry": {"type": "Point", "coordinates": [80.657669, 7.638186]}, "properties": {"name": "", "lat": 7.638186, "lon": 80.657669, "elev_m": 402.8, "prominence_m": 52.1}}, {"type": "Feature", "geometry": {"type": "Point", "coordinates": [80.397216, 6.945714]}, "properties": {"name": "", "lat": 6.945714, "lon": 80.397216, "elev_m": 332.8, "prominence_m": 52.1}}, {"type": "Feature", "geometry": {"type": "Point", "coordinates": [80.419099, 7.760131]}, "properties": {"name": "", "lat": 7.760131, "lon": 80.419099, "elev_m": 262.8, "prominence_m": 52.1}}, {"type": "Feature", "geometry": {"type": "Point", "coordinates": [80.288903, 6.383775]}, "properties": {"name": "", "lat": 6.383775, "lon": 80.288903, "elev_m": 242.8, "prominence_m": 52.1}}, {"type": "Feature", "geometry": {"type": "Point", "coordinates": [80.415105, 6.236836]}, "properties": {"name": "", "lat": 6.236836, "lon": 80.415105, "elev_m": 232.8, "prominence_m": 52.1}}, {"type": "Feature", "geometry": {"type": "Point", "coordinates": [80.523724, 6.960448]}, "properties": {"name": "", "lat": 6.960448, "lon": 80.523724, "elev_m": 1032.7, "prominence_m": 52.0}}, {"type": "Feature", "geometry": {"type": "Point", "coordinates": [80.628625, 7.490054]}, "properties": {"name": "", "lat": 7.490054, "lon": 80.628625, "elev_m": 422.7, "prominence_m": 52.0}}, {"type": "Feature", "geometry": {"type": "Point", "coordinates": [80.281414, 6.556038]}, "properties": {"name": "", "lat": 6.556038, "lon": 80.281414, "elev_m": 292.7, "prominence_m": 52.0}}, {"type": "Feature", "geometry": {"type": "Point", "coordinates": [80.725249, 6.312651]}, "properties": {"name": "", "lat": 6.312651, "lon": 80.725249, "elev_m": 292.7, "prominence_m": 52.0}}, {"type": "Feature", "geometry": {"type": "Point", "coordinates": [80.440696, 7.263156]}, "properties": {"name": "", "lat": 7.263156, "lon": 80.440696, "elev_m": 262.7, "prominence_m": 52.0}}, {"type": "Feature", "geometry": {"type": "Point", "coordinates": [81.43302, 6.985289]}, "properties": {"name": "", "lat": 6.985289, "lon": 81.43302, "elev_m": 242.7, "prominence_m": 52.0}}, {"type": "Feature", "geometry": {"type": "Point", "coordinates": [80.337295, 6.240303]}, "properties": {"name": "", "lat": 6.240303, "lon": 80.337295, "elev_m": 222.7, "prominence_m": 52.0}}, {"type": "Feature", "geometry": {"type": "Point", "coordinates": [80.493925, 7.296018]}, "properties": {"name": "", "lat": 7.296018, "lon": 80.493925, "elev_m": 622.6, "prominence_m": 51.9}}, {"type": "Feature", "geometry": {"type": "Point", "coordinates": [81.27374, 6.816202]}, "properties": {"name": "", "lat": 6.816202, "lon": 81.27374, "elev_m": 312.6, "prominence_m": 51.9}}, {"type": "Feature", "geometry": {"type": "Point", "coordinates": [80.408925, 6.539598]}, "properties": {"name": "", "lat": 6.539598, "lon": 80.408925, "elev_m": 292.6, "prominence_m": 51.9}}, {"type": "Feature", "geometry": {"type": "Point", "coordinates": [80.774327, 6.447762]}, "properties": {"name": "", "lat": 6.447762, "lon": 80.774327, "elev_m": 292.6, "prominence_m": 51.9}}, {"type": "Feature", "geometry": {"type": "Point", "coordinates": [80.968009, 7.204098]}, "properties": {"name": "", "lat": 7.204098, "lon": 80.968009, "elev_m": 272.6, "prominence_m": 51.9}}, {"type": "Feature", "geometry": {"type": "Point", "coordinates": [80.213424, 6.466712]}, "properties": {"name": "", "lat": 6.466712, "lon": 80.213424, "elev_m": 242.6, "prominence_m": 51.9}}, {"type": "Feature", "geometry": {"type": "Point", "coordinates": [80.526745, 6.895339]}, "properties": {"name": "", "lat": 6.895339, "lon": 80.526745, "elev_m": 1282.5, "prominence_m": 51.8}}, {"type": "Feature", "geometry": {"type": "Point", "coordinates": [80.681664, 7.330008]}, "properties": {"name": "", "lat": 7.330008, "lon": 80.681664, "elev_m": 562.5, "prominence_m": 51.8}}, {"type": "Feature", "geometry": {"type": "Point", "coordinates": [80.460454, 6.55781]}, "properties": {"name": "", "lat": 6.55781, "lon": 80.460454, "elev_m": 482.5, "prominence_m": 51.8}}, {"type": "Feature", "geometry": {"type": "Point", "coordinates": [80.711408, 6.407605]}, "properties": {"name": "", "lat": 6.407605, "lon": 80.711408, "elev_m": 412.5, "prominence_m": 51.8}}, {"type": "Feature", "geometry": {"type": "Point", "coordinates": [80.587536, 6.223089]}, "properties": {"name": "", "lat": 6.223089, "lon": 80.587536, "elev_m": 382.5, "prominence_m": 51.8}}, {"type": "Feature", "geometry": {"type": "Point", "coordinates": [80.299897, 6.517261]}, "properties": {"name": "", "lat": 6.517261, "lon": 80.299897, "elev_m": 342.5, "prominence_m": 51.8}}, {"type": "Feature", "geometry": {"type": "Point", "coordinates": [80.37257, 6.199094]}, "properties": {"name": "", "lat": 6.199094, "lon": 80.37257, "elev_m": 282.5, "prominence_m": 51.8}}, {"type": "Feature", "geometry": {"type": "Point", "coordinates": [80.556701, 7.808242]}, "properties": {"name": "", "lat": 7.808242, "lon": 80.556701, "elev_m": 262.5, "prominence_m": 51.8}}, {"type": "Feature", "geometry": {"type": "Point", "coordinates": [80.42405, 7.004062]}, "properties": {"name": "", "lat": 7.004062, "lon": 80.42405, "elev_m": 252.5, "prominence_m": 51.8}}, {"type": "Feature", "geometry": {"type": "Point", "coordinates": [80.294135, 6.298865]}, "properties": {"name": "", "lat": 6.298865, "lon": 80.294135, "elev_m": 232.5, "prominence_m": 51.8}}, {"type": "Feature", "geometry": {"type": "Point", "coordinates": [80.862693, 7.632497]}, "properties": {"name": "", "lat": 7.632497, "lon": 80.862693, "elev_m": 232.5, "prominence_m": 51.8}}, {"type": "Feature", "geometry": {"type": "Point", "coordinates": [81.208227, 7.292373]}, "properties": {"name": "", "lat": 7.292373, "lon": 81.208227, "elev_m": 222.5, "prominence_m": 51.8}}, {"type": "Feature", "geometry": {"type": "Point", "coordinates": [80.409915, 6.292448]}, "properties": {"name": "", "lat": 6.292448, "lon": 80.409915, "elev_m": 202.5, "prominence_m": 51.8}}, {"type": "Feature", "geometry": {"type": "Point", "coordinates": [80.776768, 6.625735]}, "properties": {"name": "", "lat": 6.625735, "lon": 80.776768, "elev_m": 622.4, "prominence_m": 51.7}}, {"type": "Feature", "geometry": {"type": "Point", "coordinates": [81.295793, 7.1249]}, "properties": {"name": "", "lat": 7.1249, "lon": 81.295793, "elev_m": 492.4, "prominence_m": 51.7}}, {"type": "Feature", "geometry": {"type": "Point", "coordinates": [80.491794, 7.227652]}, "properties": {"name": "", "lat": 7.227652, "lon": 80.491794, "elev_m": 492.4, "prominence_m": 51.7}}, {"type": "Feature", "geometry": {"type": "Point", "coordinates": [81.240769, 6.961916]}, "properties": {"name": "", "lat": 6.961916, "lon": 81.240769, "elev_m": 472.4, "prominence_m": 51.7}}, {"type": "Feature", "geometry": {"type": "Point", "coordinates": [80.593671, 6.507957]}, "properties": {"name": "", "lat": 6.507957, "lon": 80.593671, "elev_m": 452.4, "prominence_m": 51.7}}, {"type": "Feature", "geometry": {"type": "Point", "coordinates": [81.294234, 7.187568]}, "properties": {"name": "", "lat": 7.187568, "lon": 81.294234, "elev_m": 352.4, "prominence_m": 51.7}}, {"type": "Feature", "geometry": {"type": "Point", "coordinates": [81.261719, 7.262749]}, "properties": {"name": "", "lat": 7.262749, "lon": 81.261719, "elev_m": 282.4, "prominence_m": 51.7}}, {"type": "Feature", "geometry": {"type": "Point", "coordinates": [80.425738, 7.624225]}, "properties": {"name": "", "lat": 7.624225, "lon": 80.425738, "elev_m": 222.4, "prominence_m": 51.7}}, {"type": "Feature", "geometry": {"type": "Point", "coordinates": [80.483063, 6.855977]}, "properties": {"name": "", "lat": 6.855977, "lon": 80.483063, "elev_m": 1692.3, "prominence_m": 51.6}}, {"type": "Feature", "geometry": {"type": "Point", "coordinates": [80.713415, 7.618936]}, "properties": {"name": "", "lat": 7.618936, "lon": 80.713415, "elev_m": 792.3, "prominence_m": 51.6}}, {"type": "Feature", "geometry": {"type": "Point", "coordinates": [80.558635, 7.202458]}, "properties": {"name": "", "lat": 7.202458, "lon": 80.558635, "elev_m": 622.3, "prominence_m": 51.6}}, {"type": "Feature", "geometry": {"type": "Point", "coordinates": [80.608582, 7.297703]}, "properties": {"name": "", "lat": 7.297703, "lon": 80.608582, "elev_m": 562.3, "prominence_m": 51.6}}, {"type": "Feature", "geometry": {"type": "Point", "coordinates": [80.796574, 6.636586]}, "properties": {"name": "", "lat": 6.636586, "lon": 80.796574, "elev_m": 562.3, "prominence_m": 51.6}}, {"type": "Feature", "geometry": {"type": "Point", "coordinates": [80.626965, 7.57361]}, "properties": {"name": "", "lat": 7.57361, "lon": 80.626965, "elev_m": 412.3, "prominence_m": 51.6}}, {"type": "Feature", "geometry": {"type": "Point", "coordinates": [80.466852, 7.153302]}, "properties": {"name": "", "lat": 7.153302, "lon": 80.466852, "elev_m": 292.3, "prominence_m": 51.6}}, {"type": "Feature", "geometry": {"type": "Point", "coordinates": [81.434808, 6.705055]}, "properties": {"name": "", "lat": 6.705055, "lon": 81.434808, "elev_m": 222.3, "prominence_m": 51.6}}, {"type": "Feature", "geometry": {"type": "Point", "coordinates": [80.795495, 6.782274]}, "properties": {"name": "", "lat": 6.782274, "lon": 80.795495, "elev_m": 2132.2, "prominence_m": 51.5}}, {"type": "Feature", "geometry": {"type": "Point", "coordinates": [80.708279, 7.421709]}, "properties": {"name": "", "lat": 7.421709, "lon": 80.708279, "elev_m": 1352.2, "prominence_m": 51.5}}, {"type": "Feature", "geometry": {"type": "Point", "coordinates": [81.064276, 6.933028]}, "properties": {"name": "", "lat": 6.933028, "lon": 81.064276, "elev_m": 1162.2, "prominence_m": 51.5}}, {"type": "Feature", "geometry": {"type": "Point", "coordinates": [80.766729, 6.619223]}, "properties": {"name": "", "lat": 6.619223, "lon": 80.766729, "elev_m": 622.2, "prominence_m": 51.5}}, {"type": "Feature", "geometry": {"type": "Point", "coordinates": [80.703416, 7.248082]}, "properties": {"name": "", "lat": 7.248082, "lon": 80.703416, "elev_m": 622.2, "prominence_m": 51.5}}, {"type": "Feature", "geometry": {"type": "Point", "coordinates": [80.717002, 7.228279]}, "properties": {"name": "", "lat": 7.228279, "lon": 80.717002, "elev_m": 602.2, "prominence_m": 51.5}}, {"type": "Feature", "geometry": {"type": "Point", "coordinates": [81.475605, 7.315368]}, "properties": {"name": "", "lat": 7.315368, "lon": 81.475605, "elev_m": 272.2, "prominence_m": 51.5}}, {"type": "Feature", "geometry": {"type": "Point", "coordinates": [80.9307, 6.922781]}, "properties": {"name": "", "lat": 6.922781, "lon": 80.9307, "elev_m": 1172.1, "prominence_m": 51.4}}, {"type": "Feature", "geometry": {"type": "Point", "coordinates": [80.854657, 6.757851]}, "properties": {"name": "", "lat": 6.757851, "lon": 80.854657, "elev_m": 802.1, "prominence_m": 51.4}}, {"type": "Feature", "geometry": {"type": "Point", "coordinates": [80.419046, 6.418879]}, "properties": {"name": "", "lat": 6.418879, "lon": 80.419046, "elev_m": 572.1, "prominence_m": 51.4}}, {"type": "Feature", "geometry": {"type": "Point", "coordinates": [81.36451, 7.338314]}, "properties": {"name": "", "lat": 7.338314, "lon": 81.36451, "elev_m": 552.1, "prominence_m": 51.4}}, {"type": "Feature", "geometry": {"type": "Point", "coordinates": [80.417947, 6.815782]}, "properties": {"name": "", "lat": 6.815782, "lon": 80.417947, "elev_m": 512.1, "prominence_m": 51.4}}, {"type": "Feature", "geometry": {"type": "Point", "coordinates": [80.470114, 6.728732]}, "properties": {"name": "", "lat": 6.728732, "lon": 80.470114, "elev_m": 442.1, "prominence_m": 51.4}}, {"type": "Feature", "geometry": {"type": "Point", "coordinates": [80.271848, 6.626835]}, "properties": {"name": "", "lat": 6.626835, "lon": 80.271848, "elev_m": 292.1, "prominence_m": 51.4}}, {"type": "Feature", "geometry": {"type": "Point", "coordinates": [80.680438, 7.958037]}, "properties": {"name": "", "lat": 7.958037, "lon": 80.680438, "elev_m": 272.1, "prominence_m": 51.4}}, {"type": "Feature", "geometry": {"type": "Point", "coordinates": [80.479689, 7.850515]}, "properties": {"name": "", "lat": 7.850515, "lon": 80.479689, "elev_m": 272.1, "prominence_m": 51.4}}, {"type": "Feature", "geometry": {"type": "Point", "coordinates": [81.123314, 6.730876]}, "properties": {"name": "", "lat": 6.730876, "lon": 81.123314, "elev_m": 242.1, "prominence_m": 51.4}}, {"type": "Feature", "geometry": {"type": "Point", "coordinates": [80.780575, 7.573364]}, "properties": {"name": "", "lat": 7.573364, "lon": 80.780575, "elev_m": 622.0, "prominence_m": 51.3}}, {"type": "Feature", "geometry": {"type": "Point", "coordinates": [80.772144, 7.847906]}, "properties": {"name": "", "lat": 7.847906, "lon": 80.772144, "elev_m": 392.0, "prominence_m": 51.3}}, {"type": "Feature", "geometry": {"type": "Point", "coordinates": [80.940394, 6.689192]}, "properties": {"name": "", "lat": 6.689192, "lon": 80.940394, "elev_m": 362.0, "prominence_m": 51.3}}, {"type": "Feature", "geometry": {"type": "Point", "coordinates": [80.500696, 7.760192]}, "properties": {"name": "", "lat": 7.760192, "lon": 80.500696, "elev_m": 322.0, "prominence_m": 51.3}}, {"type": "Feature", "geometry": {"type": "Point", "coordinates": [80.460307, 7.190193]}, "properties": {"name": "", "lat": 7.190193, "lon": 80.460307, "elev_m": 292.0, "prominence_m": 51.3}}, {"type": "Feature", "geometry": {"type": "Point", "coordinates": [80.418258, 7.462262]}, "properties": {"name": "", "lat": 7.462262, "lon": 80.418258, "elev_m": 232.0, "prominence_m": 51.3}}, {"type": "Feature", "geometry": {"type": "Point", "coordinates": [80.366877, 6.199633]}, "properties": {"name": "", "lat": 6.199633, "lon": 80.366877, "elev_m": 222.0, "prominence_m": 51.3}}, {"type": "Feature", "geometry": {"type": "Point", "coordinates": [80.324209, 7.199031]}, "properties": {"name": "", "lat": 7.199031, "lon": 80.324209, "elev_m": 222.0, "prominence_m": 51.3}}, {"type": "Feature", "geometry": {"type": "Point", "coordinates": [81.136022, 6.666841]}, "properties": {"name": "", "lat": 6.666841, "lon": 81.136022, "elev_m": 212.0, "prominence_m": 51.3}}, {"type": "Feature", "geometry": {"type": "Point", "coordinates": [81.179437, 6.668978]}, "properties": {"name": "", "lat": 6.668978, "lon": 81.179437, "elev_m": 212.0, "prominence_m": 51.3}}, {"type": "Feature", "geometry": {"type": "Point", "coordinates": [80.772685, 8.257542]}, "properties": {"name": "", "lat": 8.257542, "lon": 80.772685, "elev_m": 202.0, "prominence_m": 51.3}}, {"type": "Feature", "geometry": {"type": "Point", "coordinates": [80.496905, 6.859512]}, "properties": {"name": "", "lat": 6.859512, "lon": 80.496905, "elev_m": 1501.9, "prominence_m": 51.2}}, {"type": "Feature", "geometry": {"type": "Point", "coordinates": [81.150516, 7.156781]}, "properties": {"name": "", "lat": 7.156781, "lon": 81.150516, "elev_m": 441.9, "prominence_m": 51.2}}, {"type": "Feature", "geometry": {"type": "Point", "coordinates": [80.874355, 7.500106]}, "properties": {"name": "", "lat": 7.500106, "lon": 80.874355, "elev_m": 401.9, "prominence_m": 51.2}}, {"type": "Feature", "geometry": {"type": "Point", "coordinates": [80.517527, 7.357615]}, "properties": {"name": "", "lat": 7.357615, "lon": 80.517527, "elev_m": 371.9, "prominence_m": 51.2}}, {"type": "Feature", "geometry": {"type": "Point", "coordinates": [80.368741, 7.516205]}, "properties": {"name": "", "lat": 7.516205, "lon": 80.368741, "elev_m": 351.9, "prominence_m": 51.2}}, {"type": "Feature", "geometry": {"type": "Point", "coordinates": [80.797456, 8.07497]}, "properties": {"name": "", "lat": 8.07497, "lon": 80.797456, "elev_m": 241.9, "prominence_m": 51.2}}, {"type": "Feature", "geometry": {"type": "Point", "coordinates": [80.182023, 7.082761]}, "properties": {"name": "", "lat": 7.082761, "lon": 80.182023, "elev_m": 231.9, "prominence_m": 51.2}}, {"type": "Feature", "geometry": {"type": "Point", "coordinates": [80.892612, 7.667214]}, "properties": {"name": "", "lat": 7.667214, "lon": 80.892612, "elev_m": 221.9, "prominence_m": 51.2}}, {"type": "Feature", "geometry": {"type": "Point", "coordinates": [80.808254, 6.835176]}, "properties": {"name": "", "lat": 6.835176, "lon": 80.808254, "elev_m": 2241.8, "prominence_m": 51.1}}, {"type": "Feature", "geometry": {"type": "Point", "coordinates": [81.095546, 7.006528]}, "properties": {"name": "", "lat": 7.006528, "lon": 81.095546, "elev_m": 1051.8, "prominence_m": 51.1}}, {"type": "Feature", "geometry": {"type": "Point", "coordinates": [80.768899, 6.646625]}, "properties": {"name": "", "lat": 6.646625, "lon": 80.768899, "elev_m": 581.8, "prominence_m": 51.1}}, {"type": "Feature", "geometry": {"type": "Point", "coordinates": [80.604775, 7.307739]}, "properties": {"name": "", "lat": 7.307739, "lon": 80.604775, "elev_m": 561.8, "prominence_m": 51.1}}, {"type": "Feature", "geometry": {"type": "Point", "coordinates": [81.490186, 7.083679]}, "properties": {"name": "", "lat": 7.083679, "lon": 81.490186, "elev_m": 491.8, "prominence_m": 51.1}}, {"type": "Feature", "geometry": {"type": "Point", "coordinates": [81.071202, 6.716803]}, "properties": {"name": "", "lat": 6.716803, "lon": 81.071202, "elev_m": 441.8, "prominence_m": 51.1}}, {"type": "Feature", "geometry": {"type": "Point", "coordinates": [80.694077, 7.789572]}, "properties": {"name": "", "lat": 7.789572, "lon": 80.694077, "elev_m": 421.8, "prominence_m": 51.1}}, {"type": "Feature", "geometry": {"type": "Point", "coordinates": [81.526481, 7.356519]}, "properties": {"name": "", "lat": 7.356519, "lon": 81.526481, "elev_m": 401.8, "prominence_m": 51.1}}, {"type": "Feature", "geometry": {"type": "Point", "coordinates": [80.484959, 7.29547]}, "properties": {"name": "", "lat": 7.29547, "lon": 80.484959, "elev_m": 651.7, "prominence_m": 51.0}}, {"type": "Feature", "geometry": {"type": "Point", "coordinates": [80.680712, 6.672931]}, "properties": {"name": "", "lat": 6.672931, "lon": 80.680712, "elev_m": 611.7, "prominence_m": 51.0}}, {"type": "Feature", "geometry": {"type": "Point", "coordinates": [80.770243, 7.615414]}, "properties": {"name": "", "lat": 7.615414, "lon": 80.770243, "elev_m": 381.7, "prominence_m": 51.0}}, {"type": "Feature", "geometry": {"type": "Point", "coordinates": [81.533473, 7.313918]}, "properties": {"name": "", "lat": 7.313918, "lon": 81.533473, "elev_m": 371.7, "prominence_m": 51.0}}, {"type": "Feature", "geometry": {"type": "Point", "coordinates": [80.573039, 6.548916]}, "properties": {"name": "", "lat": 6.548916, "lon": 80.573039, "elev_m": 351.7, "prominence_m": 51.0}}, {"type": "Feature", "geometry": {"type": "Point", "coordinates": [80.864853, 7.557892]}, "properties": {"name": "", "lat": 7.557892, "lon": 80.864853, "elev_m": 251.7, "prominence_m": 51.0}}, {"type": "Feature", "geometry": {"type": "Point", "coordinates": [80.250755, 6.814543]}, "properties": {"name": "", "lat": 6.814543, "lon": 80.250755, "elev_m": 251.7, "prominence_m": 51.0}}, {"type": "Feature", "geometry": {"type": "Point", "coordinates": [81.313, 6.730162]}, "properties": {"name": "", "lat": 6.730162, "lon": 81.313, "elev_m": 201.7, "prominence_m": 51.0}}, {"type": "Feature", "geometry": {"type": "Point", "coordinates": [81.021953, 6.989209]}, "properties": {"name": "", "lat": 6.989209, "lon": 81.021953, "elev_m": 1031.6, "prominence_m": 50.9}}, {"type": "Feature", "geometry": {"type": "Point", "coordinates": [81.061271, 6.902645]}, "properties": {"name": "", "lat": 6.902645, "lon": 81.061271, "elev_m": 941.6, "prominence_m": 50.9}}, {"type": "Feature", "geometry": {"type": "Point", "coordinates": [80.579785, 7.289552]}, "properties": {"name": "", "lat": 7.289552, "lon": 80.579785, "elev_m": 661.6, "prominence_m": 50.9}}, {"type": "Feature", "geometry": {"type": "Point", "coordinates": [80.617131, 7.701111]}, "properties": {"name": "", "lat": 7.701111, "lon": 80.617131, "elev_m": 471.6, "prominence_m": 50.9}}, {"type": "Feature", "geometry": {"type": "Point", "coordinates": [81.244004, 6.937768]}, "properties": {"name": "", "lat": 6.937768, "lon": 81.244004, "elev_m": 451.6, "prominence_m": 50.9}}, {"type": "Feature", "geometry": {"type": "Point", "coordinates": [80.570464, 6.204363]}, "properties": {"name": "", "lat": 6.204363, "lon": 80.570464, "elev_m": 371.6, "prominence_m": 50.9}}, {"type": "Feature", "geometry": {"type": "Point", "coordinates": [80.55518, 7.59474]}, "properties": {"name": "", "lat": 7.59474, "lon": 80.55518, "elev_m": 281.6, "prominence_m": 50.9}}, {"type": "Feature", "geometry": {"type": "Point", "coordinates": [80.738523, 6.473263]}, "properties": {"name": "", "lat": 6.473263, "lon": 80.738523, "elev_m": 221.6, "prominence_m": 50.9}}, {"type": "Feature", "geometry": {"type": "Point", "coordinates": [80.684488, 8.099647]}, "properties": {"name": "", "lat": 8.099647, "lon": 80.684488, "elev_m": 221.6, "prominence_m": 50.9}}, {"type": "Feature", "geometry": {"type": "Point", "coordinates": [80.399659, 7.278858]}, "properties": {"name": "", "lat": 7.278858, "lon": 80.399659, "elev_m": 201.6, "prominence_m": 50.9}}, {"type": "Feature", "geometry": {"type": "Point", "coordinates": [81.314082, 6.726363]}, "properties": {"name": "", "lat": 6.726363, "lon": 81.314082, "elev_m": 201.6, "prominence_m": 50.9}}, {"type": "Feature", "geometry": {"type": "Point", "coordinates": [80.854422, 6.981399]}, "properties": {"name": "Kuraththa", "lat": 6.981399, "lon": 80.854422, "elev_m": 2041.5, "prominence_m": 50.8}}, {"type": "Feature", "geometry": {"type": "Point", "coordinates": [80.672824, 6.759745]}, "properties": {"name": "", "lat": 6.759745, "lon": 80.672824, "elev_m": 1931.5, "prominence_m": 50.8}}, {"type": "Feature", "geometry": {"type": "Point", "coordinates": [80.667575, 7.161261]}, "properties": {"name": "", "lat": 7.161261, "lon": 80.667575, "elev_m": 1001.5, "prominence_m": 50.8}}, {"type": "Feature", "geometry": {"type": "Point", "coordinates": [80.568456, 7.110495]}, "properties": {"name": "", "lat": 7.110495, "lon": 80.568456, "elev_m": 671.5, "prominence_m": 50.8}}, {"type": "Feature", "geometry": {"type": "Point", "coordinates": [80.256343, 6.664799]}, "properties": {"name": "", "lat": 6.664799, "lon": 80.256343, "elev_m": 421.5, "prominence_m": 50.8}}, {"type": "Feature", "geometry": {"type": "Point", "coordinates": [80.290125, 6.524034]}, "properties": {"name": "", "lat": 6.524034, "lon": 80.290125, "elev_m": 291.5, "prominence_m": 50.8}}, {"type": "Feature", "geometry": {"type": "Point", "coordinates": [81.508083, 7.404835]}, "properties": {"name": "", "lat": 7.404835, "lon": 81.508083, "elev_m": 261.5, "prominence_m": 50.8}}, {"type": "Feature", "geometry": {"type": "Point", "coordinates": [80.647561, 7.794444]}, "properties": {"name": "", "lat": 7.794444, "lon": 80.647561, "elev_m": 251.5, "prominence_m": 50.8}}, {"type": "Feature", "geometry": {"type": "Point", "coordinates": [80.269946, 6.358255]}, "properties": {"name": "", "lat": 6.358255, "lon": 80.269946, "elev_m": 251.5, "prominence_m": 50.8}}, {"type": "Feature", "geometry": {"type": "Point", "coordinates": [81.371154, 7.429997]}, "properties": {"name": "", "lat": 7.429997, "lon": 81.371154, "elev_m": 241.5, "prominence_m": 50.8}}, {"type": "Feature", "geometry": {"type": "Point", "coordinates": [80.387911, 6.349133]}, "properties": {"name": "", "lat": 6.349133, "lon": 80.387911, "elev_m": 201.5, "prominence_m": 50.8}}, {"type": "Feature", "geometry": {"type": "Point", "coordinates": [80.629351, 6.925225]}, "properties": {"name": "", "lat": 6.925225, "lon": 80.629351, "elev_m": 1461.4, "prominence_m": 50.7}}, {"type": "Feature", "geometry": {"type": "Point", "coordinates": [80.522931, 6.919754]}, "properties": {"name": "", "lat": 6.919754, "lon": 80.522931, "elev_m": 1071.4, "prominence_m": 50.7}}, {"type": "Feature", "geometry": {"type": "Point", "coordinates": [80.486557, 6.45202]}, "properties": {"name": "", "lat": 6.45202, "lon": 80.486557, "elev_m": 721.4, "prominence_m": 50.7}}, {"type": "Feature", "geometry": {"type": "Point", "coordinates": [80.580883, 7.264594]}, "properties": {"name": "", "lat": 7.264594, "lon": 80.580883, "elev_m": 571.4, "prominence_m": 50.7}}, {"type": "Feature", "geometry": {"type": "Point", "coordinates": [80.794946, 6.62899]}, "properties": {"name": "", "lat": 6.62899, "lon": 80.794946, "elev_m": 561.4, "prominence_m": 50.7}}, {"type": "Feature", "geometry": {"type": "Point", "coordinates": [80.749912, 6.540546]}, "properties": {"name": "", "lat": 6.540546, "lon": 80.749912, "elev_m": 521.4, "prominence_m": 50.7}}, {"type": "Feature", "geometry": {"type": "Point", "coordinates": [81.426094, 7.458674]}, "properties": {"name": "", "lat": 7.458674, "lon": 81.426094, "elev_m": 461.4, "prominence_m": 50.7}}, {"type": "Feature", "geometry": {"type": "Point", "coordinates": [81.307445, 7.101828]}, "properties": {"name": "", "lat": 7.101828, "lon": 81.307445, "elev_m": 331.4, "prominence_m": 50.7}}, {"type": "Feature", "geometry": {"type": "Point", "coordinates": [81.402573, 6.955761]}, "properties": {"name": "", "lat": 6.955761, "lon": 81.402573, "elev_m": 331.4, "prominence_m": 50.7}}, {"type": "Feature", "geometry": {"type": "Point", "coordinates": [81.479837, 7.414646]}, "properties": {"name": "", "lat": 7.414646, "lon": 81.479837, "elev_m": 331.4, "prominence_m": 50.7}}, {"type": "Feature", "geometry": {"type": "Point", "coordinates": [80.508129, 7.167978]}, "properties": {"name": "", "lat": 7.167978, "lon": 80.508129, "elev_m": 301.4, "prominence_m": 50.7}}, {"type": "Feature", "geometry": {"type": "Point", "coordinates": [80.59782, 6.275183]}, "properties": {"name": "", "lat": 6.275183, "lon": 80.59782, "elev_m": 291.4, "prominence_m": 50.7}}, {"type": "Feature", "geometry": {"type": "Point", "coordinates": [80.376943, 6.151621]}, "properties": {"name": "", "lat": 6.151621, "lon": 80.376943, "elev_m": 281.4, "prominence_m": 50.7}}, {"type": "Feature", "geometry": {"type": "Point", "coordinates": [81.509602, 7.501133]}, "properties": {"name": "", "lat": 7.501133, "lon": 81.509602, "elev_m": 251.4, "prominence_m": 50.7}}, {"type": "Feature", "geometry": {"type": "Point", "coordinates": [80.279919, 6.957542]}, "properties": {"name": "", "lat": 6.957542, "lon": 80.279919, "elev_m": 201.4, "prominence_m": 50.7}}, {"type": "Feature", "geometry": {"type": "Point", "coordinates": [80.57105, 6.764054]}, "properties": {"name": "", "lat": 6.764054, "lon": 80.57105, "elev_m": 1851.3, "prominence_m": 50.6}}, {"type": "Feature", "geometry": {"type": "Point", "coordinates": [80.842222, 7.109995]}, "properties": {"name": "", "lat": 7.109995, "lon": 80.842222, "elev_m": 1291.3, "prominence_m": 50.6}}, {"type": "Feature", "geometry": {"type": "Point", "coordinates": [81.158686, 6.849404]}, "properties": {"name": "", "lat": 6.849404, "lon": 81.158686, "elev_m": 721.3, "prominence_m": 50.6}}, {"type": "Feature", "geometry": {"type": "Point", "coordinates": [80.471385, 6.42461]}, "properties": {"name": "", "lat": 6.42461, "lon": 80.471385, "elev_m": 501.3, "prominence_m": 50.6}}, {"type": "Feature", "geometry": {"type": "Point", "coordinates": [80.794442, 7.621925]}, "properties": {"name": "", "lat": 7.621925, "lon": 80.794442, "elev_m": 471.3, "prominence_m": 50.6}}, {"type": "Feature", "geometry": {"type": "Point", "coordinates": [80.350653, 7.386243]}, "properties": {"name": "", "lat": 7.386243, "lon": 80.350653, "elev_m": 271.3, "prominence_m": 50.6}}, {"type": "Feature", "geometry": {"type": "Point", "coordinates": [80.34525, 7.066393]}, "properties": {"name": "", "lat": 7.066393, "lon": 80.34525, "elev_m": 211.3, "prominence_m": 50.6}}, {"type": "Feature", "geometry": {"type": "Point", "coordinates": [80.827317, 7.403263]}, "properties": {"name": "", "lat": 7.403263, "lon": 80.827317, "elev_m": 1581.2, "prominence_m": 50.5}}, {"type": "Feature", "geometry": {"type": "Point", "coordinates": [80.699675, 6.869354]}, "properties": {"name": "", "lat": 6.869354, "lon": 80.699675, "elev_m": 1461.2, "prominence_m": 50.5}}, {"type": "Feature", "geometry": {"type": "Point", "coordinates": [80.542384, 7.107499]}, "properties": {"name": "", "lat": 7.107499, "lon": 80.542384, "elev_m": 781.2, "prominence_m": 50.5}}, {"type": "Feature", "geometry": {"type": "Point", "coordinates": [80.531706, 7.269454]}, "properties": {"name": "", "lat": 7.269454, "lon": 80.531706, "elev_m": 571.2, "prominence_m": 50.5}}, {"type": "Feature", "geometry": {"type": "Point", "coordinates": [81.025071, 6.71927]}, "properties": {"name": "", "lat": 6.71927, "lon": 81.025071, "elev_m": 491.2, "prominence_m": 50.5}}, {"type": "Feature", "geometry": {"type": "Point", "coordinates": [80.336695, 7.209081]}, "properties": {"name": "", "lat": 7.209081, "lon": 80.336695, "elev_m": 341.2, "prominence_m": 50.5}}, {"type": "Feature", "geometry": {"type": "Point", "coordinates": [80.366816, 7.244648]}, "properties": {"name": "", "lat": 7.244648, "lon": 80.366816, "elev_m": 261.2, "prominence_m": 50.5}}, {"type": "Feature", "geometry": {"type": "Point", "coordinates": [80.271592, 6.611642]}, "properties": {"name": "", "lat": 6.611642, "lon": 80.271592, "elev_m": 241.2, "prominence_m": 50.5}}, {"type": "Feature", "geometry": {"type": "Point", "coordinates": [81.167824, 7.383562]}, "properties": {"name": "", "lat": 7.383562, "lon": 81.167824, "elev_m": 221.2, "prominence_m": 50.5}}, {"type": "Feature", "geometry": {"type": "Point", "coordinates": [80.690145, 7.028603]}, "properties": {"name": "", "lat": 7.028603, "lon": 80.690145, "elev_m": 1711.1, "prominence_m": 50.4}}, {"type": "Feature", "geometry": {"type": "Point", "coordinates": [80.859876, 7.114061]}, "properties": {"name": "", "lat": 7.114061, "lon": 80.859876, "elev_m": 941.1, "prominence_m": 50.4}}, {"type": "Feature", "geometry": {"type": "Point", "coordinates": [80.853299, 6.748356]}, "properties": {"name": "", "lat": 6.748356, "lon": 80.853299, "elev_m": 781.1, "prominence_m": 50.4}}, {"type": "Feature", "geometry": {"type": "Point", "coordinates": [80.667504, 7.453441]}, "properties": {"name": "", "lat": 7.453441, "lon": 80.667504, "elev_m": 731.1, "prominence_m": 50.4}}, {"type": "Feature", "geometry": {"type": "Point", "coordinates": [80.486101, 6.298736]}, "properties": {"name": "", "lat": 6.298736, "lon": 80.486101, "elev_m": 551.1, "prominence_m": 50.4}}, {"type": "Feature", "geometry": {"type": "Point", "coordinates": [80.802545, 6.672398]}, "properties": {"name": "", "lat": 6.672398, "lon": 80.802545, "elev_m": 541.1, "prominence_m": 50.4}}, {"type": "Feature", "geometry": {"type": "Point", "coordinates": [80.352225, 6.858864]}, "properties": {"name": "", "lat": 6.858864, "lon": 80.352225, "elev_m": 371.1, "prominence_m": 50.4}}, {"type": "Feature", "geometry": {"type": "Point", "coordinates": [80.476756, 7.373052]}, "properties": {"name": "", "lat": 7.373052, "lon": 80.476756, "elev_m": 341.1, "prominence_m": 50.4}}, {"type": "Feature", "geometry": {"type": "Point", "coordinates": [80.838002, 7.997108]}, "properties": {"name": "", "lat": 7.997108, "lon": 80.838002, "elev_m": 281.1, "prominence_m": 50.4}}, {"type": "Feature", "geometry": {"type": "Point", "coordinates": [80.783284, 6.949935]}, "properties": {"name": "Textile Hill", "lat": 6.949935, "lon": 80.783284, "elev_m": 1951.0, "prominence_m": 50.3}}, {"type": "Feature", "geometry": {"type": "Point", "coordinates": [80.577481, 6.962373]}, "properties": {"name": "", "lat": 6.962373, "lon": 80.577481, "elev_m": 1621.0, "prominence_m": 50.3}}, {"type": "Feature", "geometry": {"type": "Point", "coordinates": [80.658082, 7.108628]}, "properties": {"name": "", "lat": 7.108628, "lon": 80.658082, "elev_m": 1301.0, "prominence_m": 50.3}}, {"type": "Feature", "geometry": {"type": "Point", "coordinates": [80.361834, 7.044434]}, "properties": {"name": "", "lat": 7.044434, "lon": 80.361834, "elev_m": 711.0, "prominence_m": 50.3}}, {"type": "Feature", "geometry": {"type": "Point", "coordinates": [81.47412, 7.408145]}, "properties": {"name": "", "lat": 7.408145, "lon": 81.47412, "elev_m": 431.0, "prominence_m": 50.3}}, {"type": "Feature", "geometry": {"type": "Point", "coordinates": [81.201819, 6.820611]}, "properties": {"name": "", "lat": 6.820611, "lon": 81.201819, "elev_m": 411.0, "prominence_m": 50.3}}, {"type": "Feature", "geometry": {"type": "Point", "coordinates": [81.22663, 7.21938]}, "properties": {"name": "", "lat": 7.21938, "lon": 81.22663, "elev_m": 371.0, "prominence_m": 50.3}}, {"type": "Feature", "geometry": {"type": "Point", "coordinates": [81.075592, 7.220318]}, "properties": {"name": "", "lat": 7.220318, "lon": 81.075592, "elev_m": 331.0, "prominence_m": 50.3}}, {"type": "Feature", "geometry": {"type": "Point", "coordinates": [80.309513, 7.226688]}, "properties": {"name": "", "lat": 7.226688, "lon": 80.309513, "elev_m": 241.0, "prominence_m": 50.3}}, {"type": "Feature", "geometry": {"type": "Point", "coordinates": [80.734738, 6.32486]}, "properties": {"name": "", "lat": 6.32486, "lon": 80.734738, "elev_m": 231.0, "prominence_m": 50.3}}, {"type": "Feature", "geometry": {"type": "Point", "coordinates": [80.259388, 6.340339]}, "properties": {"name": "", "lat": 6.340339, "lon": 80.259388, "elev_m": 221.0, "prominence_m": 50.3}}, {"type": "Feature", "geometry": {"type": "Point", "coordinates": [81.371058, 7.755796]}, "properties": {"name": "", "lat": 7.755796, "lon": 81.371058, "elev_m": 221.0, "prominence_m": 50.3}}, {"type": "Feature", "geometry": {"type": "Point", "coordinates": [80.838527, 7.86445]}, "properties": {"name": "", "lat": 7.86445, "lon": 80.838527, "elev_m": 211.0, "prominence_m": 50.3}}, {"type": "Feature", "geometry": {"type": "Point", "coordinates": [80.696911, 7.157197]}, "properties": {"name": "", "lat": 7.157197, "lon": 80.696911, "elev_m": 1370.9, "prominence_m": 50.2}}, {"type": "Feature", "geometry": {"type": "Point", "coordinates": [80.850315, 6.758666]}, "properties": {"name": "", "lat": 6.758666, "lon": 80.850315, "elev_m": 830.9, "prominence_m": 50.2}}, {"type": "Feature", "geometry": {"type": "Point", "coordinates": [80.347113, 6.495871]}, "properties": {"name": "", "lat": 6.495871, "lon": 80.347113, "elev_m": 390.9, "prominence_m": 50.2}}, {"type": "Feature", "geometry": {"type": "Point", "coordinates": [80.619241, 6.271934]}, "properties": {"name": "", "lat": 6.271934, "lon": 80.619241, "elev_m": 390.9, "prominence_m": 50.2}}, {"type": "Feature", "geometry": {"type": "Point", "coordinates": [80.577224, 6.249131]}, "properties": {"name": "", "lat": 6.249131, "lon": 80.577224, "elev_m": 290.9, "prominence_m": 50.2}}, {"type": "Feature", "geometry": {"type": "Point", "coordinates": [80.728361, 7.698154]}, "properties": {"name": "", "lat": 7.698154, "lon": 80.728361, "elev_m": 250.9, "prominence_m": 50.2}}, {"type": "Feature", "geometry": {"type": "Point", "coordinates": [80.182433, 7.185848]}, "properties": {"name": "", "lat": 7.185848, "lon": 80.182433, "elev_m": 220.9, "prominence_m": 50.2}}, {"type": "Feature", "geometry": {"type": "Point", "coordinates": [80.26774, 7.170759]}, "properties": {"name": "", "lat": 7.170759, "lon": 80.26774, "elev_m": 200.9, "prominence_m": 50.2}}, {"type": "Feature", "geometry": {"type": "Point", "coordinates": [80.76374, 6.793126]}, "properties": {"name": "", "lat": 6.793126, "lon": 80.76374, "elev_m": 2330.8, "prominence_m": 50.1}}, {"type": "Feature", "geometry": {"type": "Point", "coordinates": [80.948584, 6.828364]}, "properties": {"name": "", "lat": 6.828364, "lon": 80.948584, "elev_m": 1340.8, "prominence_m": 50.1}}, {"type": "Feature", "geometry": {"type": "Point", "coordinates": [80.615388, 6.453705]}, "properties": {"name": "", "lat": 6.453705, "lon": 80.615388, "elev_m": 1070.8, "prominence_m": 50.1}}, {"type": "Feature", "geometry": {"type": "Point", "coordinates": [80.557065, 7.076578]}, "properties": {"name": "", "lat": 7.076578, "lon": 80.557065, "elev_m": 670.8, "prominence_m": 50.1}}, {"type": "Feature", "geometry": {"type": "Point", "coordinates": [81.436636, 7.046322]}, "properties": {"name": "", "lat": 7.046322, "lon": 81.436636, "elev_m": 450.8, "prominence_m": 50.1}}, {"type": "Feature", "geometry": {"type": "Point", "coordinates": [81.253837, 6.99717]}, "properties": {"name": "", "lat": 6.99717, "lon": 81.253837, "elev_m": 410.8, "prominence_m": 50.1}}, {"type": "Feature", "geometry": {"type": "Point", "coordinates": [80.354137, 7.147516]}, "properties": {"name": "", "lat": 7.147516, "lon": 80.354137, "elev_m": 390.8, "prominence_m": 50.1}}, {"type": "Feature", "geometry": {"type": "Point", "coordinates": [81.235793, 6.869412]}, "properties": {"name": "", "lat": 6.869412, "lon": 81.235793, "elev_m": 380.8, "prominence_m": 50.1}}, {"type": "Feature", "geometry": {"type": "Point", "coordinates": [80.931711, 6.689466]}, "properties": {"name": "", "lat": 6.689466, "lon": 80.931711, "elev_m": 290.8, "prominence_m": 50.1}}, {"type": "Feature", "geometry": {"type": "Point", "coordinates": [80.317137, 7.208519]}, "properties": {"name": "", "lat": 7.208519, "lon": 80.317137, "elev_m": 280.8, "prominence_m": 50.1}}, {"type": "Feature", "geometry": {"type": "Point", "coordinates": [80.903756, 6.669398]}, "properties": {"name": "", "lat": 6.669398, "lon": 80.903756, "elev_m": 280.8, "prominence_m": 50.1}}, {"type": "Feature", "geometry": {"type": "Point", "coordinates": [80.703255, 6.52155]}, "properties": {"name": "", "lat": 6.52155, "lon": 80.703255, "elev_m": 260.8, "prominence_m": 50.1}}, {"type": "Feature", "geometry": {"type": "Point", "coordinates": [80.62733, 8.079284]}, "properties": {"name": "", "lat": 8.079284, "lon": 80.62733, "elev_m": 210.8, "prominence_m": 50.1}}, {"type": "Feature", "geometry": {"type": "Point", "coordinates": [80.984734, 6.942565]}, "properties": {"name": "", "lat": 6.942565, "lon": 80.984734, "elev_m": 1230.7, "prominence_m": 50.0}}, {"type": "Feature", "geometry": {"type": "Point", "coordinates": [80.65058, 6.722572]}, "properties": {"name": "Walaboda Pathana", "lat": 6.722572, "lon": 80.65058, "elev_m": 1080.7, "prominence_m": 50.0}}, {"type": "Feature", "geometry": {"type": "Point", "coordinates": [80.525987, 7.293595]}, "properties": {"name": "", "lat": 7.293595, "lon": 80.525987, "elev_m": 680.7, "prominence_m": 50.0}}, {"type": "Feature", "geometry": {"type": "Point", "coordinates": [81.022362, 6.727953]}, "properties": {"name": "", "lat": 6.727953, "lon": 81.022362, "elev_m": 610.7, "prominence_m": 50.0}}, {"type": "Feature", "geometry": {"type": "Point", "coordinates": [80.529188, 6.352204]}, "properties": {"name": "", "lat": 6.352204, "lon": 80.529188, "elev_m": 570.7, "prominence_m": 50.0}}, {"type": "Feature", "geometry": {"type": "Point", "coordinates": [81.447447, 7.011312]}, "properties": {"name": "", "lat": 7.011312, "lon": 81.447447, "elev_m": 500.7, "prominence_m": 50.0}}, {"type": "Feature", "geometry": {"type": "Point", "coordinates": [81.13984, 6.693697]}, "properties": {"name": "", "lat": 6.693697, "lon": 81.13984, "elev_m": 460.7, "prominence_m": 50.0}}, {"type": "Feature", "geometry": {"type": "Point", "coordinates": [81.059247, 6.690765]}, "properties": {"name": "", "lat": 6.690765, "lon": 81.059247, "elev_m": 440.7, "prominence_m": 50.0}}, {"type": "Feature", "geometry": {"type": "Point", "coordinates": [80.336412, 7.221289]}, "properties": {"name": "", "lat": 7.221289, "lon": 80.336412, "elev_m": 310.7, "prominence_m": 50.0}}, {"type": "Feature", "geometry": {"type": "Point", "coordinates": [81.208359, 7.145065]}, "properties": {"name": "", "lat": 7.145065, "lon": 81.208359, "elev_m": 300.7, "prominence_m": 50.0}}, {"type": "Feature", "geometry": {"type": "Point", "coordinates": [80.509174, 6.247744]}, "properties": {"name": "", "lat": 6.247744, "lon": 80.509174, "elev_m": 280.7, "prominence_m": 50.0}}, {"type": "Feature", "geometry": {"type": "Point", "coordinates": [80.887162, 7.621911]}, "properties": {"name": "", "lat": 7.621911, "lon": 80.887162, "elev_m": 230.7, "prominence_m": 50.0}}, {"type": "Feature", "geometry": {"type": "Point", "coordinates": [80.193762, 7.247714]}, "properties": {"name": "", "lat": 7.247714, "lon": 80.193762, "elev_m": 220.7, "prominence_m": 50.0}}, {"type": "Feature", "geometry": {"type": "Point", "coordinates": [81.325119, 6.646864]}, "properties": {"name": "", "lat": 6.646864, "lon": 81.325119, "elev_m": 200.7, "prominence_m": 50.0}}, {"type": "Feature", "geometry": {"type": "Point", "coordinates": [80.359015, 6.200169]}, "properties": {"name": "", "lat": 6.200169, "lon": 80.359015, "elev_m": 200.7, "prominence_m": 50.0}}]}