name,lat,lon,elev_m,prominence_m
Pidurutalagala,7.000939,80.773509,2520.7,2520.7
Gombaniya,7.454268,80.750947,1893.0,1412.3
,6.436057,80.57661,1375.8,1125.1
Namunukula,6.932724,81.113143,2033.3,1022.6
,6.877652,81.387812,1109.3,928.6
Kabaragala,7.07031,80.502483,1508.1,847.4
Kiribathgala,6.612916,80.517394,944.7,794.0
,6.653113,80.625363,1522.5,761.8
,7.605874,80.577741,1206.4,745.7
Brandigala,7.490036,80.581328,1247.5,736.8
Sri Paadaya Peak,6.809596,80.499376,2190.0,689.3
,7.019761,81.173758,1510.7,670.0
Narangala,7.035606,81.010572,1565.7,665.0
,6.331968,80.299527,659.7,659.7
Udaperuwahela,7.263927,81.407065,865.0,654.3
,7.193407,80.405434,880.8,620.1
,6.600602,80.361674,926.1,615.4
,7.311035,81.263401,862.6,611.9
,6.968482,80.37249,941.6,610.9
,7.432147,80.41475,786.0,605.3
,7.774383,80.710672,880.3,599.6
,7.443084,81.508147,592.5,592.5
Ritigala,8.109406,80.656719,756.3,585.6
,7.165885,80.802301,1518.5,557.8
,7.380997,81.48712,676.8,556.1
Kirigalpotta,6.799094,80.766454,2380.4,549.7
Wadinagala Summit,7.099097,81.518181,667.8,547.1
,7.41662,81.208891,685.4,544.7
,7.04501,80.402566,1304.9,544.2
,6.81017,80.221176,539.6,539.6
,7.859681,81.144861,532.1,532.1
Peacock Hill,7.085289,80.632016,1499.4,528.7
,7.748866,80.641863,868.2,527.5
,7.48616,81.102679,677.2,526.5
Nayabedde Peak,6.804461,81.017244,1952.7,522.0
,6.663451,80.264213,682.2,511.5
Mountain Peak Kalubovitiyana,6.32826,80.410975,731.6,510.9
,6.769509,80.659524,2048.6,497.9
,7.263223,81.321759,756.0,495.3
,6.251592,80.637412,825.5,494.8
Dolukanda,7.612548,80.411609,623.8,493.1
,6.831099,80.684752,2076.9,486.2
Alagalla,7.296816,80.470558,1006.8,486.1
,6.792797,81.341566,656.6,485.9
,6.275865,80.364106,478.1,478.1
,7.124246,81.387046,664.8,474.1
,7.865267,80.734055,681.3,470.6
,7.290016,81.372326,720.0,469.3
,7.025523,80.464222,1333.5,462.8
,6.693701,81.133328,651.2,460.5
,6.763518,80.587877,2052.2,451.5
,6.477226,80.445587,881.4,450.7
,7.077679,81.312034,719.2,448.5
,6.962378,81.316789,718.9,448.2
,7.28742,80.844693,1328.6,447.9
,7.137917,80.928869,1193.3,442.6
,7.328811,81.549529,612.5,441.8
,6.971056,80.581279,1720.9,440.2
,7.444571,81.424442,540.4,439.7
,7.490588,80.604432,1208.5,437.8
,6.612976,80.692118,967.7,437.0
Galgiriya Mountain,7.93453,80.381128,567.7,437.0
,7.147393,80.979664,785.2,434.5
,6.317454,80.483108,834.7,434.0
,7.606941,80.542394,673.9,433.2
,6.450202,80.249514,432.8,432.8
,7.15062,81.036977,849.4,428.7
,7.490803,80.495975,816.4,425.7
,6.80194,80.409814,969.0,418.3
,7.82782,80.680195,618.6,417.9
,7.573774,80.43611,557.0,416.3
Dumbaanagala,7.383184,80.855578,1626.7,416.0
,7.079711,80.373481,966.6,415.9
,6.125594,80.401628,413.7,413.7
,7.148937,80.431817,1113.5,412.8
,7.81097,80.587983,613.2,412.5
,6.945026,80.245453,412.2,412.2
,7.63357,81.278169,511.8,411.1
,6.97515,80.255465,410.4,410.4
,6.912623,80.405658,720.0,409.3
Govinda Hela,7.031774,81.547941,509.6,408.9
,7.010955,80.251896,408.6,408.6
,7.025575,81.326637,688.0,407.3
,7.199617,81.182605,670.1,399.4
,6.875966,81.431512,555.0,394.3
,7.345091,81.368051,654.6,393.9
,6.882724,81.448894,540.2,389.5
Hunnasgiriya,7.387253,80.699588,1499.8,389.1
,7.039512,81.456177,557.9,387.2
Arangala,7.696778,80.638888,746.9,376.2
,7.232621,81.481453,496.2,375.5
Yakunnehela Summit,7.208407,81.336362,606.1,375.4
,6.99219,81.341803,672.7,372.0
,6.474029,80.552726,1241.6,370.9
,6.555963,80.557844,681.4,370.7
,7.390634,80.407446,701.3,370.6
,7.466203,80.820529,1550.9,370.2
,7.164793,80.858256,790.3,369.6
,6.976663,81.128108,1499.5,368.8
Yaka Netu Hela,7.4112,81.427111,477.9,367.2
,7.411119,80.888196,1494.7,364.0
,7.387719,80.503922,613.9,363.2
,7.115306,80.444335,1262.4,361.7
,6.404184,80.360208,580.1,359.4
,6.707146,81.27173,549.2,358.5
,6.929483,80.460756,1048.2,357.5
,6.793692,81.266932,643.3,352.6
,6.944382,81.573588,442.5,351.8
,7.551928,80.71125,1381.2,350.5
Ambuluwaawa,7.161217,80.547246,1068.2,347.5
,6.615786,80.350809,846.5,345.8
,6.813363,80.450247,1555.0,344.3
Mahabaliaula,7.346829,81.479458,594.5,343.8
,7.737969,80.536611,630.6,339.9
,7.104042,81.478811,560.2,339.5
,6.542331,80.436592,689.8,339.1
,6.759463,80.242131,489.5,338.8
Hantana 1,7.227991,80.638491,1307.4,336.7
,7.119783,81.634991,437.3,336.6
Wedasitikanda,6.386687,81.335955,416.1,335.4
,6.827745,80.172844,456.0,335.3
Lakegala,7.465116,80.840371,1245.2,334.5
Knuckles,7.400823,80.810739,1854.4,333.7
,7.731238,80.890182,502.7,332.0
Dell Hill,6.886163,80.645922,1882.6,331.9
Iharakanda,6.527988,80.494923,762.3,331.6
,6.210889,80.613295,742.0,331.3
,7.455444,81.576655,331.2,331.2
,6.679879,80.43894,480.8,330.1
,7.198706,80.702065,1339.8,329.1
Yakdessagala,7.583166,80.322731,458.4,327.7
,7.604862,81.235994,428.0,327.3
,6.71455,81.434821,436.9,326.2
,6.435984,80.438291,736.2,325.5
,7.538607,80.606316,916.1,325.4
,7.264901,81.278565,596.0,325.3
,7.340595,80.28032,416.0,325.3
,6.676263,81.461631,435.8,325.1
,7.100073,81.161605,1505.5,324.8
,7.320236,80.893335,1113.7,323.0
,6.304503,80.670207,713.7,323.0
,6.451017,80.758867,503.7,323.0
,7.117574,81.296871,542.9,322.2
,7.088007,80.903324,1391.9,321.2
,8.442283,80.771593,411.7,321.0
,6.728423,80.41394,571.4,320.7
,7.542565,81.551262,319.8,319.8
,6.285186,80.514578,719.8,319.1
,7.246863,81.13266,598.4,317.7
Thunkadulla,6.602608,80.196995,317.6,317.6
,7.450083,81.539956,317.4,317.4
,6.218047,80.325656,315.3,315.3
,6.837239,80.453217,1525.7,315.0
,7.574238,80.127271,313.4,313.4
Patanagala,7.548946,80.729465,1503.1,312.4
Rajagala,7.490081,81.621564,312.1,312.1
,6.545508,80.33622,561.8,311.1
,7.282292,81.251416,661.7,311.0
,7.810015,80.38315,441.2,310.5
Inginiyagala Summit,7.219783,81.536304,310.2,310.2
,6.96908,80.443353,850.6,309.9
,6.145974,80.45176,309.4,309.4
,7.064629,80.217348,409.3,308.6
,7.279505,81.317704,699.1,308.4
,6.947629,80.418119,698.9,308.2
Thoppikanda,6.665834,80.547214,918.8,308.1
Bible Rock,7.189903,80.433959,788.7,308.0
,6.440218,80.30458,397.7,307.0
Bulupitihela Summit,7.183957,81.364038,497.6,306.9
,7.508986,81.51777,385.0,304.3
,6.244655,80.351118,474.9,304.2
Thuduvila,7.644577,81.368999,304.0,304.0
,6.659035,80.196386,304.0,304.0
,6.669989,80.291611,424.0,303.3
,7.492843,81.433755,383.7,303.0
,7.735784,81.325068,382.1,301.4
,6.354422,80.664773,992.0,301.3
,7.05743,81.218868,1041.5,300.8
,7.099076,81.034503,919.8,299.1
,6.842058,80.36934,599.8,299.1
,7.607962,80.443425,449.1,298.4
Opalgala,7.589093,80.705263,1309.0,298.3
Hakgala Peak,6.917921,80.811789,2166.4,295.7
,7.076086,80.733316,2126.3,295.6
,7.276287,81.487226,426.1,295.4
,6.65337,80.967515,635.5,294.8
,6.080318,80.449903,293.6,293.6
,6.737573,81.461174,424.1,293.4
,7.77276,80.764256,513.8,293.1
Nilgala Summit,7.174725,81.370545,493.0,292.3
,6.87853,81.005065,1472.9,292.2
Kotagala,6.895379,80.619858,1742.8,292.1
,7.763988,81.331632,372.6,291.9
,6.785255,80.260286,391.5,290.8
,6.626699,80.429752,287.8,287.8
Mahakudugala,7.043256,80.844113,2098.1,287.4
,7.404021,81.004511,387.8,287.1
,6.89395,80.182533,397.6,286.9
,7.056482,81.534405,417.2,286.5
,7.825661,80.766975,565.6,284.9
,6.446589,80.477882,845.2,284.5
Gongala,6.38589,80.653918,1355.1,284.4
,7.748439,81.393893,283.5,283.5
,6.588922,80.100163,281.5,281.5
Gorikana Mountain,7.465212,81.407078,391.7,281.0
Katupotha Kanda,8.329077,80.518561,391.5,280.8
,6.640594,81.024489,561.3,280.6
,7.532669,80.733544,1470.7,280.0
,7.301532,80.794972,940.2,279.5
,6.776322,81.274242,480.0,279.3
,6.50635,81.526223,278.9,278.9
,6.267433,80.338085,469.5,278.8
,6.849593,80.302289,379.4,278.7
,6.44464,80.401671,688.9,278.2
,7.606179,80.874651,528.8,278.1
,6.520559,80.347906,538.5,277.8
,6.849398,80.386706,738.4,277.7
,7.076353,81.491261,538.4,277.7
,7.167847,81.60792,277.3,277.3
,7.318873,80.916703,1107.1,276.4
,7.252656,80.974006,617.0,276.3
,7.039818,80.357494,816.7,276.0
,6.672478,80.342077,275.8,275.8
Maha Seethala Wanniya,7.481412,81.458743,466.4,275.7
Saptha Kanya 7,6.883658,80.498519,1566.0,275.3
Maningala,7.524261,80.774593,1095.5,274.8
,6.592001,80.174219,274.8,274.8
,7.347923,80.784377,1304.8,274.1
,7.359356,81.23302,454.4,273.7
,6.866126,81.483614,413.5,272.8
,7.354351,81.340076,503.4,272.7
,7.165682,81.208922,553.3,272.6
,7.609861,81.108754,403.0,272.3
,7.084303,81.604511,382.7,272.0
,7.832443,80.797716,542.6,271.9
Great Western Peak,6.96702,80.693957,2202.5,271.8
,6.393404,80.161167,270.6,270.6
,7.691634,80.674243,570.9,270.2
,7.08486,81.186034,1380.7,270.0
Kuda gala,7.444986,80.547645,880.5,269.8
,7.565302,80.138158,269.6,269.6
,7.697872,80.882558,469.0,268.3
,6.530219,80.236953,268.3,268.3
,6.504809,80.330559,598.9,268.2
,6.270122,80.309344,398.4,267.7
,6.431308,80.353405,638.0,267.3
,6.611283,81.046722,428.0,267.3
,6.239895,80.549032,477.5,266.8
,6.168533,80.52819,437.2,266.5
,7.050626,81.241129,866.8,266.1
Conical Hill,6.912768,80.776225,2166.4,265.7
,7.176747,80.286204,265.5,265.5
,7.22293,81.202185,535.4,264.7
,6.419614,80.320328,405.4,264.7
,6.351895,80.460039,713.7,263.0
,6.930046,81.060202,1233.4,262.7
,6.645067,80.330163,743.2,262.5
,6.855205,80.560968,1552.9,262.2
,7.050024,80.90956,1162.1,261.4
,6.625495,80.288399,501.3,260.6
,7.402877,81.364867,421.0,260.3
,6.275469,80.649878,659.9,259.2
,6.418315,80.390028,789.1,258.4
,6.763203,81.055218,1468.9,258.2
,6.553826,80.655506,518.7,258.0
,7.548285,81.10191,398.6,257.9
,7.290491,81.422045,518.1,257.4
,6.293748,80.336708,417.7,257.0
,6.714961,80.602821,1297.6,256.9
Labunoruwa Kanda,8.165013,80.639278,417.6,256.9
,6.558052,81.411013,347.6,256.9
,7.573079,80.27734,367.5,256.8
,6.325962,81.293319,256.1,256.1
,6.403008,80.259325,366.7,256.0
,7.780976,80.370393,366.4,255.7
,7.743732,80.749026,485.4,254.7
,6.925123,81.389773,465.3,254.6
,7.386273,81.575443,334.8,254.1
Walasgala Summit,7.144915,81.535093,354.7,254.0
,6.686254,81.274422,404.2,253.5
,7.268535,80.143204,253.2,253.2
,6.829126,80.495022,1973.7,253.0
,7.485009,81.411727,343.1,252.4
,7.024038,80.309718,252.4,252.4
Kalugala,7.152737,81.118463,1472.9,252.2
,7.08849,80.207543,402.5,251.8
,6.213482,80.385029,381.8,251.1
,6.910756,81.10444,1721.6,250.9
,6.92103,81.152228,1311.6,250.9
,7.201962,80.848483,611.6,250.9
,7.31885,80.242849,331.5,250.8
,7.68174,81.370682,250.6,250.6
,6.479405,80.164047,250.3,250.3
,7.408893,81.514884,340.9,250.2
,7.405284,80.407434,670.7,250.0
,6.754024,80.229925,380.4,249.7
,7.323719,80.545534,800.3,249.6
,6.562784,80.680733,549.5,248.8
,6.375366,80.290538,389.3,248.6
,6.244205,80.486945,369.1,248.4
,6.475905,80.186021,247.8,247.8
,7.226757,81.410545,728.2,247.5
,6.698081,80.180602,247.4,247.4
,6.615384,80.979439,438.0,247.3
,7.718322,81.398473,247.0,247.0
,7.777518,81.356401,246.1,246.1
,7.258315,80.504272,785.8,245.1
,6.837634,81.272677,615.8,245.1
,7.020625,80.171784,245.1,245.1
,7.338932,80.961544,525.5,244.8
,7.784822,81.371099,244.8,244.8
,6.548085,80.53506,554.5,243.8
,7.570774,80.416538,373.7,243.0
,7.342053,81.170505,413.5,242.8
,6.678577,80.530384,693.4,242.7
Singappulikanda,6.639478,80.473697,843.0,242.3
,6.739279,81.132276,473.0,242.3
Pallanhela Summit,7.185832,81.561779,323.0,242.3
,7.290377,80.947668,1092.8,242.1
,6.682761,81.471137,362.1,241.4
,7.468558,81.522865,331.5,240.8
,7.11568,80.260468,361.3,240.6
,6.285581,80.304179,400.7,240.0
,7.723322,81.311726,350.2,239.5
,6.548654,80.224998,239.4,239.4
Kikiliyamana,6.984932,80.746629,2240.0,239.3
,6.08002,80.408707,239.2,239.2
,7.056703,81.564818,349.8,239.1
,7.244307,81.467345,349.4,238.7
,7.25056,80.094059,238.4,238.4
,7.247741,80.514874,768.2,237.5
,6.749584,80.147432,237.4,237.4
,7.452859,81.502727,467.3,236.6
,6.894093,80.311746,417.3,236.6
,6.589594,80.20325,236.6,236.6
,7.188262,80.161515,236.6,236.6
,7.091225,80.549454,957.1,236.4
,6.572913,80.340537,517.0,236.3
,7.573624,80.878993,517.0,236.3
,7.013321,81.078716,1256.5,235.8
Ulgala,6.733411,81.318703,376.4,235.7
,7.322395,80.931377,1046.2,235.5
Thotupola Kanda,6.833005,80.819926,2355.1,234.4
,6.770752,81.129042,525.0,234.3
Dothalugala,7.332724,80.849862,1574.5,233.8
,6.784423,81.309261,414.4,233.7
,6.581837,80.076842,233.5,233.5
,7.398362,80.640341,814.1,233.4
,7.732043,80.632622,693.9,233.2
,7.603449,80.619342,653.9,233.2
,6.422724,80.179031,233.1,233.1
,8.429992,81.032048,233.0,233.0
,7.03097,81.352711,513.4,232.7
,6.837912,81.484386,343.4,232.7
,6.266513,80.225301,232.7,232.7
,8.125085,80.533121,372.2,231.5
,7.003857,81.533505,362.2,231.5
,7.40377,80.2509,332.1,231.4
,7.565497,80.797159,742.0,231.3
,6.714616,80.169457,231.3,231.3
,6.947329,81.172068,1341.7,231.0
Namal Oya Kanda,7.318854,81.501422,511.1,230.4
,7.85379,80.509884,421.1,230.4
Hagala,6.722587,80.743389,1410.9,230.2
,7.177329,81.614456,230.2,230.2
,7.687681,81.389454,229.9,229.9
,6.340912,81.263778,229.4,229.4
Mawaralagala,7.39365,81.104513,379.0,228.3
,7.401106,81.465141,578.8,228.1
,8.440026,81.036959,228.0,228.0
,6.090175,80.680007,227.9,227.9
,6.145333,80.317315,227.8,227.8
Danigala,7.677864,81.208879,318.3,227.6
,7.006342,81.302449,548.1,227.4
,6.147818,80.371525,337.8,227.1
,6.959693,80.261455,226.9,226.9
,6.743866,80.1317,226.4,226.4
,6.815845,80.202442,386.6,225.9
,7.761772,81.365627,225.6,225.6
,6.640924,80.835917,755.3,224.6
,7.047567,81.666897,305.1,224.4
,7.218162,80.500765,665.0,224.3
Managala,7.279083,80.347223,404.9,224.2
,7.053784,81.3302,664.8,224.1
,7.164764,81.308876,474.8,224.1
Gommolli Kanda,6.766538,80.809064,2014.6,223.9
,6.812226,81.424097,394.5,223.8
,6.573711,80.086077,223.8,223.8
Buddama Kanda,7.045427,81.491485,364.2,223.5
,7.000509,81.412407,423.9,223.2
,7.235247,80.203014,303.7,223.0
,7.425031,81.208084,653.4,222.7
,7.301696,81.360658,673.2,222.5
,7.469278,81.576952,222.5,222.5
,7.262127,81.025086,332.9,222.2
,6.380201,80.241451,222.0,222.0
,6.058413,80.602771,221.6,221.6
,6.773573,80.914639,1772.2,221.5
,6.968588,81.341503,612.0,221.3
,7.434136,81.316261,331.9,221.2
,6.453062,80.418209,601.8,221.1
,7.222125,80.127513,221.1,221.1
,7.671987,81.105539,321.5,220.8
,6.876295,80.165182,321.5,220.8
,6.86874,80.503414,1551.4,220.7
,7.417949,81.236341,351.1,220.4
,7.090901,80.459561,1210.5,219.8
,6.78258,80.29747,219.8,219.8
,6.870782,80.100044,219.6,219.6
,7.22557,80.78193,830.0,219.3
,7.400087,81.587153,299.8,219.1
,7.341717,81.237893,419.6,218.9
,7.205081,80.161492,218.9,218.9
,6.69596,80.978658,719.2,218.5
,6.80159,80.317807,218.1,218.1
,6.42392,80.282356,217.8,217.8
,6.295007,80.233133,217.3,217.3
,7.462635,81.303521,327.7,217.0
,6.960417,80.184621,216.9,216.9
,6.407502,80.444547,817.3,216.6
,7.007535,80.358066,347.3,216.6
,7.099286,81.713975,216.5,216.5
,6.97286,80.419457,586.6,215.9
,7.266264,80.795243,716.4,215.7
,7.470388,81.562821,215.7,215.7
,7.239569,81.091089,526.1,215.4
,7.164432,80.477166,486.0,215.3
,6.896118,80.465664,1215.9,215.2
,6.904023,81.02218,1405.5,214.8
,6.597943,80.152509,214.8,214.8
,6.989236,80.236987,214.8,214.8
,7.033587,80.367003,765.4,214.7
,6.266484,80.198189,214.4,214.4
,7.527596,80.366012,394.9,214.2
,6.637362,80.581414,804.5,213.8
,7.703234,80.51841,564.3,213.6
,8.082018,80.847815,354.0,213.3
,7.367071,81.362917,573.7,213.0
,7.349237,80.246345,313.5,212.8
,7.424305,81.544803,293.5,212.8
,6.905381,80.212651,363.1,212.4
,6.581954,80.166093,211.9,211.9
,6.436755,80.378895,732.4,211.7
,6.314401,80.380345,372.4,211.7
,7.715767,80.634259,672.2,211.5
,6.454964,80.143193,211.1,211.1
,6.347863,80.19132,211.0,211.0
,6.298169,80.445973,511.5,210.8
,6.314265,80.229589,210.8,210.8
,7.960484,80.843439,381.4,210.7
,7.120927,81.742805,210.6,210.6
,7.913533,80.633648,370.9,210.2
,7.416804,81.48745,470.6,209.9
,6.951165,80.162642,209.6,209.6
,7.432253,80.586245,840.0,209.3
Kuda Seethala Wanniya,7.466788,81.442685,450.0,209.3
,6.42837,80.136446,209.3,209.3
,7.275934,81.072368,359.8,209.1
,7.030931,80.169598,209.1,209.1
,6.935031,80.284829,339.5,208.8
,7.07446,81.646855,309.4,208.7
,6.602125,80.25044,369.1,208.4
,7.606726,80.697647,1059.0,208.3
,8.598527,80.868079,207.8,207.8
,6.455342,80.649562,1108.3,207.6
,6.782043,81.475077,338.3,207.6
,6.794452,80.236393,358.1,207.4
,6.689463,80.61287,1108.0,207.3
,7.440432,80.809383,1557.8,207.1
,6.616967,81.070329,397.8,207.1
,7.41651,81.502124,287.7,207.0
,6.834904,80.741753,1867.6,206.9
,7.713348,80.750932,457.1,206.4
,7.119953,80.497836,946.8,206.1
,6.774066,80.51758,1846.7,206.0
,7.119596,81.588552,306.4,205.7
,6.969525,80.325791,375.8,205.1
,6.561707,80.752081,565.0,204.3
,7.375543,81.313744,304.8,204.1
,7.080749,81.231111,814.6,203.9
,6.609852,80.393408,334.6,203.9
Benachie,6.933318,80.521024,1284.1,203.4
,7.884641,80.409743,343.4,202.7
,6.858391,81.112005,1543.2,202.5
,6.90944,80.513707,1282.7,202.0
,6.733588,80.155322,202.0,202.0
,6.314756,80.182681,201.8,201.8
,7.006699,81.447984,532.3,201.6
,7.999398,80.416717,342.3,201.6
,6.15734,80.407569,282.3,201.6
,6.749592,81.584119,201.6,201.6
,7.63792,80.874658,471.9,201.2
,7.004263,80.339605,301.7,201.0
,6.177653,80.361472,281.2,200.5
,6.649363,81.492524,281.2,200.5
,7.42234,80.368284,381.1,200.4
Gatalagama Kanda,8.269937,80.516965,321.0,200.3
,7.365619,80.120785,200.3,200.3
Pettigala,7.286068,80.759923,670.7,200.0
,7.022614,80.613299,1520.6,199.9
,7.788491,80.721278,740.6,199.9
,6.569976,80.399679,660.5,199.8
,6.384457,80.469782,780.4,199.7
,7.004402,81.020875,1170.3,199.6
,7.292556,80.922129,1060.2,199.5
Ambalammana Peak,7.223115,80.664029,1190.0,199.3
,7.356489,80.4553,449.8,199.1
Endagala Summit,7.172497,81.414272,379.5,198.8
,7.049865,81.424421,529.4,198.7
,7.063929,80.321898,389.4,198.7
,7.408287,81.552384,279.0,198.3
,6.289589,80.713321,398.9,198.2
,7.412963,80.527279,738.7,198.0
,7.952876,80.657309,388.2,197.5
,7.308586,81.475594,337.6,196.9
,6.567742,80.322365,547.5,196.8
,6.653605,81.047287,427.5,196.8
,7.077771,81.449715,396.9,196.2
,6.313398,80.508599,606.8,196.1
,6.388889,80.768632,496.6,195.9
,6.838124,80.587848,1576.3,195.6
,7.083815,80.415028,1036.3,195.6
,7.105334,80.998386,516.3,195.6
,6.584034,80.338899,516.0,195.3
,7.516411,81.248676,295.8,195.1
,6.240992,80.579938,395.5,194.8
,7.417569,80.516677,734.2,193.5
,6.694629,81.308349,354.2,193.5
,7.063721,81.409777,353.7,193.0
,6.218654,80.408882,363.6,192.9
,6.541571,81.023355,343.6,192.9
,7.079461,80.398737,953.5,192.8
,6.456796,80.337111,473.3,192.6
,7.170184,80.97397,713.2,192.5
,6.855135,80.165209,283.1,192.4
,6.997729,81.237546,712.6,191.9
,7.339508,80.711553,922.3,191.6
,6.205161,80.532781,312.3,191.6
,7.286847,80.596904,762.1,191.4
,6.991856,81.126218,1331.8,191.1
,7.252154,80.723247,741.5,190.8
,7.2315,80.96476,451.4,190.7
,7.483654,80.372033,331.1,190.4
,7.092199,81.58796,321.0,190.3
,7.373875,81.529499,290.9,190.2
,6.469599,80.402195,570.7,190.0
,7.050686,80.377036,1060.3,189.6
,7.030081,81.410546,510.1,189.4
,7.145895,80.361472,439.8,189.1
,7.942581,80.829831,359.6,188.9
,7.367453,80.281106,379.5,188.8
,7.700296,81.285318,278.9,188.2
Eladaluwa,6.973728,81.05344,998.7,188.0
,7.173353,80.170226,268.7,188.0
,6.450186,80.234597,398.2,187.5
,6.584173,80.545895,417.9,187.2
,6.588802,80.586859,347.9,187.2
,6.603394,80.470735,267.8,187.1
,7.374708,81.518088,387.6,186.9
,6.10969,80.601942,277.6,186.9
,7.639871,81.221892,277.6,186.9
,7.12296,80.221623,337.5,186.8
,7.416815,81.281453,297.5,186.8
,6.972276,81.427572,357.3,186.6
,6.954147,81.392254,406.7,186.0
,7.852515,80.723174,596.3,185.6
,7.178595,80.240841,336.2,185.5
,6.498286,80.316732,386.1,185.4
,6.540003,80.800368,356.1,185.4
,6.84274,80.955375,1426.0,185.3
,7.500963,81.44627,335.8,185.1
,6.476883,80.34957,615.7,185.0
,6.529678,80.647645,505.5,184.8
Eth Vehara,8.347519,80.512556,295.5,184.8
,7.585976,81.123689,325.3,184.6
,7.194217,81.15272,485.2,184.5
,7.450707,80.601186,674.9,184.2
,7.297059,80.430074,344.9,184.2
,6.318913,80.265104,304.9,184.2
,7.225725,80.181566,284.9,184.2
,7.000005,80.440887,604.7,184.0
,7.196738,80.513273,714.6,183.9
,6.236826,80.40155,384.6,183.9
,7.052753,80.269771,274.6,183.9
,6.937449,80.854958,1404.5,183.8
,7.566705,81.135635,324.3,183.6
,7.308254,80.542825,783.8,183.1
,6.782748,81.350782,643.8,183.1
,6.885816,81.075377,1213.4,182.7
,6.948952,80.375765,593.4,182.7
,7.023355,81.367635,423.2,182.5
,6.855077,80.365529,593.1,182.4
,6.602862,81.065708,332.7,182.0
,6.319697,80.675355,572.6,181.9
,7.431747,80.71317,1452.4,181.7
,6.75554,81.154541,402.2,181.5
,6.781861,81.147777,471.8,181.1
,7.680667,81.107177,301.6,180.9
,7.358994,80.238453,271.6,180.9
,6.653321,81.06818,491.4,180.7
,6.83802,81.406761,351.4,180.7
,7.210041,80.221518,331.1,180.4
,7.42385,80.950709,321.0,180.3
,8.125411,80.656714,740.8,180.1
,7.890768,80.742215,430.5,179.8
,6.836082,81.19369,629.9,179.2
,6.892406,80.253927,289.8,179.1
,7.667121,80.469212,329.6,178.9
,6.536905,81.399865,259.6,178.9
,7.17261,80.545339,909.3,178.6
,7.67962,80.498845,349.3,178.6
,7.543121,81.113596,329.3,178.6
,6.581157,80.485127,319.3,178.6
,6.985743,80.830258,2099.2,178.5
,6.899084,80.440145,579.0,178.3
,6.783891,80.879902,1978.9,178.2
,7.448843,80.76046,1868.7,178.0
,6.824182,81.148623,708.7,178.0
,6.631236,80.33533,838.6,177.9
,7.081834,81.619985,298.5,177.8
,6.389765,81.241587,258.5,177.8
,7.513106,80.606598,788.3,177.6
,7.606213,80.311832,348.3,177.6
,8.085042,80.131379,258.3,177.6
,6.230894,80.456317,308.2,177.5
,6.369485,80.393861,268.1,177.4
,7.737369,81.35689,268.1,177.4
,6.697082,80.709471,777.7,177.0
,7.240618,81.39182,707.5,176.8
,7.258756,81.184016,397.4,176.7
,6.311658,80.342115,347.3,176.6
Aliyawetunaela,7.371251,80.822966,1687.1,176.4
,6.843523,80.528129,1797.0,176.3
,6.679564,80.380873,256.8,176.1
,6.776249,80.541734,1966.6,175.9
,7.053478,80.482669,1236.6,175.9
,8.150373,80.671136,356.6,175.9
,7.297564,81.407384,446.2,175.5
,7.965914,80.800988,366.2,175.5
,6.363134,81.288204,276.0,175.3
,7.353831,81.511804,515.6,174.9
,7.857924,80.647542,345.5,174.8
,6.61975,80.242554,275.4,174.7
,6.557911,81.513822,265.3,174.6
,7.39132,80.866721,1565.2,174.5
,6.987895,80.920675,1674.9,174.2
,7.309738,80.347737,364.6,173.9
,7.228888,81.213328,484.5,173.8
,7.396954,81.029509,284.5,173.8
,8.073001,80.246805,274.5,173.8
Uthuwankanda,7.261783,80.418962,394.4,173.7
,7.42913,80.376431,364.2,173.5
,6.749105,80.198993,304.2,173.5
,7.214494,81.229342,434.1,173.4
,7.227594,81.142424,584.0,173.3
,7.397795,80.575933,773.8,173.1
,6.623032,81.286296,313.7,173.0
,7.046197,80.229589,263.6,172.9
,7.973234,80.847251,312.9,172.2
,7.256124,80.471129,402.8,172.1
,8.067715,80.153181,262.6,171.9
,6.689105,80.442461,472.5,171.8
,8.007145,80.839092,312.5,171.8
,6.374781,81.306113,282.5,171.8
,7.135154,80.511407,882.4,171.7
,8.096943,80.812429,322.2,171.5
,6.467527,80.576326,1162.0,171.3
,7.302685,81.204433,362.0,171.3
,7.608366,81.256389,282.0,171.3
,7.014951,81.550357,391.9,171.2
Green Mount,6.820791,80.692354,1941.8,171.1
,7.129884,81.196395,501.7,171.0
,7.217079,81.047881,301.7,171.0
,7.742636,80.873866,351.3,170.6
,6.486799,80.224251,341.0,170.3
,6.887933,80.401334,520.9,170.2
,6.894487,81.375346,1020.8,170.1
,6.35638,80.294895,480.8,170.1
,6.83369,81.131531,1040.7,170.0
,7.421979,80.279415,270.7,170.0
,8.298767,80.687166,300.4,169.7
,7.812628,80.678023,560.3,169.6
,6.993113,81.463168,530.0,169.3
,7.512583,80.882785,530.0,169.3
,6.844396,80.705379,1809.8,169.1
,7.308002,81.307413,299.8,169.1
Preston Hill,6.867445,80.652985,1739.7,169.0
,6.469279,80.340897,419.7,169.0
,7.287119,81.302227,319.7,169.0
,6.564797,80.114301,279.7,169.0
,6.348471,80.252601,279.6,168.9
,6.716729,81.607943,249.2,168.5
,7.248886,81.286969,449.1,168.4
,6.602992,80.303614,478.6,167.9
,6.212812,80.814993,268.6,167.9
,6.428216,80.238417,348.4,167.7
,6.934179,80.9174,1268.1,167.4
,7.72353,81.360406,248.1,167.4
,6.972897,80.471859,758.0,167.3
,7.345342,81.38354,428.0,167.3
,6.86053,80.399183,637.7,167.0
,7.038363,81.293524,457.5,166.8
,7.037779,81.524871,317.5,166.8
,7.156094,80.927789,1147.4,166.7
,6.280089,80.683497,337.4,166.7
,7.378682,80.389249,337.4,166.7
,7.338385,80.245271,317.3,166.6
,6.439331,80.231083,387.1,166.4
,6.424693,80.684827,706.9,166.2
,6.834587,81.330487,356.9,166.2
,7.061871,81.095313,1156.8,166.1
,6.637034,81.084449,336.8,166.1
Koboneelagala,7.353616,80.835735,1546.7,166.0
,7.295562,80.279555,296.2,165.5
,6.325397,80.689183,586.0,165.3
,6.894315,80.840563,1785.9,165.2
,7.100466,80.963349,635.7,165.0
,7.569587,81.243569,275.7,165.0
,6.937752,80.293243,305.6,164.9
,6.495659,80.424417,765.4,164.7
,7.18549,80.348398,375.2,164.5
,6.818983,80.351446,395.1,164.4
,7.095255,81.073337,1054.9,164.2
,7.303633,81.330774,364.8,164.1
,6.162516,80.439552,254.8,164.1
,7.326661,81.355528,524.7,164.0
,6.458061,80.241098,424.4,163.7
,6.637649,80.236294,274.4,163.7
,7.271131,80.8993,984.2,163.5
,7.686465,80.625294,564.0,163.3
,7.248591,80.245377,293.7,163.0
Udaweriya,6.794745,80.865791,2083.6,162.9
,7.783,80.533594,363.5,162.8
,6.790912,80.570225,1993.2,162.5
,7.797544,80.391594,293.2,162.5
,7.087319,81.165668,1413.0,162.3
,6.849204,81.358461,373.0,162.3
,7.405818,81.567598,252.9,162.2
,7.305959,80.36839,292.5,161.8
,6.225939,80.354386,292.5,161.8
,6.539855,80.390207,482.2,161.5
,7.243243,80.316287,372.2,161.5
,6.935611,81.457655,302.2,161.5
,7.283631,81.474197,342.1,161.4
,8.008753,80.917746,252.1,161.4
,6.340589,80.684842,612.0,161.3
,6.568489,80.734175,541.8,161.1
,7.375018,81.494176,651.7,161.0
,6.348132,80.523766,621.7,161.0
,7.212276,80.810181,691.6,160.9
Kinihiri Kanda,8.057311,80.630332,311.5,160.8
,7.117237,80.200446,311.4,160.7
,6.473859,80.30482,311.4,160.7
,7.055958,80.999991,1241.2,160.5
,7.154491,80.769163,1141.2,160.5
,7.038878,80.975815,981.1,160.4
,6.750386,81.414788,281.1,160.4
,6.620517,81.027735,330.9,160.2
,7.37405,81.417002,260.6,159.9
,7.085452,80.165182,270.5,159.8
,6.724055,81.174598,330.4,159.7
,7.668312,80.720206,390.3,159.6
,6.68406,80.836194,659.9,159.2
,6.943207,80.322286,329.8,159.1
,6.160441,80.667796,249.5,158.8
,6.86472,80.240928,279.3,158.6
Knuckles-Kirigalpotta,7.476512,80.730016,1629.2,158.5
,7.653383,80.875205,469.1,158.4
,7.26326,80.642827,998.7,158.0
,6.290165,80.274621,248.7,158.0
,6.622323,81.170717,298.6,157.9
,6.57526,81.31012,288.5,157.8
,6.470664,80.375885,638.4,157.7
,7.013876,81.05998,888.3,157.6
,6.671416,81.184323,328.3,157.6
,7.888663,80.358862,278.2,157.5
,6.359583,81.312334,258.2,157.5
Agrabopath,6.812931,80.783282,2307.9,157.2
,6.653948,80.820453,657.8,157.1
,6.899723,80.630173,1677.7,157.0
,6.727418,81.006893,767.7,157.0
,6.959879,80.478383,837.6,156.9
,6.895527,81.58925,237.2,156.5
,6.607009,80.856533,587.1,156.4
,7.906188,80.582226,327.1,156.4
,6.641141,81.016621,536.9,156.2
,7.130531,80.493212,906.6,155.9
,8.294959,80.902323,296.0,155.3
,6.644957,80.975652,605.9,155.2
,6.309669,80.782462,295.8,155.1
,7.534701,81.127454,315.7,155.0
,6.297187,80.727148,455.6,154.9
,7.50859,81.425352,255.3,154.6
,6.991145,80.616568,1535.1,154.4
,7.417333,80.249797,265.0,154.3
,7.190533,80.583088,704.7,154.0
,7.834865,80.904356,314.7,154.0
,7.034808,80.233947,254.7,154.0
,6.920347,81.506497,244.7,154.0
,6.691904,80.234064,384.6,153.9
,6.873363,80.207531,354.6,153.9
,6.960457,80.540557,1304.3,153.6
,7.235551,80.549111,714.3,153.6
,7.713321,80.622293,574.3,153.6
,8.185642,80.873427,284.3,153.6
,7.706768,80.532278,544.2,153.5
,6.389973,80.733377,464.1,153.4
,6.848433,80.231446,313.9,153.2
,6.587782,80.284638,353.7,153.0
,7.961842,80.83201,343.7,153.0
,7.449568,81.523648,323.7,153.0
Degalwalagoda,7.336583,81.438414,283.7,153.0
,7.497112,80.909692,413.4,152.7
,7.424888,80.50716,653.3,152.6
,7.78976,80.498229,383.0,152.3
,7.520113,80.512539,322.9,152.2
Elbedda,6.847372,80.665205,2012.5,151.8
,7.318001,80.214049,232.5,151.8
,6.717445,80.272298,312.2,151.5
,6.340908,80.286503,342.1,151.4
,7.342032,80.359119,302.1,151.4
,7.765276,81.381679,272.1,151.4
,7.088719,80.443268,1192.0,151.3
,6.606666,81.055672,421.9,151.2
Dambagasthalawa,6.911951,80.721929,1561.7,151.0
,6.835965,80.934743,1411.6,150.9
,7.308415,81.168302,341.6,150.9
,7.194067,80.950348,321.5,150.8
,7.33483,80.524877,671.2,150.5
,7.576869,80.635936,511.2,150.5
Thimmagama Kanda,7.579022,80.256399,251.1,150.4
,6.551669,80.74747,531.0,150.3
,7.985025,80.422172,291.0,150.3
,7.081509,80.838959,1690.7,150.0
,8.126784,80.81461,270.5,149.8
,8.042412,80.838281,300.2,149.5
,6.737209,81.524672,260.1,149.4
,7.972132,80.913107,260.0,149.3
,7.67998,80.805322,329.9,149.2
,6.711116,80.191169,259.9,149.2
,7.242117,80.823496,979.7,149.0
,6.58834,80.301186,399.7,149.0
,7.14748,80.317198,389.7,149.0
,7.269002,81.249228,599.5,148.8
,6.948242,80.52726,1239.4,148.7
,6.879591,81.050671,1159.4,148.7
,7.120653,81.204262,489.3,148.6
,7.550809,81.296831,229.3,148.6
,7.117662,80.340857,409.1,148.4
,7.153843,80.18682,299.1,148.4
,6.827557,80.927683,1409.0,148.3
,7.061242,80.349056,279.0,148.3
,7.494365,80.994772,239.0,148.3
,6.041067,80.666465,229.0,148.3
,7.310068,81.138416,338.7,148.0
,7.753354,80.424273,278.6,147.9
,6.734551,81.266873,498.5,147.8
,6.888051,80.943176,1318.4,147.7
,6.927671,80.25226,288.4,147.7
,6.929583,80.707267,1548.2,147.5
,6.251286,80.542249,458.0,147.3
,6.111462,80.368571,248.0,147.3
,7.377165,81.00178,307.9,147.2
,6.910993,81.150591,1297.8,147.1
,7.475474,81.438893,427.8,147.1
,7.119982,81.001652,447.7,147.0
,8.092599,80.837745,307.7,147.0
,7.470367,80.378296,277.6,146.9
,7.265988,80.841973,1217.5,146.8
,7.554327,80.572599,647.5,146.8
,7.087704,80.563034,767.4,146.7
,7.177268,80.669744,1157.3,146.6
,7.240757,80.846587,1077.3,146.6
,6.318658,80.282457,337.2,146.5
,6.60095,81.087411,307.2,146.5
,7.053226,81.03665,1227.0,146.3
,7.924317,80.500316,347.0,146.3
,7.448322,81.455702,326.9,146.2
,7.036392,80.491912,986.7,146.0
,6.865644,80.350048,386.6,145.9
,7.011101,80.404494,346.6,145.9
,7.242835,80.196485,276.3,145.6
,7.344308,81.528906,456.0,145.3
,7.384735,81.524083,275.9,145.2
,6.53452,80.2006,235.9,145.2
,7.245984,81.207368,465.8,145.1
,7.371372,81.392542,305.7,145.0
,8.657672,80.725521,235.4,144.7
,6.862705,81.148925,945.3,144.6
,7.656274,80.476562,305.2,144.5
,7.462992,81.226331,265.2,144.5
,7.340464,81.123767,295.1,144.4
,6.800175,80.711356,1914.9,144.2
,7.52964,80.572339,734.9,144.2
,6.311196,80.452743,534.9,144.2
,7.33384,81.247123,374.8,144.1
,7.47588,80.49218,804.7,144.0
,7.134022,80.173266,264.7,144.0
,6.758022,80.455169,444.5,143.8
,6.363384,80.244722,234.5,143.8
,7.82887,80.577093,344.3,143.6
,6.416128,80.368876,564.1,143.4
,7.160991,80.266665,274.1,143.4
,6.686282,80.307876,494.0,143.3
,6.326303,80.336138,324.0,143.3
,7.425163,81.518716,223.7,143.0
Wawinnegoda,7.354705,81.473764,543.5,142.8
Buwalpola Kanda,6.975425,80.882659,1673.3,142.6
Moragala Kanda,7.298183,81.534262,403.2,142.5
,7.155794,80.22946,353.2,142.5
,7.279957,80.416231,353.1,142.4
,6.241841,80.827466,243.1,142.4
,6.399141,80.532419,1172.9,142.2
,6.877107,80.435545,712.9,142.2
,6.448143,80.370749,692.9,142.2
,6.365286,80.768361,452.9,142.2
,6.81365,80.181818,372.8,142.1
,6.910756,80.171925,252.8,142.1
,6.915814,80.330457,382.6,141.9
,7.311983,81.117496,322.6,141.9
,6.610489,81.00711,302.6,141.9
,7.579033,80.618807,562.5,141.8
,7.638201,80.804776,402.5,141.8
,6.410759,80.154909,242.5,141.8
,7.102834,80.454393,1252.4,141.7
,7.076427,80.341982,452.4,141.7
,7.040212,81.021979,1502.3,141.6
,7.160943,81.010364,382.2,141.5
Kadirampila,7.100638,81.392447,312.2,141.5
,7.177645,81.418625,352.1,141.4
,7.022616,80.24781,302.0,141.3
,7.554914,80.821898,411.9,141.2
,8.567304,80.60725,261.8,141.1
,6.57003,80.478622,231.7,141.0
,7.55192,80.880076,491.4,140.7
,7.415896,81.544517,221.4,140.7
,7.095887,80.845479,1531.3,140.6
,6.628619,81.091227,291.1,140.4
,6.659581,81.354165,291.1,140.4
,7.33198,80.344455,281.1,140.4
,7.678504,80.454791,261.1,140.4
,7.88697,80.812139,540.9,140.2
,7.62571,80.670452,480.7,140.0
,6.983942,81.426774,330.7,140.0
,7.205876,81.160607,450.5,139.8
,7.253951,81.360868,400.5,139.8
,7.468333,81.495414,220.5,139.8
,7.042063,81.101002,1130.4,139.7
,6.28889,80.368434,420.3,139.6
Ambaththehela,7.282607,81.433444,500.2,139.5
,6.994938,80.950273,1370.0,139.3
,7.440954,80.637882,510.0,139.3
,7.56198,81.254163,240.0,139.3
,7.068182,80.96415,659.8,139.1
,7.70873,80.696812,599.8,139.1
,7.157757,80.285953,249.5,138.8
,7.956529,80.408863,269.4,138.7
,7.278537,81.208757,329.3,138.6
,6.392457,80.28998,319.3,138.6
,6.400087,80.326583,289.3,138.6
,7.181541,81.532166,239.3,138.6
,7.361757,80.808019,1639.2,138.5
,7.030484,80.93345,1149.2,138.5
,6.303677,80.6214,479.2,138.5
,6.807674,80.176126,349.2,138.5
,7.231215,80.233444,269.2,138.5
,8.514333,81.068074,219.2,138.5
,6.852539,80.802012,2209.0,138.3
,6.39913,80.510181,1079.0,138.3
,7.147699,80.874006,749.0,138.3
,6.51932,80.520155,579.0,138.3
,7.00809,80.372728,329.0,138.3
,7.184156,80.372574,318.9,138.2
,7.010977,80.271717,248.9,138.2
,7.577404,81.287891,228.9,138.2
,7.186208,80.927799,838.7,138.0
,6.723275,81.130093,328.6,137.9
,7.829978,80.635309,318.6,137.9
,6.903024,81.480682,268.5,137.8
,7.742575,80.526545,588.3,137.6
,7.063058,80.858781,1728.2,137.5
,6.805254,81.055242,1578.1,137.4
,7.099868,81.357956,428.1,137.4
,6.416019,80.746121,528.0,137.3
,7.147231,81.607883,238.0,137.3
,6.573869,80.994614,297.8,137.1
,8.207356,80.786572,287.8,137.1
,6.796648,81.504952,237.8,137.1
,6.798737,80.488255,1967.5,136.8
,7.210106,80.772421,757.5,136.8
,7.219703,80.141914,217.5,136.8
,6.650889,81.363651,277.3,136.6
,6.854197,80.294142,377.1,136.4
,6.484979,80.302368,307.1,136.4
,7.498849,81.408213,217.1,136.4
,6.679013,81.183244,307.0,136.3
,6.68071,81.088004,336.9,136.2
,7.180984,80.19765,296.7,136.0
,7.134678,80.866942,766.6,135.9
,7.369604,80.916447,706.6,135.9
,7.832983,80.728345,376.6,135.9
,7.411187,80.335954,266.6,135.9
,7.340533,81.018065,246.6,135.9
,7.19619,80.208768,236.6,135.9
,7.660966,80.630198,546.5,135.8
,6.804327,80.344131,306.5,135.8
,6.217516,80.339211,216.5,135.8
,7.436278,80.500902,636.4,135.7
,6.231198,80.515418,366.4,135.7
,7.373967,80.771061,1136.3,135.6
,7.362823,80.264807,366.3,135.6
,6.99985,80.267385,226.3,135.6
,7.473252,80.853419,896.2,135.5
,8.241216,80.576075,256.1,135.4
,6.219046,80.686219,255.9,135.2
,6.542246,80.328356,465.8,135.1
,7.157411,80.220223,345.8,135.1
,6.277351,80.591855,375.6,134.9
,7.361304,81.181392,305.6,134.9
,7.837649,80.345311,255.6,134.9
Pidurangala,7.965915,80.762074,335.5,134.8
,7.359321,81.265899,295.4,134.7
,6.401419,80.299734,215.4,134.7
,7.560862,80.635397,505.3,134.6
,7.369658,81.452049,375.3,134.6
,6.492066,80.33925,565.2,134.5
,7.213209,80.402158,445.1,134.4
,7.204138,80.764544,795.0,134.3
,6.390207,80.576628,1184.8,134.1
,6.395227,80.35452,344.8,134.1
,6.583199,80.315298,444.6,133.9
,7.013981,81.262815,434.5,133.8
,7.027198,80.222552,244.5,133.8
,7.481764,81.404655,334.4,133.7
,7.394553,80.607187,724.3,133.6
,6.586047,81.056746,264.3,133.6
,7.298642,81.176173,324.2,133.5
,7.074699,81.508095,274.2,133.5
,7.454885,80.358741,274.2,133.5
,6.457109,80.387829,684.1,133.4
,7.328626,81.49709,364.0,133.3
,7.814425,80.466113,304.0,133.3
,7.32674,80.262674,213.8,133.1
,7.451289,80.290253,243.7,133.0
Highforest,7.056008,80.83624,1863.6,132.9
,6.721869,81.439173,303.6,132.9
,7.027524,80.73848,2163.5,132.8
,7.187305,80.884337,353.4,132.7
,6.874422,80.478437,1393.3,132.6
,6.305599,80.75616,383.2,132.5
,6.958986,81.182123,1293.1,132.4
,7.716528,80.520306,493.1,132.4
,7.107159,80.432391,1123.0,132.3
,7.137889,80.553505,913.0,132.3
,7.29582,80.892786,873.0,132.3
,7.48241,80.225257,213.0,132.3
,6.727451,80.917883,662.9,132.2
,7.442724,80.411479,552.8,132.1
,7.647916,80.56331,542.7,132.0
,6.262587,80.384451,352.7,132.0
,7.30416,80.49881,712.6,131.9
,7.009578,80.57719,1242.5,131.8
,6.509166,80.349543,472.5,131.8
,7.438531,80.825962,1102.4,131.7
,6.516123,80.692948,392.4,131.7
,8.382562,80.953291,252.4,131.7
,8.044982,80.189142,212.4,131.7
,7.403535,80.822425,1792.3,131.6
,7.227966,80.571391,662.3,131.6
,7.698641,81.308159,222.3,131.6
,6.333765,80.548449,682.2,131.5
,6.146485,80.403782,242.2,131.5
,7.047074,80.286885,262.0,131.3
,6.886722,80.813958,1991.9,131.2
,7.096791,81.598831,261.9,131.2
,6.868004,80.772153,1991.8,131.1
,6.921677,80.980652,1331.8,131.1
,6.704655,80.940399,611.8,131.1
,7.274907,81.501894,291.7,131.0
,6.301012,80.269459,241.7,131.0
,7.397722,81.543942,221.7,131.0
,7.761825,81.325917,271.6,130.9
,6.407533,80.179862,211.6,130.9
,7.152305,81.290935,361.5,130.8
,6.357147,80.796292,291.5,130.8
,7.939035,80.915273,251.5,130.8
,7.315547,81.348721,461.4,130.7
,6.540235,80.575484,431.4,130.7
,6.275614,80.391219,291.3,130.6
,6.313739,80.774056,271.2,130.5
,7.584749,80.687319,931.1,130.4
,7.0543,80.200253,310.7,130.0
,6.56005,80.952288,270.7,130.0
,6.944852,81.211975,820.6,129.9
,7.70789,80.606794,510.5,129.8
,7.811823,80.732428,410.5,129.8
,6.777821,81.106521,420.4,129.7
,7.471858,80.578346,900.3,129.6
,7.690012,80.706606,360.3,129.6
,7.125773,80.313146,340.3,129.6
,6.78113,81.016146,1930.2,129.5
,6.803308,80.425284,750.2,129.5
,7.413495,81.52087,280.2,129.5
,6.564168,81.501895,240.2,129.5
,6.575544,80.765102,360.1,129.4
,6.983071,80.307315,340.0,129.3
,6.699468,81.019363,689.9,129.2
,7.116905,81.146138,1389.8,129.1
,7.437512,81.205378,459.8,129.1
,6.788037,81.22296,339.8,129.1
,6.514734,80.578206,459.6,128.9
,6.474421,80.32706,369.5,128.8
,7.792726,80.471298,299.5,128.8
,6.402441,80.657982,979.3,128.6
,7.683778,80.766978,359.3,128.6
,6.850631,80.876116,1459.2,128.5
,6.809502,81.185524,609.2,128.5
,7.521403,81.13288,269.1,128.4
,6.382816,80.154401,259.1,128.4
,7.456498,80.343247,259.0,128.3
,7.206301,80.692013,1308.9,128.2
,7.811807,80.899725,288.9,128.2
,7.030238,81.650302,208.9,128.2
,6.658792,80.575978,968.8,128.1
,7.088536,81.506487,628.8,128.1
Ella Rock,6.854903,81.052014,1368.7,128.0
,7.218216,80.252475,278.7,128.0
,8.280058,80.805637,278.7,128.0
Primrose Hill,7.277356,80.609949,638.5,127.8
,7.121584,81.347663,378.5,127.8
,6.646253,81.092323,308.5,127.8
,7.185672,80.904981,398.4,127.7
,6.337612,80.804969,278.4,127.7
,6.981411,80.276093,238.3,127.6
,6.587488,80.262392,328.2,127.5
,7.136776,80.206125,288.2,127.5
,7.209011,80.871846,658.0,127.3
,6.127228,80.410572,288.0,127.3
,7.270492,80.456176,337.7,127.0
,6.319763,80.303877,337.7,127.0
,7.087965,80.221936,317.5,126.8
,6.581956,81.09174,277.5,126.8
,7.819787,80.388854,267.5,126.8
,6.986729,80.182688,217.5,126.8
,6.657427,80.5559,827.4,126.7
,6.251278,80.523,367.4,126.7
,7.388489,81.373,367.3,126.6
,7.740178,80.622012,497.2,126.5
,7.27775,81.179958,377.1,126.4
,6.651402,81.100738,297.0,126.3
,6.747492,80.212021,257.0,126.3
,7.622182,80.278643,217.0,126.3
,7.322276,80.414024,306.9,126.2
,6.240035,80.34109,246.9,126.2
,7.152709,80.39922,436.8,126.1
,6.757764,80.180801,206.8,126.1
,6.793937,80.725199,1956.5,125.8
,6.820047,81.457219,236.4,125.7
,7.219871,80.815615,706.2,125.5
,7.032929,80.251871,206.2,125.5
,7.450861,80.409298,436.1,125.4
,6.754665,81.460113,266.0,125.3
,6.626943,80.392853,246.0,125.3
,7.705584,80.396301,236.0,125.3
,7.351837,80.40313,255.9,125.2
Agra Kanda,6.889971,80.687727,1515.6,124.9
,7.12671,80.457907,975.6,124.9
,6.976599,81.205488,965.6,124.9
,6.480696,80.368282,575.5,124.8
,7.089848,81.344093,445.5,124.8
,6.864633,80.443426,695.4,124.7
,7.447672,80.500623,635.4,124.7
,7.782798,80.780033,385.3,124.6
,7.271862,80.476824,585.2,124.5
,6.594808,80.257773,335.1,124.4
,6.323905,80.391726,305.1,124.4
,7.360426,81.247423,305.1,124.4
,7.23854,80.558617,664.9,124.2
,6.527253,80.789246,274.9,124.2
,6.569112,80.095306,214.9,124.2
,7.967809,80.837181,284.8,124.1
,6.774949,80.781924,2204.5,123.8
,6.920843,80.212089,314.5,123.8
,7.096576,81.386738,304.5,123.8
,7.496677,80.374195,274.4,123.7
,6.625463,80.765644,694.3,123.6
,7.355405,81.363989,584.3,123.6
,6.506358,80.708954,324.2,123.5
,6.653613,81.031279,464.1,123.4
,7.089901,81.299284,404.1,123.4
,7.337233,81.541936,514.0,123.3
,7.062751,80.576624,973.9,123.2
,7.230016,80.387203,403.9,123.2
,7.234688,81.362473,373.9,123.2
,6.511446,80.188692,213.9,123.2
,6.67157,80.89426,443.8,123.1
,6.418541,80.333618,263.8,123.1
,7.48567,81.51012,203.8,123.1
,7.242925,80.693364,723.7,123.0
,7.199418,80.187305,283.7,123.0
,7.635469,80.642171,463.6,122.9
,6.651012,80.304924,373.6,122.9
,6.671566,80.643266,1043.4,122.7
,7.530137,80.491329,323.4,122.7
,7.416432,80.440309,303.4,122.7
,6.879901,80.581588,1393.2,122.5
,7.758906,80.901613,323.2,122.5
,6.919554,81.281178,383.1,122.4
,7.267987,80.377118,273.0,122.3
,6.350524,80.437262,612.9,122.2
,6.207217,80.35169,242.8,122.1
,7.557313,81.302276,222.8,122.1
,7.035632,80.950017,1042.7,122.0
,8.526059,80.970252,222.7,122.0
,6.884128,81.414422,262.5,121.8
,6.225262,80.592957,402.4,121.7
,7.350905,80.281668,302.4,121.7
,7.493604,80.737625,1462.3,121.6
,7.266885,81.194347,312.3,121.6
,7.417406,81.449676,302.3,121.6
,7.52239,81.448478,222.3,121.6
,7.250198,80.542583,672.1,121.4
,7.098037,81.301466,402.1,121.4
,6.201844,80.423262,352.1,121.4
,6.972226,81.239422,531.9,121.2
,7.004237,81.46237,351.9,121.2
,6.981803,81.403422,301.9,121.2
,6.516352,80.208487,261.9,121.2
,6.333856,80.288137,341.8,121.1
,7.332653,80.215933,201.8,121.1
,7.007789,81.213934,991.7,121.0
,6.696265,81.30021,321.7,121.0
,8.087721,80.77813,271.6,120.9
,6.849526,80.944791,1321.5,120.8
,7.144667,81.007096,381.5,120.8
,7.428119,81.535026,221.5,120.8
,7.073817,81.698989,201.5,120.8
,7.480462,80.18775,201.5,120.8
,6.938902,80.361656,421.4,120.7
,6.442805,80.183618,221.4,120.7
,7.181311,80.96311,541.3,120.6
,7.36947,80.403116,541.3,120.6
,6.503622,80.609405,481.3,120.6
,7.273771,80.491765,681.2,120.5
,7.810469,80.790914,321.2,120.5
,6.999597,80.285305,291.2,120.5
,6.917367,80.256615,251.1,120.4
,6.685118,80.951247,470.9,120.2
,6.557367,80.800369,290.9,120.2
,7.386446,80.794976,1580.7,120.0
,6.627051,80.97673,360.7,120.0
,7.767536,80.533059,360.4,119.7
,7.389555,81.560504,210.4,119.7
,6.397238,80.192078,210.4,119.7
,7.139153,80.409281,720.3,119.6
,7.440263,80.387836,300.3,119.6
,7.039857,81.149607,1410.2,119.5
,7.20468,80.753406,790.2,119.5
,6.875565,80.960273,1310.1,119.4
,8.049989,80.913949,210.1,119.4
,6.944778,80.266901,210.1,119.4
,6.916715,81.117475,1600.0,119.3
,6.862837,80.885077,1380.0,119.3
,6.570615,80.213037,220.0,119.3
,7.122178,80.611906,1059.9,119.2
,7.141124,80.514935,829.9,119.2
,7.672312,80.526043,319.8,119.1
,7.118364,80.571711,699.7,119.0
,7.246187,80.737375,599.7,119.0
,6.63464,80.994912,289.7,119.0
,7.816995,80.310514,229.5,118.8
,7.123843,81.479656,389.4,118.7
,7.159912,80.847118,479.3,118.6
,6.438782,80.611053,1359.1,118.4
Kondagala,6.694326,80.559954,609.1,118.4
,6.262191,80.782461,259.1,118.4
,7.199479,80.56923,679.0,118.3
,7.652272,80.597026,529.0,118.3
,6.25154,80.505919,299.0,118.3
,7.105592,80.527991,938.9,118.2
,6.395034,80.464352,728.9,118.2
,8.149522,80.571765,258.9,118.2
,6.524619,81.460609,208.8,118.1
,6.904926,80.292733,368.7,118.0
,7.417373,80.756928,1348.6,117.9
,6.795805,81.320401,308.6,117.9
Kahataththahela Summit,7.198327,81.370032,318.5,117.8
,6.726618,80.579207,1168.3,117.6
,6.941416,80.455047,858.3,117.6
,6.72168,80.47229,518.2,117.5
,6.331102,80.780564,238.2,117.5
,6.506989,80.341136,458.0,117.3
,7.357941,80.642528,647.9,117.2
,7.676454,80.781119,497.9,117.2
,6.857693,81.28817,457.9,117.2
,7.615685,80.792539,637.6,116.9
,7.461296,80.92762,297.6,116.9
,7.24728,80.285585,287.6,116.9
,7.655562,80.724287,367.5,116.8
,7.257789,80.53307,717.4,116.7
,7.557903,81.261227,227.4,116.7
,7.115418,80.695289,1697.3,116.6
,7.266807,80.771606,577.3,116.6
,6.654174,80.215113,297.3,116.6
,7.479173,80.557141,707.2,116.5
,7.224063,81.396687,617.2,116.5
,6.699527,80.804989,657.1,116.4
,7.558742,81.237576,237.1,116.4
,6.637671,80.739053,667.0,116.3
,6.712474,81.050033,556.9,116.2
,7.169085,81.325449,396.8,116.1
Haddon Hill,6.967026,80.753689,2126.7,116.0
,7.118798,80.398705,856.7,116.0
,7.367984,80.661819,646.7,116.0
,7.634794,80.412678,406.7,116.0
,7.178934,80.301956,286.6,115.9
,7.963554,80.378651,266.6,115.9
,7.52019,80.816457,696.5,115.8
,6.831554,80.472492,1416.3,115.6
,6.885579,80.539509,1446.2,115.5
,7.479205,80.637055,496.2,115.5
,7.192997,81.290981,386.2,115.5
,6.957696,81.374883,366.2,115.5
,6.387937,80.399,346.2,115.5
,7.239406,80.796057,636.1,115.4
,6.926941,81.218202,586.1,115.4
,7.275981,80.237466,266.0,115.3
,7.111546,81.051077,595.8,115.1
,7.01796,81.342648,475.8,115.1
,6.657456,80.920576,325.8,115.1
,6.781651,80.497492,1765.7,115.0
,7.210378,80.791437,795.7,115.0
,8.155795,80.657522,285.7,115.0
Hantana 2,7.254032,80.628431,1135.6,114.9
,7.667705,80.535835,345.6,114.9
,7.330341,81.44085,245.6,114.9
,6.686067,81.182979,305.5,114.8
,8.276746,80.562441,235.4,114.7
,7.283896,80.736013,625.3,114.6
,7.685677,80.799612,325.1,114.4
,7.232081,80.279082,275.1,114.4
,6.998307,81.435754,365.0,114.3
,8.632447,80.765594,225.0,114.3
,6.779682,80.394904,534.8,114.1
,7.234147,80.191334,214.8,114.1
,6.75583,80.423961,224.7,114.0
,6.604567,80.698631,964.6,113.9
,6.495822,80.292594,284.6,113.9
,7.500598,81.504709,254.6,113.9
,6.361172,80.561995,594.5,113.8
,6.331101,80.738534,264.4,113.7
,6.830483,81.058514,1194.3,113.6
,6.506021,81.044495,294.3,113.6
,6.208669,80.494826,224.3,113.6
,6.87478,80.697773,1504.0,113.3
,7.334291,81.516934,374.0,113.3
,7.026372,80.523146,763.7,113.0
,6.222025,80.661548,243.7,113.0
,6.388867,80.624629,1263.5,112.8
,7.249773,81.217423,413.5,112.8
,6.803286,81.156207,413.5,112.8
,7.058965,80.94731,1023.3,112.6
,7.197403,81.229325,383.3,112.6
,6.410027,80.620284,1203.2,112.5
,6.435823,80.737984,653.1,112.4
,7.962475,80.384639,393.1,112.4
,7.108865,80.231145,303.1,112.4
,6.214272,80.353853,263.1,112.4
,6.171936,80.336538,223.1,112.4
,6.864406,80.514817,1503.0,112.3
,6.70629,80.918419,402.9,112.2
,7.614364,81.228391,212.9,112.2
,7.305409,81.193024,332.8,112.1
,6.840543,80.212184,312.8,112.1
,6.286418,80.331291,262.8,112.1
,6.877914,81.126949,1472.7,112.0
,6.866485,81.421184,442.7,112.0
,7.324939,81.19576,322.7,112.0
,6.215197,80.529252,302.7,112.0
,7.047329,80.744181,2052.5,111.8
,7.060115,81.465711,262.5,111.8
,7.360673,80.785192,1152.4,111.7
,7.602392,80.766436,492.4,111.7
,7.25714,80.381475,222.4,111.7
,7.655535,80.616876,512.3,111.6
,6.985333,80.41076,382.3,111.6
,7.326731,80.6083,632.2,111.5
,7.116334,80.372634,562.1,111.4
,7.237587,81.19432,422.1,111.4
,6.920384,80.287559,352.0,111.3
,7.157828,80.35793,371.9,111.2
,6.94616,80.290791,301.9,111.2
,6.170348,80.38723,221.9,111.2
,6.864537,80.326704,331.8,111.1
,7.179109,80.216666,291.8,111.1
Walankanda,6.49244,80.480567,1031.7,111.0
,7.429545,80.596303,781.7,111.0
,6.663654,81.026128,461.7,111.0
,6.650357,80.521987,331.7,111.0
,7.282425,81.1009,291.7,111.0
,7.065954,80.478044,1231.5,110.8
Kodimale Peak,7.298528,80.644447,651.4,110.7
,6.649521,81.071705,481.4,110.7
,6.546848,80.317773,411.4,110.7
,7.390038,80.34766,301.4,110.7
,7.361571,80.366438,261.4,110.7
,6.792425,81.422171,291.3,110.6
,7.094532,80.720821,2081.2,110.5
,6.884974,81.117453,1561.2,110.5
,7.040548,80.273043,261.2,110.5
,6.348296,80.358626,241.2,110.5
,7.622956,81.306706,211.2,110.5
,7.217413,80.90662,421.0,110.3
,7.320494,81.493273,311.0,110.3
,6.301623,80.34592,301.0,110.3
,6.672311,80.482631,291.0,110.3
,6.308641,80.304971,271.0,110.3
,7.152208,80.181662,261.0,110.3
,7.34663,80.34417,251.0,110.3
,7.467286,80.713437,1300.9,110.2
,7.162275,80.499169,530.9,110.2
,6.254718,80.38283,340.9,110.2
,6.481945,80.755068,310.9,110.2
,7.643014,80.528507,290.9,110.2
,7.001463,80.25435,240.9,110.2
,6.632814,80.282423,500.8,110.1
,6.994132,80.248385,240.8,110.1
,8.071937,80.263138,210.8,110.1
,7.064441,80.291483,210.8,110.1
,6.55309,80.083122,200.8,110.1
,7.106877,80.418812,1090.7,110.0
,6.891249,81.361498,680.7,110.0
,7.132748,80.240351,330.7,110.0
,7.009088,81.272041,420.6,109.9
,7.669256,80.423254,230.6,109.9
,6.573591,80.205981,220.6,109.9
,7.411105,80.616421,700.5,109.8
,7.561665,80.603045,580.5,109.8
,7.634404,80.753656,600.4,109.7
,6.567133,80.748554,520.4,109.7
,6.797813,81.449318,260.4,109.7
,6.840746,80.424714,940.3,109.6
,7.071852,81.415219,310.2,109.5
Medahelawala Kanda,7.152133,81.427009,300.2,109.5
,7.092112,81.636569,240.2,109.5
,7.597732,80.572035,1040.1,109.4
,7.258048,81.04057,240.1,109.4
,6.360674,80.772971,420.0,109.3
,7.79392,80.794722,310.0,109.3
,7.335805,81.413687,230.0,109.3
,6.894429,81.170123,989.9,109.2
,7.257286,80.927279,1039.8,109.1
,6.352246,80.640368,919.8,109.1
,7.643733,80.397443,309.8,109.1
,7.790527,81.365123,219.8,109.1
,7.512851,80.656616,519.7,109.0
,7.117896,80.303377,329.7,109.0
,6.872071,80.264807,259.6,108.9
,6.865235,81.007502,1459.5,108.8
,7.302887,80.807471,629.5,108.8
,7.211332,80.430683,379.5,108.8
,7.912976,80.596371,269.5,108.8
,6.642413,80.40098,219.5,108.8
,6.498165,80.199014,209.5,108.8
,6.431285,80.325742,219.4,108.7
,6.190124,80.350348,229.3,108.6
,8.466912,80.986571,209.3,108.6
,7.00745,80.758847,2379.2,108.5
,6.908666,80.952142,1259.2,108.5
,6.754885,80.273616,329.1,108.4
,7.355184,81.015899,239.1,108.4
,6.695551,81.442122,229.1,108.4
,7.119124,80.47285,909.0,108.3
,8.075507,80.846997,329.0,108.3
,6.977355,80.288043,279.0,108.3
,7.480282,81.291855,209.0,108.3
,7.668304,80.876297,428.9,108.2
,6.259441,80.579389,408.9,108.2
,6.924185,81.479899,218.9,108.2
,6.700812,81.042971,538.8,108.1
,6.888824,80.205341,338.8,108.1
,6.50364,80.675048,338.8,108.1
,6.853726,80.371773,468.7,108.0
,7.420887,80.882491,1318.6,107.9
,6.667778,80.688853,668.6,107.9
,6.427954,80.247367,278.5,107.8
,7.31367,81.330787,268.5,107.8
,7.362398,81.171882,298.4,107.7
,7.302144,80.349375,338.3,107.6
,7.900535,80.745479,308.3,107.6
,6.191498,80.372305,238.3,107.6
,7.02189,81.448277,488.2,107.5
,6.921863,80.426283,448.2,107.5
,6.401674,80.28292,268.2,107.5
,7.286809,81.034338,218.2,107.5
,6.805991,81.166251,398.1,107.4
,7.882086,80.735414,318.1,107.4
,7.049882,81.164551,1488.0,107.3
,6.575225,80.558107,268.0,107.3
,7.455332,80.637062,497.9,107.2
,6.511909,80.385617,377.9,107.2
,7.123004,80.90442,1187.8,107.1
,6.942963,81.20057,967.8,107.1
,6.517757,80.751812,337.8,107.1
,6.188263,80.400229,287.8,107.1
,8.381485,80.934495,227.8,107.1
,6.419743,80.499865,807.7,107.0
,6.424571,80.411178,607.7,107.0
,7.235089,81.464343,287.7,107.0
,7.38779,81.279246,227.7,107.0
,6.870917,81.038179,1257.6,106.9
,7.494131,80.899633,387.6,106.9
,7.056029,80.289591,227.6,106.9
,7.480016,80.628084,477.5,106.8
,6.336252,80.705451,607.4,106.7
,7.313095,81.357141,427.4,106.7
,6.721024,81.461694,217.4,106.7
,7.251069,80.822681,967.3,106.6
,6.991416,80.936696,1567.1,106.4
,7.116666,81.375087,407.1,106.4
,6.763562,80.269536,387.1,106.4
,8.054623,80.805349,277.1,106.4
,7.382844,81.036295,227.1,106.4
,6.920742,81.420715,327.0,106.3
,6.703836,80.956681,656.9,106.2
,7.254064,80.287479,276.9,106.2
,7.195069,80.450525,386.8,106.1
,7.789283,80.627706,316.7,106.0
,6.678313,80.210473,286.6,105.9
,6.261217,80.366558,316.4,105.7
,7.968066,80.903309,216.4,105.7
,7.237074,81.404583,706.3,105.6
,6.440347,80.170061,226.3,105.6
,6.522987,80.332171,436.2,105.5
,6.156096,80.648009,226.1,105.4
,7.311562,80.857739,1466.0,105.3
,7.208888,81.125024,356.0,105.3
,7.32076,80.252356,296.0,105.3
,7.043981,80.191848,256.0,105.3
,7.017634,81.119992,1095.9,105.2
,7.209467,80.196527,235.9,105.2
,6.820797,81.289216,385.8,105.1
,7.879917,80.745208,375.8,105.1
,6.148371,80.384535,295.8,105.1
,6.763824,80.733073,1895.6,104.9
,6.681842,80.550191,565.6,104.9
,7.721421,80.538524,475.6,104.9
,6.867239,81.464344,245.6,104.9
,7.060149,81.610985,225.6,104.9
,7.24226,81.380684,615.5,104.8
,7.130888,80.749336,1095.4,104.7
,6.867415,81.328625,295.4,104.7
,7.580344,80.522834,275.4,104.7
,7.00398,80.327658,245.4,104.7
,6.786994,80.379157,225.4,104.7
,6.676037,81.173202,275.3,104.6
,7.125171,80.637979,1205.2,104.5
,7.623798,80.626676,545.2,104.5
,7.087175,81.310416,525.2,104.5
,6.937983,80.254963,285.2,104.5
,6.788702,80.492332,1845.1,104.4
,7.288854,80.352376,325.1,104.4
,6.943337,80.488982,984.9,104.2
,6.698885,81.091543,354.9,104.2
,6.531865,80.777853,314.9,104.2
Dorapuruwagoda,7.186547,81.453405,204.9,104.2
Hunuketiyagala,6.968908,80.646985,1444.8,104.1
,7.290634,80.571362,664.8,104.1
,7.220628,80.544771,674.7,104.0
,7.606178,80.672904,564.7,104.0
Kirikekumangoda,7.145212,81.325692,324.7,104.0
,6.939354,81.494581,204.7,104.0
,7.067901,81.321527,614.6,103.9
,6.984877,81.332019,534.6,103.9
,7.416807,81.288791,224.5,103.8
,7.328118,80.77079,924.4,103.7
,6.612653,81.020134,254.4,103.7
,7.354958,81.286274,234.4,103.7
,6.523698,80.608313,354.3,103.6
,7.146057,80.926156,1104.2,103.5
,7.051076,80.554361,794.2,103.5
,7.127356,80.700719,1694.1,103.4
,6.88058,80.367136,344.1,103.4
,7.441499,81.283384,224.1,103.4
,7.357418,80.777583,1104.0,103.3
,6.650694,80.75696,664.0,103.3
,6.841532,81.163837,644.0,103.3
,7.649863,80.710147,333.9,103.2
,7.631962,81.261038,273.9,103.2
,6.305916,80.291146,263.9,103.2
,7.714424,80.866517,253.9,103.2
,6.792376,81.457723,253.9,103.2
,6.912206,80.642657,1593.8,103.1
,7.0654,80.460393,1133.8,103.1
,7.004634,81.556042,363.8,103.1
,7.696223,81.288577,213.8,103.1
,8.186141,80.564667,233.7,103.0
,6.595348,80.745839,713.6,102.9
,7.547857,80.848811,303.6,102.9
,6.224208,80.765652,233.6,102.9
,8.079646,80.149897,203.6,102.9
,7.336102,80.402872,203.6,102.9
,6.452092,80.672617,1003.5,102.8
,6.514577,80.332178,503.5,102.8
,7.000156,80.301324,253.5,102.8
,6.799329,80.965944,1553.3,102.6
,7.685135,80.773777,363.1,102.4
,7.181487,80.166684,203.1,102.4
,6.347898,80.617048,823.0,102.3
,6.538898,80.631095,473.0,102.3
,6.991049,81.386329,293.0,102.3
,7.498006,81.427783,243.0,102.3
,6.260751,80.480158,233.0,102.3
,7.172593,80.212328,292.9,102.2
,8.223631,80.738375,232.9,102.2
,6.87226,80.491197,1442.8,102.1
,7.014118,81.103698,1202.8,102.1
,7.320939,80.439838,552.8,102.1
,7.61894,80.808853,412.8,102.1
,7.262518,81.443738,222.8,102.1
,6.691378,80.87934,642.7,102.0
,7.774659,80.789825,362.6,101.9
,6.752726,81.268519,332.6,101.9
,7.106336,81.391096,302.6,101.9
,7.202665,80.449433,372.5,101.8
,7.625033,80.418668,432.3,101.6
,7.483551,80.897999,412.3,101.6
,6.70122,80.326042,262.3,101.6
,7.676699,80.625842,492.2,101.5
,7.465856,80.514474,372.2,101.5
,7.22004,80.468165,332.2,101.5
,6.929846,80.256601,282.2,101.5
,7.207889,80.237004,262.2,101.5
,7.465732,80.353838,242.2,101.5
,7.030732,80.560888,1092.1,101.4
,7.310716,80.586026,732.1,101.4
,6.590732,80.846763,572.1,101.4
,6.491711,80.734724,302.1,101.4
,7.127287,80.512498,822.0,101.3
,7.075379,80.383532,751.9,101.2
,6.580096,80.20109,231.8,101.1
,7.213743,80.147627,211.8,101.1
,7.494418,80.806669,1051.7,101.0
,7.399022,80.381893,301.5,100.8
,7.056184,81.364147,271.5,100.8
,7.690829,80.825447,251.5,100.8
,6.574652,80.185091,221.5,100.8
,7.696663,80.433566,211.5,100.8
Karagahatenna,7.591536,80.714234,1291.4,100.7
,7.600483,80.682694,641.4,100.7
,6.945091,80.307353,311.4,100.7
,7.196382,81.404527,301.4,100.7
,6.831918,80.716781,1781.3,100.6
,7.362826,80.901771,731.3,100.6
,7.110374,80.381873,561.3,100.6
,7.392705,81.459421,391.3,100.6
,7.409162,81.031147,211.3,100.6
,6.388821,80.512356,931.2,100.5
,6.845668,80.18775,291.2,100.5
,6.417832,80.478441,681.1,100.4
,7.537964,81.117398,301.1,100.4
,7.248357,80.812086,851.0,100.3
,7.758641,80.87795,351.0,100.3
,7.092256,80.182282,241.0,100.3
,6.688595,81.365595,211.0,100.3
,6.182047,80.436558,250.9,100.2
,6.672049,80.19013,240.9,100.2
,7.360704,81.453938,220.9,100.2
,7.052614,81.140385,1230.8,100.1
,6.329507,80.279193,330.8,100.1
,7.004032,80.386036,240.8,100.1
,8.501319,81.057165,210.8,100.1
,6.813958,81.340234,380.7,100.0
,7.069617,80.312388,310.7,100.0
,7.522359,80.720225,1110.6,99.9
,6.447419,80.506359,570.6,99.9
,7.064798,81.17108,1330.4,99.7
Kurulugala Peak,6.459952,80.640068,1090.4,99.7
,6.68759,80.754245,600.4,99.7
,6.386724,80.253647,200.4,99.7
,6.796085,80.931745,1380.3,99.6
,6.326475,80.65095,500.3,99.6
,6.364838,80.349121,200.3,99.6
,7.469787,81.432361,470.2,99.5
,7.361091,80.44171,400.2,99.5
,7.132036,80.337041,310.2,99.5
,7.013902,81.528091,240.2,99.5
,6.79204,80.74637,2120.1,99.4
,7.593711,80.79281,650.1,99.4
,7.220947,80.674624,1080.0,99.3
,6.653104,80.953677,500.0,99.3
,7.112733,80.29442,300.0,99.3
,7.008578,80.313263,250.0,99.3
,6.906397,80.42358,479.9,99.2
,7.460286,81.436967,459.9,99.2
,6.236387,80.597562,319.9,99.2
,6.722885,81.267946,479.6,98.9
,6.303935,80.581542,409.6,98.9
,7.011698,80.481337,809.5,98.8
,7.420037,80.566954,749.5,98.8
,6.381978,80.412021,329.5,98.8
,7.226575,80.209816,309.5,98.8
,6.942833,81.327355,529.4,98.7
,7.758908,80.654916,509.4,98.7
,6.908511,81.437529,219.4,98.7
,7.218057,80.361678,319.3,98.6
,8.138105,80.53039,259.3,98.6
,6.859051,80.793326,2109.2,98.5
,7.242774,80.150846,209.2,98.5
,7.065987,80.534801,829.1,98.4
,7.169209,80.343524,409.1,98.4
,7.078953,80.173881,269.1,98.4
,6.926562,80.976039,1289.0,98.3
,6.305567,80.592929,419.0,98.3
,6.679157,80.929808,389.0,98.3
,7.621006,80.474955,249.0,98.3
,7.761636,80.809408,239.0,98.3
,7.475998,81.610122,238.9,98.2
,7.718326,80.387315,208.9,98.2
,7.275647,81.365786,558.8,98.1
,6.938431,81.378388,348.8,98.1
,7.304099,80.413223,278.7,98.0
,6.263448,80.453586,268.7,98.0
,6.777856,80.503194,1818.6,97.9
,6.717389,80.566728,1058.6,97.9
,6.991611,81.089563,1018.6,97.9
,6.200997,80.377177,288.6,97.9
,6.690749,80.467153,268.6,97.9
,7.546759,80.905085,258.6,97.9
,7.748886,80.805599,238.6,97.9
,6.284142,80.61517,468.5,97.8
,7.485717,80.91295,408.5,97.8
,7.202683,81.07721,378.5,97.8
,7.26033,80.31301,298.5,97.8
,7.47846,80.330722,218.5,97.8
,7.257383,81.202217,308.4,97.7
,7.045736,80.304537,208.4,97.7
,6.485937,81.05886,238.3,97.6
,7.382626,80.636813,678.2,97.5
,7.115749,80.326193,318.2,97.5
,8.52825,80.921747,208.2,97.5
,6.941766,80.607897,1428.1,97.4
,6.879497,81.182869,658.1,97.4
,7.517201,80.85533,458.1,97.4
,7.055004,81.605545,218.1,97.4
,6.796238,81.149145,387.9,97.2
,7.321197,80.422448,297.9,97.2
,6.671265,81.337899,227.8,97.1
,6.913825,80.614151,1427.7,97.0
,6.324555,80.584517,597.7,97.0
,7.0561,81.427689,497.7,97.0
,7.376372,80.955853,217.7,97.0
,6.85766,80.958095,1307.6,96.9
,6.485321,80.384281,527.6,96.9
,6.859387,81.222483,477.6,96.9
,6.512115,80.308853,357.6,96.9
,6.795674,81.426789,347.6,96.9
,7.159806,80.182738,207.6,96.9
,6.912453,80.979562,1317.5,96.8
,6.726843,81.066866,547.5,96.8
,6.509661,80.296378,337.5,96.8
,7.770503,81.328105,207.5,96.8
,7.653122,80.803417,297.4,96.7
,6.67809,80.850032,627.3,96.6
,6.559537,80.764289,487.3,96.6
,7.714962,80.664719,417.3,96.6
,6.605405,80.273768,297.3,96.6
,6.232475,80.387455,287.3,96.6
,6.489733,80.490605,1027.2,96.5
,6.605881,80.997341,267.2,96.5
,6.910022,80.599764,1447.1,96.4
,6.998387,81.099071,1127.1,96.4
,7.167406,81.090225,527.1,96.4
,7.164971,81.081531,397.1,96.4
,7.144443,80.26614,237.1,96.4
,7.392413,80.739265,997.0,96.3
,7.367161,80.632742,647.0,96.3
,6.530567,80.314261,347.0,96.3
,6.663151,80.237894,317.0,96.3
,6.102639,80.612515,247.0,96.3
,7.099827,81.569236,217.0,96.3
,6.792554,80.9464,1296.9,96.2
,7.255126,80.893319,836.9,96.2
,7.492153,80.485917,706.9,96.2
,6.465224,80.357988,506.9,96.2
,6.894969,80.380154,506.9,96.2
,7.623753,80.527974,296.9,96.2
,7.185633,80.546691,826.8,96.1
,6.383623,80.438054,656.7,96.0
,6.638205,80.248774,266.7,96.0
,7.443768,80.363916,246.7,96.0
,6.533751,80.662292,486.6,95.9
,8.550731,80.99561,216.6,95.9
,7.160885,80.448105,596.5,95.8
,7.400552,81.472477,466.5,95.8
,7.025339,81.295954,456.5,95.8
,7.770306,80.880129,326.5,95.8
,7.079812,80.209726,326.5,95.8
,7.103363,81.117611,1116.4,95.7
,7.524449,80.504925,266.4,95.7
Kalugala,7.811125,80.410623,236.3,95.6
,6.464758,80.165692,216.3,95.6
,7.424155,80.785193,1626.2,95.5
,6.949979,81.241029,476.2,95.5
,7.576558,80.543226,416.2,95.5
,7.047128,80.341194,346.2,95.5
,7.633216,80.477666,246.2,95.5
,6.944184,80.550611,1256.1,95.4
,6.433763,80.368862,506.1,95.4
,6.666692,80.871737,396.1,95.4
,7.827744,80.504732,336.1,95.4
,6.94437,81.140301,1116.0,95.3
,7.459649,80.57509,806.0,95.3
,6.652317,80.705678,636.0,95.3
,6.698366,80.501068,276.0,95.3
,6.853726,81.181219,565.9,95.2
,6.286493,80.429441,245.9,95.2
,7.101344,80.29932,305.7,95.0
,7.288204,80.250492,225.7,95.0
Sthreepura,6.965111,80.903834,1455.6,94.9
,7.056971,80.432971,875.6,94.9
,7.352167,80.48302,385.6,94.9
,7.22232,80.28371,265.6,94.9
,7.372607,81.271892,225.6,94.9
,7.118267,80.4131,955.5,94.8
,7.219723,81.146493,525.5,94.8
,6.399488,80.266922,335.5,94.8
,7.851685,80.648632,315.5,94.8
,6.607154,80.413216,215.4,94.7
,6.256179,80.564479,405.3,94.6
,7.182103,81.011461,255.3,94.6
,7.846679,80.429635,235.3,94.6
,6.545349,81.06242,225.3,94.6
,8.384487,80.881376,215.3,94.6
,6.273954,80.349196,385.2,94.5
,7.187041,80.846036,345.2,94.5
,6.685372,80.215892,295.2,94.5
,6.468251,80.413316,445.1,94.4
,6.475684,80.231587,295.1,94.4
,7.62626,80.703625,715.0,94.3
,7.246984,80.905542,605.0,94.3
,7.241562,80.266575,265.0,94.3
,7.462113,80.634342,494.8,94.1
,7.215638,81.165505,314.8,94.1
,6.418822,80.345551,294.8,94.1
,7.9979,80.628176,254.8,94.1
,7.562654,80.43911,364.7,94.0
,7.22861,80.332873,344.5,93.8
,6.530075,80.373125,344.5,93.8
,7.272778,81.47581,324.5,93.8
,6.234342,80.345704,244.5,93.8
,6.265084,80.467141,254.4,93.7
,7.195109,81.040533,254.4,93.7
,6.585834,80.635964,364.3,93.6
,7.47292,80.532138,334.3,93.6
Dahaiya Kanda,8.026883,80.535084,214.3,93.6
,7.237649,80.172042,204.3,93.6
,6.306883,80.50101,584.2,93.5
,7.665324,80.698724,324.2,93.5
,8.650034,80.588404,224.2,93.5
,6.486497,80.528309,1094.1,93.4
,6.700068,80.257663,454.1,93.4
,7.908401,80.817854,364.1,93.4
,7.158067,80.323435,364.1,93.4
,6.410122,80.323862,274.1,93.4
,6.959488,80.326886,264.1,93.4
,7.352182,80.505846,484.0,93.3
,6.527962,80.452335,434.0,93.3
,6.710329,81.338757,274.0,93.3
Roehampton,6.774368,80.96892,1763.9,93.2
,6.899726,80.640217,1663.9,93.2
,7.075085,80.357191,653.9,93.2
,6.307492,80.692711,623.9,93.2
,6.624152,80.303051,423.9,93.2
,6.57986,80.619146,353.9,93.2
,6.102012,80.433627,223.9,93.2
,7.03851,80.415877,1093.8,93.1
,7.099614,80.510613,873.8,93.1
,7.194453,81.193466,643.8,93.1
,6.182939,80.595412,433.8,93.1
,8.117285,80.845371,283.8,93.1
,6.895475,80.337805,333.7,93.0
,6.832783,81.240644,313.7,93.0
,7.460505,80.829498,1203.6,92.9
,7.112283,80.394093,753.6,92.9
,7.349272,80.697693,733.6,92.9
,7.603205,80.750938,613.6,92.9
,7.380013,80.360986,283.6,92.9
,6.650674,80.635946,1513.5,92.8
,6.614347,80.26345,273.5,92.8
,7.245892,80.926732,953.3,92.6
,8.058356,80.249546,203.3,92.6
,7.515791,80.545706,383.2,92.5
,7.439076,80.769973,1683.1,92.4
,7.634922,80.630207,513.0,92.3
,7.083855,81.081749,1012.9,92.2
,7.661261,80.791725,492.8,92.1
,6.910629,81.254564,412.8,92.1
,6.501879,80.396746,372.8,92.1
,7.377636,81.116187,242.8,92.1
,6.341441,80.276199,312.7,92.0
,7.404221,81.37438,342.6,91.9
,7.103462,80.251248,292.6,91.9
,6.98058,80.672776,2012.5,91.8
,6.919519,80.948617,1162.5,91.8
,7.676323,81.112069,272.5,91.8
,6.598605,80.78979,582.4,91.7
,6.747131,81.153449,292.4,91.7
,7.272507,80.283656,242.4,91.7
,6.802805,80.484724,1932.3,91.6
,6.492955,80.436625,682.3,91.6
,6.702512,80.769441,632.3,91.6
,6.563629,80.276252,322.3,91.6
,6.070823,80.449909,292.3,91.6
,7.077401,80.235527,232.3,91.6
,7.357685,80.71617,852.2,91.5
,7.712359,81.394657,222.2,91.5
,7.004026,81.175102,1432.1,91.4
,7.006044,80.561442,1152.1,91.4
,6.790303,81.102458,402.1,91.4
,7.589901,80.878997,382.1,91.4
,6.920606,80.608176,1372.0,91.3
,6.963422,81.04909,922.0,91.3
,6.485448,80.617819,502.0,91.3
,6.972964,80.241349,242.0,91.3
,6.288452,80.535996,451.9,91.2
,6.497883,81.041778,291.9,91.2
,6.754597,80.706749,1701.8,91.1
,7.14308,80.652641,1111.8,91.1
,7.396914,81.361326,321.8,91.1
,7.567116,80.864854,311.8,91.1
,6.994766,81.215008,981.7,91.0
,6.887053,81.227666,521.7,91.0
,7.112969,80.658624,1321.6,90.9
,7.55763,80.775953,661.6,90.9
,6.896548,81.227947,541.6,90.9
,7.018825,81.299205,421.6,90.9
,7.180603,80.343513,371.6,90.9
,6.897121,81.194014,571.4,90.7
,6.992006,80.289386,261.4,90.7
,7.835155,80.805877,531.2,90.5
,7.334036,80.23794,281.2,90.5
,7.604291,80.79417,621.1,90.4
,7.649042,80.673438,471.1,90.4
,7.69748,81.115349,201.1,90.4
,7.427824,80.437039,281.0,90.3
,7.064112,80.239073,241.0,90.3
,6.996966,81.182699,1410.9,90.2
,6.577671,80.984849,250.8,90.1
,6.850617,80.928776,1350.7,90.0
,7.659954,81.213755,310.6,89.9
,7.563321,80.850173,270.6,89.9
,7.566043,81.259605,230.6,89.9
,6.422462,80.186354,200.6,89.9
,7.049227,80.819674,1860.5,89.8
,6.698149,80.926015,330.5,89.8
,7.07057,80.195073,260.4,89.7
,7.243111,80.484721,390.3,89.6
,7.542639,80.528836,310.3,89.6
,6.550603,80.272738,200.3,89.6
,6.397527,80.564963,1180.2,89.5
,7.337342,80.749323,770.2,89.5
,7.407931,81.436617,460.2,89.5
,7.266961,81.36985,430.2,89.5
,7.443288,80.438114,270.2,89.5
,7.347377,80.826224,1330.1,89.4
,7.382105,80.769974,1130.1,89.4
,6.721405,81.086402,400.1,89.4
,6.470006,80.728759,250.1,89.4
,7.147678,80.607008,920.0,89.3
,7.305871,80.736827,610.0,89.3
,7.676993,80.7251,390.0,89.3
,7.028465,81.401583,390.0,89.3
,7.528541,80.544611,340.0,89.3
,7.971588,80.634172,260.0,89.3
,7.566031,80.687867,789.9,89.2
,6.366754,80.370271,209.9,89.2
,6.64932,80.643001,1499.8,89.1
,6.870356,80.188534,349.8,89.1
,6.968147,80.303529,269.8,89.1
,7.297321,80.418391,239.8,89.1
,6.219432,80.359813,259.7,89.0
,6.608844,80.194003,259.7,89.0
,7.479653,81.096695,549.6,88.9
,6.980355,81.249476,479.6,88.9
,7.141554,81.190973,419.6,88.9
,7.733068,80.507513,289.6,88.9
,7.213216,81.393684,519.5,88.8
,6.815176,81.212128,319.5,88.8
,7.529805,80.409504,209.5,88.8
,7.458337,80.745239,1869.4,88.7
,7.036741,80.684984,1699.4,88.7
,7.130672,81.224098,329.4,88.7
,7.30486,81.199816,309.4,88.7
,6.146954,80.310266,219.4,88.7
,6.46672,80.220476,269.3,88.6
,6.754587,80.659256,2009.2,88.5
,7.394019,80.920531,1019.2,88.5
,6.93943,80.344823,299.2,88.5
,7.303018,80.418115,269.2,88.5
,7.103776,81.63659,329.1,88.4
,6.662011,80.499731,319.1,88.4
,6.545751,80.304482,369.0,88.3
,6.632222,80.235215,239.0,88.3
,6.779923,81.19527,278.9,88.2
,6.347031,80.492854,368.8,88.1
,6.24778,80.593763,318.8,88.1
,7.580531,80.404568,268.8,88.1
,6.811827,80.910307,1368.6,87.9
,6.994632,81.027929,1068.5,87.8
,7.634902,80.579087,548.5,87.8
,6.557999,80.34923,428.5,87.8
,6.633258,81.360917,218.5,87.8
,6.703736,80.415858,358.4,87.7
,6.864442,81.318578,308.4,87.7
,6.61233,80.444955,278.4,87.7
,7.817194,80.556152,278.3,87.6
,6.808251,80.521633,1828.2,87.5
,6.81616,80.936365,1328.2,87.5
,7.243438,80.591216,588.2,87.5
,7.802866,80.698427,378.2,87.5
,8.066284,80.842912,228.2,87.5
,7.503623,80.644115,468.1,87.4
,6.503372,80.695392,328.1,87.4
,6.41952,80.612958,1178.0,87.3
,7.027894,81.423033,487.9,87.2
,6.261542,80.442742,267.9,87.2
,6.897018,80.8954,1197.8,87.1
,7.866624,80.809688,507.8,87.1
,6.347651,80.78897,267.8,87.1
,7.537813,80.672649,577.7,87.0
,6.515521,81.034735,287.7,87.0
,6.572126,80.37282,417.6,86.9
,6.843383,80.332967,317.6,86.9
,6.491831,80.383463,527.5,86.8
,6.702879,81.439147,247.5,86.8
,6.495236,80.714923,297.4,86.7
Sigiriya,7.958047,80.760169,297.4,86.7
,6.428691,80.177397,227.4,86.7
,7.356299,80.601224,587.3,86.6
,6.873496,80.333482,297.3,86.6
,6.694852,80.202314,277.3,86.6
,7.654749,80.812119,257.3,86.6
,6.560891,80.836993,217.3,86.6
,6.903465,81.050141,1247.2,86.5
,6.767035,80.56345,1877.1,86.4
,7.513905,80.573434,697.1,86.4
,7.183788,80.724885,1087.0,86.3
,6.806417,80.262435,287.0,86.3
,8.281126,80.896054,277.0,86.3
,7.108539,80.466339,1106.9,86.2
,7.052376,81.096121,1096.9,86.2
,7.28387,80.935982,1046.9,86.2
,6.478006,80.398391,526.9,86.2
,6.935656,80.372247,376.9,86.2
,6.536238,80.286316,286.9,86.2
,6.795393,81.433845,256.9,86.2
,7.188002,81.121477,656.8,86.1
,6.72934,80.951262,576.8,86.1
,7.359661,80.354755,246.8,86.1
,7.018471,80.46667,1256.6,85.9
,7.239607,80.522485,646.6,85.9
,7.247816,80.769433,736.5,85.8
,6.68162,80.822897,596.5,85.8
,7.417776,81.380921,306.3,85.6
Meeriyathenna,6.788777,80.863347,2036.2,85.5
,7.639007,80.686764,406.2,85.5
,6.288746,80.591037,366.2,85.5
,7.290744,80.343137,316.2,85.5
,7.294949,81.333752,296.2,85.5
,6.755628,80.209298,256.2,85.5
,8.384753,80.898265,226.2,85.5
,6.537206,81.069739,216.2,85.5
,7.194826,80.202522,206.2,85.5
,6.729851,81.348277,206.2,85.5
,6.783267,80.182398,306.1,85.4
,6.087647,80.455861,246.1,85.4
,6.497857,80.465917,896.0,85.3
,7.268525,81.181036,396.0,85.3
,8.016349,80.918565,246.0,85.3
,6.36802,80.268309,246.0,85.3
,7.996297,80.809699,216.0,85.3
,7.848235,80.351285,206.0,85.3
,6.96404,80.724367,2145.9,85.2
,6.838356,80.504517,1935.9,85.2
,7.097426,80.481555,915.9,85.2
,7.316892,81.539184,475.9,85.2
,7.09809,81.467668,285.9,85.2
,7.322519,81.171303,255.9,85.2
,6.862237,81.036002,1235.8,85.1
,6.811796,81.333718,305.8,85.1
,7.38897,80.366141,295.8,85.1
,7.022696,80.324653,235.8,85.1
,8.349772,80.839419,225.8,85.1
,6.935507,80.994504,1315.7,85.0
,7.474567,80.569647,845.7,85.0
,7.72953,80.489293,255.7,85.0
,6.467082,80.311064,255.7,85.0
,6.633255,81.052431,245.7,85.0
,7.189483,80.70587,1295.6,84.9
,7.522349,80.669934,435.6,84.9
,6.669605,81.05815,415.6,84.9
,7.291045,81.177796,285.6,84.9
,7.544838,80.587284,535.5,84.8
,7.208984,80.961491,255.5,84.8
,6.338664,80.588308,805.4,84.7
,7.392119,80.629201,625.4,84.7
,6.766146,81.119811,415.4,84.7
,6.791164,80.207357,275.4,84.7
,7.379998,80.345224,275.4,84.7
,6.094419,80.43824,245.4,84.7
,7.972117,80.600428,225.4,84.7
,6.95603,81.583381,215.4,84.7
,7.292963,80.397745,215.4,84.7
,6.933369,80.647809,1405.3,84.6
,6.44786,80.357189,445.3,84.6
,7.767318,80.894,365.3,84.6
,6.853135,80.318029,285.3,84.6
,6.991705,80.870987,1785.2,84.5
,6.914326,81.033316,1305.2,84.5
,8.109944,80.642835,405.2,84.5
,7.666407,80.865147,275.2,84.5
,7.046797,80.281726,235.2,84.5
Dabaragala,6.965657,80.891345,1395.1,84.4
,7.351448,80.817257,1345.1,84.4
,7.738577,80.738691,445.1,84.4
,6.559809,80.78572,255.1,84.4
,6.908402,80.621483,1465.0,84.3
,7.575263,80.794712,735.0,84.3
,6.609999,80.784364,645.0,84.3
,6.82091,81.168977,465.0,84.3
,6.917696,81.240726,455.0,84.3
,6.567967,80.274077,285.0,84.3
,6.661018,81.280908,235.0,84.3
,7.370953,81.491452,594.9,84.2
,6.323488,80.641189,484.9,84.2
,7.699748,80.599998,484.9,84.2
,6.596236,80.331563,484.9,84.2
,7.603191,80.889876,244.9,84.2
,7.39336,80.423749,234.9,84.2
,7.159984,80.342989,414.8,84.1
,6.272208,80.626832,404.8,84.1
,6.189972,80.541734,394.8,84.1
,7.268547,80.396951,264.8,84.1
,6.302127,80.301724,254.8,84.1
,6.817785,80.237995,244.8,84.1
,7.003649,80.72219,1854.7,84.0
,7.322132,80.904205,1094.7,84.0
,7.803415,80.756367,444.7,84.0
,6.218363,80.380959,334.7,84.0
,7.579557,80.574491,904.6,83.9
,7.048748,81.446958,554.6,83.9
,6.872914,81.479824,404.6,83.9
,6.324636,80.292213,304.6,83.9
,7.644162,80.863783,284.6,83.9
,6.837612,80.695608,1834.5,83.8
,7.394935,80.36233,264.5,83.8
,6.222531,80.546871,254.5,83.8
,7.288813,80.310535,204.5,83.8
,6.561004,80.374728,414.4,83.7
,6.673668,81.069548,404.4,83.7
,7.242513,80.408111,394.4,83.7
,6.094152,80.445829,254.4,83.7
,7.606185,80.841751,234.4,83.7
,7.288493,80.651786,654.3,83.6
,7.30336,80.522721,704.2,83.5
,7.192183,80.90444,344.2,83.5
,8.097736,80.642023,324.2,83.5
,6.666116,80.220526,284.2,83.5
,7.794077,80.464496,254.2,83.5
,7.300258,80.363505,214.2,83.5
,6.380819,80.319821,204.2,83.5
,6.679963,80.230007,334.1,83.4
,7.051368,81.665275,284.1,83.4
,7.987071,80.830653,234.1,83.4
,6.453253,80.318129,204.1,83.4
,6.686506,80.788707,574.0,83.3
,7.194047,80.231316,314.0,83.3
,7.206137,80.380704,314.0,83.3
,7.710618,80.898335,224.0,83.3
,7.756477,80.705507,773.9,83.2
,6.648171,81.061122,433.9,83.2
,7.589368,80.821901,263.9,83.2
,6.540762,80.203305,203.9,83.2
,7.022094,80.701007,1733.8,83.1
,7.267586,80.952006,933.8,83.1
,6.730393,80.52873,823.8,83.1
,7.025664,81.244634,793.8,83.1
,6.486436,80.425238,753.8,83.1
,6.658208,81.061942,433.8,83.1
,7.126461,81.059778,403.8,83.1
,7.165332,80.879443,333.8,83.1
,7.050165,81.150159,1313.7,83.0
,6.330748,80.484728,733.7,83.0
,7.297624,81.36337,593.7,83.0
,6.758798,80.402248,363.7,83.0
,6.250628,80.355722,313.7,83.0
,7.152512,80.206921,303.7,83.0
,7.298557,80.289876,213.7,83.0
,6.356351,80.264524,203.7,83.0
,6.02235,80.68571,203.6,82.9
,7.171579,80.719726,943.5,82.8
,7.229042,80.552102,673.5,82.8
,7.210578,80.520871,663.5,82.8
,7.378572,81.476791,653.5,82.8
,6.600249,80.272146,303.5,82.8
,7.134202,80.33215,253.5,82.8
,6.674015,81.304799,243.5,82.8
,7.51585,80.740614,1343.4,82.7
,6.963734,80.588069,1713.3,82.6
,6.505488,80.529113,523.3,82.6
,7.107794,81.309353,333.3,82.6
,7.241009,80.927274,953.2,82.5
,7.323778,80.763997,793.2,82.5
,7.820415,80.497936,323.2,82.5
,8.093128,80.653729,243.2,82.5
,6.605366,80.632161,243.2,82.5
,6.375865,80.733649,393.1,82.4
,6.549771,80.775954,373.1,82.4
,6.665049,80.929804,323.1,82.4
,7.569467,80.482331,243.1,82.4
,7.476916,80.423139,233.1,82.4
,6.988414,80.2302,213.1,82.4
,7.446089,81.301871,213.1,82.4
,7.368148,80.44578,393.0,82.3
,7.210476,80.378256,323.0,82.3
,6.149216,80.430344,213.0,82.3
,6.68434,80.264734,492.9,82.2
,8.081751,80.809161,302.9,82.2
,7.648992,80.545091,282.8,82.1
,7.152201,80.443765,772.7,82.0
,6.664321,80.321734,562.7,82.0
,6.207517,80.389371,362.7,82.0
,7.520719,80.891214,362.7,82.0
,7.368206,80.538717,602.6,81.9
,7.18015,80.45298,322.6,81.9
,7.89424,80.559649,242.6,81.9
,8.071689,80.62951,232.6,81.9
,7.290384,80.625159,632.5,81.8
,7.197016,81.334447,432.5,81.8
,7.212875,80.332073,342.5,81.8
,6.556526,80.612371,332.5,81.8
,6.585127,80.102338,262.5,81.8
,7.386779,81.431423,222.4,81.7
,6.461231,80.465125,662.3,81.6
,6.249558,80.375243,332.3,81.6
,6.529928,80.581184,392.2,81.5
,6.554145,80.287926,342.2,81.5
,6.46083,80.297509,222.2,81.5
,6.973808,80.736041,2182.1,81.4
,7.297445,80.903654,952.1,81.4
,6.82661,80.388353,442.1,81.4
,7.284778,81.206861,252.1,81.4
,6.713362,81.294801,222.1,81.4
,7.289615,80.299939,202.1,81.4
,6.661273,80.730911,652.0,81.3
,7.162053,80.954138,482.0,81.3
,7.133285,81.513347,382.0,81.3
,7.288149,81.3476,302.0,81.3
,7.633153,80.396909,272.0,81.3
,6.910414,80.358695,272.0,81.3
,6.875869,80.826173,1921.9,81.2
,6.971272,81.077874,1121.9,81.2
,6.316436,80.651223,431.9,81.2
,6.955365,81.279587,371.9,81.2
,6.168029,80.631741,201.9,81.2
Kotakithula Kanda,6.956713,80.840028,1761.8,81.1
,7.320542,81.252,541.8,81.1
,7.155951,80.382921,361.8,81.1
,6.670134,80.473136,281.8,81.1
,7.095838,80.226815,281.8,81.1
,7.290145,80.287712,281.8,81.1
,7.589362,80.862956,261.8,81.1
,6.808718,80.404924,851.7,81.0
,7.217631,80.521139,651.7,81.0
,7.104017,80.262654,301.7,81.0
,7.315366,80.737641,571.6,80.9
,6.969319,80.400726,441.6,80.9
,7.237301,81.209533,431.6,80.9
,6.512162,80.362832,341.6,80.9
,7.119971,80.217281,331.6,80.9
,7.381971,81.122984,231.6,80.9
,6.287461,80.283842,221.6,80.9
,6.864917,81.090294,1181.5,80.8
,6.667569,80.31332,491.5,80.8
,6.182408,80.633635,201.5,80.8
,7.013417,80.815869,2151.4,80.7
,7.218516,80.793067,781.4,80.7
,6.8116,81.263422,501.4,80.7
,7.246545,81.187265,341.4,80.7
,7.606913,80.494541,231.4,80.7
,7.178166,81.433565,201.4,80.7
,6.945287,80.589977,1481.3,80.6
,7.233915,80.532268,631.3,80.6
,7.49576,80.658795,561.3,80.6
,6.524198,80.510658,521.3,80.6
,7.164181,80.210165,301.3,80.6
,6.440982,80.253592,251.3,80.6
,7.260081,80.334744,321.2,80.5
,7.22851,80.978614,291.2,80.5
,6.255768,80.338366,241.2,80.5
,6.488621,80.157255,221.2,80.5
,8.185919,80.842388,211.2,80.5
,6.940863,81.113692,1871.1,80.4
,7.152799,80.532583,811.1,80.4
,6.697356,80.81313,621.1,80.4
,7.346011,80.668346,581.1,80.4
,7.417224,80.412044,541.1,80.4
,7.003328,81.32824,441.1,80.4
,6.562581,80.315859,431.1,80.4
,6.878072,81.256975,381.1,80.4
,6.405166,80.734189,291.1,80.4
,7.663974,80.802602,281.1,80.4
,8.182642,80.627292,231.1,80.4
,7.113721,80.511148,851.0,80.3
,6.627905,80.786535,621.0,80.3
,7.211787,81.223634,401.0,80.3
,6.136167,80.391321,281.0,80.3
,6.360402,80.787344,261.0,80.3
,6.141581,80.374782,251.0,80.3
,6.290559,80.424558,241.0,80.3
,7.430289,81.08307,211.0,80.3
,6.769422,80.174545,211.0,80.3
,6.136989,80.401891,201.0,80.3
Ahumulu Kanda,6.943151,80.820207,1970.9,80.2
,6.885893,80.90137,1220.9,80.2
,6.264853,80.544683,340.9,80.2
,7.373938,80.937101,290.9,80.2
,6.812167,81.238995,270.9,80.2
,6.587398,81.065971,250.9,80.2
,7.879898,80.906819,230.9,80.2
,7.070824,81.37204,230.9,80.2
,7.015832,80.615474,1490.8,80.1
,7.256221,80.708848,630.8,80.1
,6.596357,81.055395,330.8,80.1
,6.885249,80.166799,270.8,80.1
,7.403628,80.374823,260.8,80.1
,6.902015,81.181531,760.7,80.0
Mulawella,6.424039,80.427179,750.7,80.0
,7.215902,81.413246,690.7,80.0
,7.737203,80.902967,340.7,80.0
,8.6286,80.581328,220.7,80.0
,7.213362,81.48088,350.6,79.9
,7.765089,80.52354,340.6,79.9
,7.161363,81.422405,290.6,79.9
,7.636428,80.419746,250.6,79.9
,6.891916,81.470894,220.6,79.9
,7.229406,81.238321,310.5,79.8
,7.685392,80.887994,270.5,79.8
,6.908128,80.243051,220.5,79.8
,6.092615,80.668352,220.5,79.8
,6.777659,81.29297,220.5,79.8
,6.862035,80.782197,2010.4,79.7
,6.994391,80.590501,1520.4,79.7
,6.808253,81.347284,490.4,79.7
,6.185631,80.540652,390.4,79.7
,7.159355,80.259061,220.4,79.7
,6.59166,80.374432,640.3,79.6
,6.533035,80.343013,390.3,79.6
,6.909356,80.391001,260.3,79.6
,7.098375,80.313988,260.3,79.6
,6.847927,80.742837,1690.2,79.5
,7.489793,80.887672,450.2,79.5
,7.185217,81.206224,420.2,79.5
,6.634428,80.269398,330.2,79.5
,6.535457,80.320767,330.2,79.5
,6.178785,80.42653,260.2,79.5
,7.03958,81.155853,1390.1,79.4
,7.729598,80.622559,480.1,79.4
,6.749021,81.16512,270.1,79.4
,7.138372,80.180865,260.1,79.4
,7.094144,80.173589,240.1,79.4
,6.581468,80.989191,250.0,79.3
,7.040916,81.595474,200.0,79.3
,7.311536,80.950665,789.9,79.2
,7.436348,80.657452,579.9,79.2
,6.291058,80.364908,419.9,79.2
,6.594451,81.067602,299.9,79.2
,6.224704,80.553918,249.9,79.2
,7.476707,81.516356,239.9,79.2
,7.28942,80.37873,219.9,79.2
,7.090192,80.723809,2079.8,79.1
,7.762717,80.707138,779.8,79.1
,7.654726,80.6302,539.8,79.1
,7.011256,80.279319,259.8,79.1
,7.33158,80.533574,619.7,79.0
,6.674217,80.495383,309.7,79.0
,6.981723,80.316004,289.7,79.0
,7.334895,81.275654,229.7,79.0
,8.029119,80.837191,229.7,79.0
,7.643357,80.787101,549.6,78.9
,7.149541,80.21806,339.6,78.9
,7.299425,81.209321,309.6,78.9
,6.364201,80.794123,259.6,78.9
,6.898728,81.450273,239.6,78.9
,7.116781,80.765632,1199.5,78.8
,6.600503,80.807697,569.5,78.8
,7.776095,80.372302,329.5,78.8
,7.845086,80.474796,279.5,78.8
,6.511136,80.443666,719.4,78.7
,6.459791,80.350127,339.4,78.7
,6.859556,81.321016,299.4,78.7
,7.146704,81.429446,299.4,78.7
,7.925476,80.654323,279.4,78.7
,7.348193,80.810735,1339.3,78.6
,6.915935,81.065894,1059.3,78.6
,7.1987,80.882438,329.3,78.6
,6.860967,80.282463,259.3,78.6
,7.094928,81.149923,1409.2,78.5
,6.64874,81.009841,499.2,78.5
,6.764538,81.0905,379.2,78.5
,7.36583,81.472151,349.2,78.5
,6.539164,80.613191,349.2,78.5
,6.922434,80.182226,249.2,78.5
,6.664249,80.249832,369.1,78.4
,7.261278,81.358976,339.1,78.4
,6.179703,80.663726,239.1,78.4
,6.669581,81.097222,259.0,78.3
,7.34871,80.259389,219.0,78.3
,7.441784,80.708276,1348.9,78.2
,7.052074,80.415595,1158.9,78.2
,7.236654,80.244576,288.9,78.2
,6.608865,80.556193,238.9,78.2
,7.026437,80.831348,1938.8,78.1
,7.545142,80.690318,808.8,78.1
,6.308524,80.526497,668.8,78.1
,7.403744,80.537068,658.8,78.1
,7.381952,80.406094,628.8,78.1
,6.579979,80.106685,258.8,78.1
,6.187677,80.343302,228.8,78.1
,7.730864,80.457744,228.8,78.1
,6.559135,80.413793,558.7,78.0
,7.751814,80.555371,298.7,78.0
,6.159323,80.56018,218.7,78.0
,6.621662,80.83483,728.6,77.9
,6.452913,80.71764,618.6,77.9
,6.856125,81.229537,428.6,77.9
,7.176733,80.273166,238.6,77.9
,7.585558,80.8896,238.6,77.9
,7.063876,80.831624,1738.5,77.8
,7.256769,80.760467,668.5,77.8
,7.03503,81.359504,388.5,77.8
,7.208333,81.141322,358.5,77.8
,6.244415,80.391242,288.5,77.8
,6.88281,81.108765,1578.4,77.7
,7.01527,80.566054,1128.4,77.7
,7.744507,80.592364,448.4,77.7
,7.666745,81.205332,308.4,77.7
,7.690449,80.46702,268.4,77.7
,7.067028,81.092057,1148.3,77.6
,6.914018,80.458051,858.3,77.6
,6.461216,80.441529,518.3,77.6
,7.701137,80.719658,278.3,77.6
Saptha Kanya 2,6.893691,80.489826,1398.2,77.5
,7.105296,80.196659,228.2,77.5
,6.40449,80.404954,708.1,77.4
,7.354419,80.661007,598.1,77.4
,7.17257,80.19413,288.1,77.4
,6.802078,80.793053,2218.0,77.3
,6.809029,80.45975,1358.0,77.3
,6.965261,81.398513,298.0,77.3
,7.453183,80.771604,1357.9,77.2
,7.105551,80.460909,1137.9,77.2
Little Adam's Peak,6.865205,81.06342,1127.9,77.2
,6.352445,80.472242,587.9,77.2
,6.562062,80.098029,207.9,77.2
,7.440433,80.76345,1757.8,77.1
,7.049998,80.982066,837.8,77.1
,7.402384,80.529187,647.8,77.1
,7.545949,80.890405,347.8,77.1
,6.830872,81.252856,337.8,77.1
,6.714136,80.222371,317.8,77.1
,7.349099,81.178392,317.8,77.1
,6.783817,80.189182,277.8,77.1
,6.805871,80.701042,1797.7,77.0
,7.128131,80.979384,727.7,77.0
,7.096421,81.494822,357.7,77.0
,6.694935,80.279104,317.7,77.0
,6.828502,81.424119,267.7,77.0
,6.804788,80.834851,2207.6,76.9
Single Tree,6.958074,80.762378,2097.6,76.9
,6.886992,80.824546,1837.6,76.9
,6.931183,80.599213,1347.6,76.9
,7.211886,81.106554,517.6,76.9
,7.496847,80.66396,487.6,76.9
,7.025277,80.203818,277.6,76.9
,6.225233,80.524097,277.6,76.9
,7.006871,80.238324,247.6,76.9
,6.138045,80.362316,237.6,76.9
,7.272747,80.935707,947.5,76.8
,7.294624,80.439586,317.4,76.7
,8.092331,80.812157,317.4,76.7
,6.898001,80.167869,237.4,76.7
,7.115665,80.946516,677.3,76.6
,6.297706,80.613268,457.3,76.6
,7.0292,81.458334,387.3,76.6
,6.880247,80.30063,347.3,76.6
,6.467826,80.239732,287.3,76.6
,7.387903,80.385708,277.3,76.6
,6.071075,80.420096,207.3,76.6
,6.81966,80.549855,1257.2,76.5
,7.053161,81.134682,1147.2,76.5
,7.184558,80.984027,497.2,76.5
,6.750661,80.404154,397.2,76.5
,7.84655,80.757725,327.2,76.5
,8.064384,80.849989,227.2,76.5
,6.452769,80.389731,647.1,76.4
,6.702485,80.235409,337.1,76.4
,7.577025,81.122594,237.1,76.4
,6.572825,80.698093,477.0,76.3
,7.174482,80.204449,287.0,76.3
,7.298744,80.516203,706.9,76.2
,7.203659,81.211946,346.9,76.2
,7.776286,80.748208,306.9,76.2
,7.300382,80.534678,736.8,76.1
,6.984937,81.277989,406.8,76.1
,7.293961,81.247896,286.8,76.1
,6.796894,80.607134,1416.7,76.0
,6.786775,80.16801,236.7,76.0
,7.229367,80.738463,696.6,75.9
,6.657162,80.983254,496.6,75.9
,7.268416,81.489387,376.6,75.9
,6.182831,80.392642,276.6,75.9
,6.768091,80.195714,216.6,75.9
,7.037825,80.677652,1676.5,75.8
,7.164768,80.603199,786.5,75.8
,6.865746,81.363096,526.5,75.8
,6.685717,80.283998,396.5,75.8
,6.5869,80.579263,326.5,75.8
,7.418062,81.370051,306.5,75.8
,6.534353,80.300695,306.5,75.8
,6.696414,80.419663,276.5,75.8
,6.836351,81.4377,216.5,75.8
,7.176454,80.266104,216.5,75.8
,6.93473,80.886179,1206.4,75.7
,7.321055,80.868881,1156.4,75.7
,6.879268,80.423871,576.4,75.7
,7.503636,80.858589,486.4,75.7
,6.451806,80.22673,326.4,75.7
,8.403186,80.936138,206.4,75.7
,7.518788,80.571801,686.3,75.6
,6.677272,80.875538,446.3,75.6
,7.15243,81.16355,396.3,75.6
,6.986896,80.334734,256.3,75.6
,6.961363,81.470452,216.3,75.6
,6.961,81.010806,1206.2,75.5
,7.4016,80.592509,706.2,75.5
,6.881904,81.222232,446.2,75.5
,7.330956,81.389226,206.2,75.5
,7.185664,80.621663,766.1,75.4
,7.181402,81.224691,346.1,75.4
,6.355519,80.782191,306.1,75.4
,6.317737,80.505071,556.0,75.3
,7.696773,80.624475,486.0,75.3
,6.711877,81.135512,446.0,75.3
,7.693181,80.493669,286.0,75.3
,7.559945,80.444549,266.0,75.3
,7.011137,81.376037,256.0,75.3
,7.194852,81.015271,246.0,75.3
,6.98791,81.288038,385.9,75.2
,6.488718,80.673152,325.9,75.2
,6.899444,80.607641,1445.8,75.1
,6.93552,80.962197,1105.8,75.1
,7.650908,80.57908,495.8,75.1
,7.813182,80.781393,265.8,75.1
,7.178626,80.678708,1205.7,75.0
,6.288768,80.67021,485.7,75.0
,6.24059,80.356272,445.7,75.0
,7.178077,80.902806,385.7,75.0
,7.168133,80.353575,355.7,75.0
,6.440083,80.175485,205.7,75.0
,7.510086,80.531845,315.6,74.9
,6.661801,80.90294,275.6,74.9
,7.391822,80.566424,685.5,74.8
,7.175304,81.042967,435.5,74.8
,7.724471,80.752563,415.5,74.8
,6.571238,80.289537,305.5,74.8
,7.216616,80.276925,235.5,74.8
,6.764188,81.439773,205.5,74.8
,7.308241,80.218952,205.5,74.8
,7.237584,80.355684,285.4,74.7
,7.632498,80.696282,655.3,74.6
,7.019719,80.331988,265.3,74.6
,6.766872,81.46013,265.3,74.6
,6.321582,80.61787,405.2,74.5
,8.052992,80.839099,265.2,74.5
,7.185993,80.307381,235.2,74.5
,7.310478,80.854206,1465.1,74.4
,6.863445,80.319376,305.1,74.4
,7.645782,80.894238,285.1,74.4
,6.812562,80.470604,1415.0,74.3
,6.553253,80.989179,225.0,74.3
,6.874077,81.42418,454.9,74.2
,7.379956,81.45913,344.9,74.2
,6.848869,81.408675,314.9,74.2
,7.851132,80.61653,244.9,74.2
,6.490282,81.050996,214.9,74.2
,6.449652,80.680483,984.8,74.1
,6.470986,80.446404,834.8,74.1
,6.563595,80.664998,364.8,74.1
,7.861054,81.125818,354.8,74.1
,6.402627,80.160343,214.8,74.1
,7.488923,80.227423,204.8,74.1
,7.603736,80.879816,504.7,74.0
,6.569277,80.611011,334.7,74.0
,7.889831,80.45327,274.7,74.0
,7.418802,80.356057,224.7,74.0
,6.650421,80.824522,564.6,73.9
,7.295834,80.757749,534.6,73.9
,7.031905,81.463768,334.6,73.9
,7.329137,81.516925,314.6,73.9
,7.264288,81.04003,214.6,73.9
,6.985741,80.849536,2064.5,73.8
,6.896961,81.03765,1304.5,73.8
,7.461588,80.704196,1244.5,73.8
,6.862484,81.368792,624.5,73.8
,6.22109,80.400476,334.5,73.8
,7.685405,80.745767,254.5,73.8
,6.932815,81.310783,364.4,73.7
,7.75566,80.68674,334.4,73.7
,7.110042,80.316421,304.4,73.7
,7.592822,80.520651,274.4,73.7
,7.446665,80.694142,1144.3,73.6
,7.644429,80.881457,414.3,73.6
,7.772725,80.602688,284.3,73.6
,6.806625,80.205982,274.3,73.6
,7.3533,80.566986,594.2,73.5
,6.65907,80.961548,524.2,73.5
,7.700869,80.766978,254.2,73.5
,7.349413,81.557716,244.2,73.5
,6.479,80.29044,224.2,73.5
,6.87532,80.682029,1534.1,73.4
,6.965284,80.447157,814.1,73.4
,7.599372,80.600039,514.1,73.4
,7.010106,81.332321,384.1,73.4
,7.295092,80.35074,314.1,73.4
,6.526665,80.99161,204.1,73.4
,6.848495,81.263731,504.0,73.3
,7.54617,80.536446,304.0,73.3
,6.829746,80.844626,1983.9,73.2
,6.950401,81.046367,1013.9,73.2
,7.177772,80.561634,693.9,73.2
,6.378848,80.720903,383.9,73.2
,6.912325,81.180454,753.8,73.1
,6.325944,80.719824,433.8,73.1
,6.522368,80.811218,203.8,73.1
,6.511242,80.711395,303.7,73.0
,6.253892,80.367106,293.7,73.0
,6.861039,81.19534,533.6,72.9
,7.455131,81.437503,433.6,72.9
,7.015391,81.440393,403.6,72.9
,7.143403,80.309326,373.6,72.9
,6.664848,81.476809,243.6,72.9
,6.234517,80.737999,213.6,72.9
,6.761654,80.81232,1993.5,72.8
,7.78958,80.77024,433.5,72.8
,6.311809,80.599164,413.5,72.8
,6.566415,80.356005,363.5,72.8
,6.790862,80.181574,303.5,72.8
,6.72031,80.450852,253.5,72.8
,7.721215,80.810221,213.5,72.8
,6.973094,81.180234,1243.4,72.7
,7.112386,80.551616,893.4,72.7
,6.919721,81.371306,773.4,72.7
,6.688404,80.809873,583.4,72.7
,6.538287,80.477014,573.4,72.7
,7.137344,81.003562,343.4,72.7
,7.252629,81.029428,273.4,72.7
,7.912742,80.744934,273.4,72.7
,7.348048,80.414003,213.4,72.7
,7.329731,80.657753,553.3,72.6
,6.717603,81.093455,353.3,72.6
,7.886698,80.731604,273.3,72.6
,6.846014,80.897288,1443.2,72.5
,7.592886,80.87356,393.2,72.5
,7.10101,80.591002,973.1,72.4
,7.361471,80.655027,613.1,72.4
,6.35977,80.471966,493.1,72.4
,7.861737,80.712563,323.1,72.4
,6.524947,80.407579,323.1,72.4
,6.925306,80.326376,323.1,72.4
,6.887049,80.321254,283.1,72.4
,6.831677,81.481392,203.1,72.4
,7.229047,80.562154,633.0,72.3
,6.546467,80.556763,573.0,72.3
,6.429759,80.462432,483.0,72.3
,7.537536,80.648998,483.0,72.3
,8.079039,80.803445,283.0,72.3
,6.829025,81.438505,203.0,72.3
,6.951642,81.439489,203.0,72.3
Danigala,7.252028,81.379611,542.9,72.2
,6.34761,80.570407,522.9,72.2
,6.547783,80.478364,522.9,72.2
,7.008422,80.175329,222.9,72.2
,7.350081,80.674323,592.8,72.1
,6.719989,81.16971,292.8,72.1
,6.931723,80.591612,1322.7,72.0
,7.136257,80.544543,892.7,72.0
,6.361645,80.433458,612.7,72.0
,6.679124,81.013383,472.7,72.0
,7.472965,80.635154,442.7,72.0
,6.512852,80.628118,292.7,72.0
,6.551127,80.784635,242.7,72.0
,6.793248,81.15647,322.6,71.9
,8.172611,80.646354,292.6,71.9
,6.952118,80.281011,222.6,71.9
,6.841944,80.896472,1432.5,71.8
,7.503913,80.81564,852.5,71.8
,7.738572,80.70143,752.5,71.8
,7.12168,81.475308,362.5,71.8
,7.230196,81.261141,352.5,71.8
,6.565742,80.586867,252.5,71.8
,8.127267,80.553537,212.5,71.8
,6.401024,80.50096,932.4,71.7
,7.372241,81.350696,462.4,71.7
,7.091724,81.362562,332.4,71.7
,7.316106,80.515921,332.4,71.7
,6.927734,80.312528,292.4,71.7
,7.196784,80.252228,202.4,71.7
,6.604843,80.81665,572.3,71.6
,6.457857,80.309988,212.3,71.6
,7.956398,80.910652,202.3,71.6
,7.094219,81.318299,502.2,71.5
,6.503311,81.037983,282.2,71.5
,7.304769,80.264873,202.2,71.5
,7.064049,80.468812,1092.1,71.4
,6.456339,80.44994,532.1,71.4
,6.500664,80.735537,242.1,71.4
,6.337722,80.365684,232.1,71.4
,6.799422,81.463161,212.1,71.4
,6.792855,80.780839,2232.0,71.3
,6.883431,80.588644,1362.0,71.3
,6.972495,80.310855,292.0,71.3
,8.076522,80.24299,272.0,71.3
,6.185501,80.336798,202.0,71.3
,6.915202,80.86337,1221.9,71.2
,7.174702,81.13043,671.9,71.2
,6.460863,80.334124,411.9,71.2
,7.869011,80.559934,251.9,71.2
,7.675542,80.486338,241.9,71.2
,7.53347,80.889858,241.9,71.2
,7.108643,80.775138,1361.8,71.1
,6.889356,81.053119,1021.8,71.1
,7.27793,80.774866,551.8,71.1
,7.688904,80.617135,461.8,71.1
,6.60054,80.292221,341.8,71.1
,6.927234,80.358137,331.8,71.1
,6.595646,80.281103,281.8,71.1
,6.914627,80.970605,1251.7,71.0
,6.383406,80.534325,941.7,71.0
,7.206105,80.345391,321.7,71.0
,7.479217,80.872448,521.6,70.9
,6.185818,80.396164,281.6,70.9
,7.17427,80.253884,231.6,70.9
,7.055705,80.958171,841.5,70.8
,7.34647,81.5338,451.5,70.8
,7.811281,80.813492,331.5,70.8
,6.344234,80.367848,201.5,70.8
,7.092502,80.423168,911.4,70.7
,7.27241,80.484159,571.4,70.7
,6.334886,80.654744,471.4,70.7
,6.657973,80.990852,441.4,70.7
,6.315054,80.569878,441.4,70.7
,6.832551,80.354691,391.4,70.7
,7.380639,80.462348,341.4,70.7
,7.167922,80.165888,251.4,70.7
,6.629372,80.377386,231.4,70.7
,7.872706,80.411114,211.4,70.7
,6.790922,80.596551,1491.3,70.6
,7.365421,81.380306,251.3,70.6
,6.525581,80.565724,441.2,70.5
,6.791497,80.806623,2181.1,70.4
,6.883196,80.75125,1891.1,70.4
,6.872059,80.894851,1241.1,70.4
,7.324555,80.249907,291.1,70.4
,7.163681,80.245747,251.1,70.4
,7.228716,80.187267,251.1,70.4
,6.606706,80.581968,241.1,70.4
,6.652593,80.790877,611.0,70.3
,7.269789,80.740905,581.0,70.3
,7.187268,80.989733,441.0,70.3
,7.83968,80.504181,341.0,70.3
,7.191138,81.254309,331.0,70.3
,6.86941,80.316113,281.0,70.3
,7.893449,80.608351,231.0,70.3
,7.270309,80.925653,1010.9,70.2
,6.959826,81.149544,950.9,70.2
,6.840444,80.385899,510.9,70.2
,6.676966,80.986519,480.9,70.2
,6.366639,80.718193,380.9,70.2
,7.132589,81.205088,370.9,70.2
Narangala,7.292091,80.333898,290.9,70.2
,6.777227,81.174913,270.9,70.2
,6.789022,80.959697,1450.8,70.1
,6.96524,80.388512,490.8,70.1
,6.270012,80.199541,210.8,70.1
,8.04633,80.183697,200.8,70.1
,6.776844,80.714074,1630.7,70.0
,7.610775,80.62233,590.7,70.0
,6.557338,80.604775,330.7,70.0
,7.762954,80.590996,300.7,70.0
,7.373211,80.339252,270.7,70.0
,8.097746,80.674688,260.7,70.0
,7.880728,80.83608,220.7,70.0
,7.170043,80.365253,210.7,70.0
,6.778731,80.902428,1640.6,69.9
,6.655529,80.99682,370.6,69.9
,7.579234,80.483412,240.6,69.9
,7.454522,80.649565,450.5,69.8
,7.720397,80.710408,330.5,69.8
,7.767334,80.751745,300.5,69.8
,6.181591,80.619539,260.5,69.8
,7.04104,80.227423,200.5,69.8
,7.135981,80.536123,850.4,69.7
,7.107743,81.059223,650.4,69.7
,7.337778,81.359075,530.4,69.7
,7.40839,80.942278,320.4,69.7
,7.229572,81.332042,310.4,69.7
,6.690489,80.484791,270.4,69.7
,6.761622,80.597105,1960.3,69.6
,6.918087,80.458049,850.3,69.6
,6.671042,80.767271,630.3,69.6
,6.379644,81.325643,290.3,69.6
,7.246758,80.304874,260.3,69.6
,7.166656,80.23841,240.3,69.6
,7.46947,81.462801,240.3,69.6
,7.37612,80.654207,660.2,69.5
,6.938323,81.231516,490.2,69.5
,7.678043,80.595384,450.2,69.5
,7.546226,80.867025,280.2,69.5
,6.78674,80.400598,530.1,69.4
,7.098517,81.354152,410.1,69.4
,7.189552,80.339974,370.1,69.4
,6.717836,80.405536,290.1,69.4
,8.05652,80.830118,260.1,69.4
,7.009422,80.345031,210.1,69.4
,7.668989,80.428421,200.1,69.4
,6.820789,80.869867,1890.0,69.3
,6.661003,80.80146,570.0,69.3
,7.83597,80.773232,540.0,69.3
,7.602385,80.85317,240.0,69.3
,7.015588,80.753959,2319.9,69.2
,6.895502,80.368752,399.9,69.2
,7.62354,80.880365,359.9,69.2
,7.950448,80.830648,339.9,69.2
,6.585375,80.321264,319.9,69.2
,7.042097,80.204341,309.9,69.2
,7.621103,80.862147,269.9,69.2
,7.693265,80.863793,219.9,69.2
,7.476209,80.601992,949.8,69.1
,6.858076,80.382627,659.8,69.1
,7.269673,80.449656,309.8,69.1
,7.057146,80.32109,289.8,69.1
,6.21845,80.523558,289.8,69.1
,6.611263,81.081449,269.8,69.1
,7.594963,80.474701,239.8,69.1
,6.878041,80.757223,1919.7,69.0
,6.690786,80.533092,529.7,69.0
,6.54189,80.663375,439.7,69.0
,6.891147,80.352468,299.7,69.0
,6.572559,80.80661,229.7,69.0
,7.398783,81.383612,219.7,69.0
,6.923882,80.682834,1429.6,68.9
,6.969973,80.966012,989.6,68.9
,7.227707,80.248933,249.6,68.9
,7.108738,81.18008,919.5,68.8
,7.742318,80.552384,299.5,68.8
,7.33209,80.479501,289.5,68.8
,6.719049,80.249502,279.5,68.8
,6.801901,80.361503,269.5,68.8
,7.094321,80.330287,239.5,68.8
,7.164233,80.926705,1119.4,68.7
,7.552735,80.674276,659.4,68.7
,7.593418,80.638921,499.4,68.7
,6.195877,80.425705,339.4,68.7
,6.976586,80.333386,329.4,68.7
,6.255408,80.780021,229.4,68.7
,7.370399,80.58437,589.3,68.6
,7.373288,80.427026,329.3,68.6
,7.200597,80.890316,289.3,68.6
,7.224369,81.370609,289.3,68.6
,6.732003,81.057371,799.2,68.5
,6.688673,80.72304,729.2,68.5
,6.176434,80.612492,259.2,68.5
,7.917344,80.677726,249.2,68.5
,7.337884,80.809647,1179.1,68.4
,7.234521,80.814258,799.1,68.4
,6.70894,81.063599,509.1,68.4
,7.400266,80.656647,469.1,68.4
,7.152178,81.394417,329.1,68.4
,6.433091,80.230547,249.1,68.4
,6.57036,80.94985,219.1,68.4
,7.188946,80.773508,839.0,68.3
,6.256166,80.534384,449.0,68.3
,6.30153,80.764566,339.0,68.3
,6.629197,81.029367,329.0,68.3
,6.811685,80.382665,279.0,68.3
,7.03925,80.330611,279.0,68.3
,7.73821,81.336766,239.0,68.3
,7.342439,80.54797,598.9,68.2
,7.308195,81.370176,318.9,68.2
,6.24388,80.401274,278.9,68.2
,7.781965,80.649469,278.9,68.2
,6.304014,80.287894,258.9,68.2
,6.392204,81.244572,238.9,68.2
,7.194524,80.178347,218.9,68.2
,7.243466,80.681682,718.8,68.1
,7.746143,80.61249,358.8,68.1
,8.272444,80.897958,268.8,68.1
,7.063506,80.186392,248.8,68.1
,8.049421,80.575354,208.8,68.1
,6.866093,80.669815,1518.7,68.0
,7.038759,81.164813,1398.7,68.0
,6.93061,81.022737,1328.7,68.0
,7.075803,80.886484,1308.7,68.0
,6.34274,80.606746,808.7,68.0
,7.388057,80.652302,798.7,68.0
,6.585037,80.719524,488.7,68.0
,7.650946,80.698182,368.7,68.0
,7.271497,80.358369,358.7,68.0
,7.799051,80.631783,288.7,68.0
,7.203578,80.651266,1098.6,67.9
,7.853603,80.789011,398.6,67.9
,6.205723,80.579409,378.6,67.9
,6.917745,80.365204,318.6,67.9
,7.351708,80.271341,278.6,67.9
,7.590044,81.126139,218.6,67.9
,6.865504,81.013474,1448.5,67.8
,6.904562,81.029782,1388.5,67.8
,7.273041,80.842517,1158.5,67.8
,6.389598,80.447542,608.5,67.8
,7.056444,81.557486,328.5,67.8
,7.527507,80.868109,328.5,67.8
,6.944456,81.002653,1258.4,67.7
,7.144107,80.512488,818.4,67.7
,7.684026,80.633182,478.4,67.7
,6.891123,80.325865,378.4,67.7
,7.679149,80.652491,368.4,67.7
,7.140827,81.361538,298.4,67.7
Rathmalkanda,8.013913,80.649398,238.4,67.7
,7.121665,80.275399,208.4,67.7
,6.911121,80.910878,1198.3,67.6
,7.242324,80.531177,648.3,67.6
Ritagala,7.345725,81.491412,528.3,67.6
,7.472606,81.088807,318.3,67.6
,7.289043,80.272498,258.3,67.6
,6.482685,81.051806,208.3,67.6
,7.043913,80.387361,1028.2,67.5
,7.544856,80.634315,448.2,67.5
,6.8515,81.242562,368.2,67.5
,7.19084,80.841962,318.2,67.5
,6.316229,80.295746,268.2,67.5
,7.462465,80.341611,218.2,67.5
,7.367723,80.837096,1478.1,67.4
,6.934597,80.404283,388.1,67.4
,6.945706,80.38717,358.1,67.4
,6.883365,80.178474,298.1,67.4
,6.60235,81.006835,238.1,67.4
,7.659347,80.891251,228.1,67.4
,7.100997,80.561399,648.0,67.3
,7.606154,80.598677,498.0,67.3
,7.567885,80.560087,408.0,67.3
,7.778455,80.735152,348.0,67.3
,7.50411,80.518257,248.0,67.3
,6.700071,80.78925,647.9,67.2
,6.927239,80.36411,337.9,67.2
,7.374111,80.439254,337.9,67.2
,7.181015,81.01798,237.9,67.2
,7.057572,80.524758,837.8,67.1
,7.671841,80.801787,257.8,67.1
,6.227853,80.374175,237.8,67.1
,7.120089,81.616253,207.8,67.1
,6.900136,81.157641,1067.7,67.0
,7.004116,81.04857,957.7,67.0
,6.986245,80.979594,857.7,67.0
,6.412642,80.423119,607.7,67.0
,7.346219,80.515632,507.7,67.0
,7.667477,80.63074,457.7,67.0
,7.860114,80.780305,367.7,67.0
,7.178741,80.384802,337.7,67.0
,7.754412,81.390638,257.7,67.0
,7.184531,80.213943,237.7,67.0
,6.697253,80.456566,217.7,67.0
,7.384869,81.220545,217.7,67.0
,6.917021,80.192005,207.7,67.0
,6.776577,80.762383,2207.6,66.9
,6.713812,81.081784,377.6,66.9
,7.489351,80.372027,317.6,66.9
,7.471475,80.40466,247.6,66.9
,7.435003,80.835475,1047.5,66.8
,6.657542,80.325268,557.5,66.8
,7.236581,81.096249,497.5,66.8
,6.678062,80.957756,427.5,66.8
,7.351062,80.453402,417.5,66.8
,7.253243,81.477954,297.5,66.8
,6.791979,80.531413,1607.4,66.7
,7.342763,80.842799,1467.4,66.7
,6.562024,80.300397,347.4,66.7
,7.666673,80.885814,337.4,66.7
,7.251148,80.3554,267.4,66.7
,7.257569,80.664835,797.3,66.6
,7.832984,80.738139,357.3,66.6
,7.671842,80.792269,347.3,66.6
,7.248613,80.264393,247.3,66.6
,6.142681,80.394569,237.3,66.6
,6.844397,80.839199,2007.2,66.5
,6.860675,80.835401,1947.2,66.5
,7.090714,80.628756,1427.2,66.5
Naigala,6.381554,80.673716,1077.2,66.5
,7.04481,81.046965,987.2,66.5
,6.529873,80.471593,297.2,66.5
,6.857798,81.425787,237.2,66.5
,7.701953,80.741142,337.1,66.4
,6.847527,80.423352,937.0,66.3
,6.874355,80.384514,527.0,66.3
,6.987215,80.388765,427.0,66.3
,7.191383,80.837344,337.0,66.3
,7.57585,80.330895,327.0,66.3
,7.243497,81.252734,287.0,66.3
,6.321381,80.292758,267.0,66.3
,7.239085,80.989214,217.0,66.3
,8.188633,80.717685,217.0,66.3
,6.803973,80.846522,2106.9,66.2
,6.659346,80.606368,1326.9,66.2
,6.461511,80.478958,676.9,66.2
,7.806671,80.796626,266.9,66.2
,6.62623,80.560798,256.9,66.2
,8.145223,80.688017,226.9,66.2
,7.342444,80.559111,586.8,66.1
,6.477188,80.392153,516.8,66.1
,6.390516,80.746665,316.8,66.1
,7.278825,81.19137,256.8,66.1
,7.632489,80.895322,216.8,66.1
,7.040596,80.319748,216.8,66.1
,6.837552,81.347319,206.8,66.1
,6.675085,80.615045,1036.7,66.0
,7.273039,80.856102,916.7,66.0
,7.086118,80.694751,1646.6,65.9
,6.308294,80.638481,416.6,65.9
,6.827641,80.325925,266.6,65.9
,6.706753,80.46253,266.6,65.9
,7.785131,80.472391,246.6,65.9
,7.224773,80.294302,246.6,65.9
,7.427671,80.27506,236.6,65.9
,6.60129,80.943621,216.6,65.9
,7.773969,80.421535,206.6,65.9
,7.232591,80.950363,556.5,65.8
,6.549974,80.515528,496.5,65.8
,6.701755,81.467908,356.5,65.8
,7.375894,81.454776,346.5,65.8
,7.201723,81.24943,316.5,65.8
,6.798552,80.782467,2236.4,65.7
,6.650422,80.805258,646.4,65.7
,7.319353,81.342205,376.4,65.7
,7.158054,80.310669,346.4,65.7
,6.192071,80.414865,296.4,65.7
,6.307994,80.555781,246.4,65.7
,6.233123,80.575875,236.4,65.7
,7.270078,80.294797,216.4,65.7
,7.891307,80.837714,206.4,65.7
,6.52458,80.293922,326.3,65.6
,6.31241,80.272973,276.3,65.6
,7.022672,80.299944,216.3,65.6
,7.006634,80.8232,2026.2,65.5
,6.789501,81.085631,496.2,65.5
,6.947006,81.229352,496.2,65.5
,6.561958,80.631088,396.2,65.5
,7.168865,80.841415,356.2,65.5
,7.530494,80.855061,326.2,65.5
,7.877745,80.732149,316.2,65.5
,7.384722,81.531419,256.2,65.5
,6.677806,80.641365,976.1,65.4
,7.117805,80.536404,786.1,65.4
,7.459334,80.49518,656.1,65.4
,6.657739,80.683157,606.1,65.4
,7.223801,80.417634,356.1,65.4
,6.631394,80.971305,256.1,65.4
,6.748628,80.844072,886.0,65.3
,7.210322,80.549938,646.0,65.3
,6.660701,80.952866,426.0,65.3
,6.427774,80.343916,336.0,65.3
,6.948064,80.295947,286.0,65.3
,8.138108,80.535563,216.0,65.3
,7.451887,81.208382,216.0,65.3
,6.928666,80.455055,865.9,65.2
,6.388532,80.479542,625.9,65.2
,7.223117,80.877554,615.9,65.2
,6.441147,80.451306,355.9,65.2
,6.469071,80.42308,345.9,65.2
,7.11781,80.225431,245.9,65.2
,7.332007,81.179463,235.9,65.2
,6.881176,81.389445,1085.8,65.1
,6.708154,81.010955,655.8,65.1
,7.070364,80.932378,645.8,65.1
,6.527759,80.585254,375.8,65.1
,6.853142,80.325358,305.8,65.1
,8.155519,80.640914,225.8,65.1
,6.829986,80.964599,1355.7,65.0
,6.847631,80.933661,1345.7,65.0
,7.190841,80.721896,1115.7,65.0
,7.169292,81.108696,1105.7,65.0
,7.204642,80.58933,555.7,65.0
,7.225957,80.39916,395.7,65.0
,7.017076,81.39831,375.7,65.0
,6.616206,80.594445,245.7,65.0
,7.082509,81.356033,245.7,65.0
,6.974675,81.45744,225.7,65.0
,7.551559,80.477178,225.7,65.0
,6.71554,81.286934,205.7,65.0
,6.933359,80.937762,1185.6,64.9
,7.683436,80.528212,315.6,64.9
,7.241309,80.283146,235.6,64.9
,6.868272,80.721934,1505.5,64.8
,6.965661,80.873697,1405.5,64.8
,7.052422,81.019542,1165.5,64.8
,6.793259,80.410364,825.5,64.8
,6.598595,80.680183,565.5,64.8
,7.389362,80.529466,555.5,64.8
,6.640841,81.068986,355.5,64.8
,6.467811,80.225899,265.5,64.8
,7.385709,80.35935,265.5,64.8
,6.965936,80.84736,1525.4,64.7
,7.134096,80.566001,605.4,64.7
,6.456986,80.760494,485.4,64.7
,7.123538,80.252312,335.4,64.7
,7.05215,81.529239,285.4,64.7
,6.186373,80.414055,255.4,64.7
,7.202528,80.29514,215.4,64.7
,7.698968,80.826536,205.4,64.7
,7.139534,80.593702,785.3,64.6
,6.695403,81.009592,645.3,64.6
,7.342487,80.680575,565.3,64.6
,6.801911,81.179276,455.3,64.6
,7.445298,80.648209,445.3,64.6
,6.483287,80.653895,395.3,64.6
,6.706837,80.903223,395.3,64.6
,6.895978,80.296814,345.3,64.6
,7.679972,80.689747,305.3,64.6
,6.847017,81.37203,285.3,64.6
,6.746889,81.113827,265.3,64.6
,6.187428,80.372037,225.3,64.6
,8.646501,80.575049,205.3,64.6
,7.327844,80.726771,785.2,64.5
,6.426044,80.657435,655.2,64.5
,6.667782,80.711646,605.2,64.5
,6.836532,81.289504,415.2,64.5
,6.148364,80.375319,335.2,64.5
,7.365837,81.467532,325.2,64.5
,6.545127,80.597997,285.2,64.5
,7.263033,80.302955,275.2,64.5
,6.571216,80.267563,245.2,64.5
,6.297615,80.427536,215.2,64.5
,7.083293,80.443543,1165.1,64.4
,7.143576,80.533946,825.1,64.4
,7.408697,81.468142,575.1,64.4
,6.768577,81.135282,445.1,64.4
,6.183077,80.359028,225.1,64.4
,7.218689,80.195157,225.1,64.4
,7.064421,80.744994,2015.0,64.3
,6.808799,80.53059,1685.0,64.3
,6.869084,80.707818,1455.0,64.3
,6.647977,80.841345,715.0,64.3
,6.386152,81.328904,365.0,64.3
,6.384528,81.324834,355.0,64.3
,7.155389,81.192615,345.0,64.3
,6.144879,80.436039,205.0,64.3
,7.545451,81.236746,205.0,64.3
,6.793615,81.004482,1934.9,64.2
,6.77816,80.567787,1904.9,64.2
,7.335705,80.867254,1194.9,64.2
,7.239901,80.568397,584.9,64.2
,6.546926,80.412717,354.9,64.2
,6.485195,80.697565,264.9,64.2
,6.950389,80.485991,874.8,64.1
,7.159916,80.739012,734.8,64.1
,6.467829,80.682921,624.8,64.1
,6.561163,80.730378,454.8,64.1
,7.803143,80.735965,404.8,64.1
,7.302676,80.338506,264.8,64.1
,7.201466,80.317416,264.8,64.1
,6.411684,80.254435,244.8,64.1
,6.956543,81.426465,214.8,64.1
,7.094219,81.515457,594.7,64.0
Kulaletagala,7.308668,81.420441,484.7,64.0
,7.19829,81.147834,394.7,64.0
,7.149549,81.010086,364.7,64.0
,7.371233,80.265341,354.7,64.0
,7.63738,81.267842,314.7,64.0
,6.383075,80.144367,224.7,64.0
,7.747117,81.369958,214.7,64.0
,6.847259,80.157891,214.7,64.0
,7.44962,81.298342,204.7,64.0
,6.868875,81.230092,384.6,63.9
,6.235981,80.359529,334.6,63.9
,8.063844,80.831208,264.6,63.9
,7.280389,80.29696,214.6,63.9
,6.197012,80.511911,204.6,63.9
,6.136937,80.333856,204.6,63.9
,6.946367,80.579388,1474.5,63.8
,6.925488,80.604917,1304.5,63.8
,7.13116,80.771336,1174.5,63.8
,7.237644,80.426588,364.5,63.8
,6.805014,81.332896,304.5,63.8
,6.741425,81.1643,264.5,63.8
,8.083652,80.78058,254.5,63.8
,7.298562,81.467157,234.5,63.8
,6.834044,80.990115,1284.4,63.7
,7.152517,80.512484,724.4,63.7
,6.701888,81.059796,514.4,63.7
,7.548123,80.875453,484.4,63.7
,7.216301,80.978608,234.4,63.7
,6.60593,80.759947,674.3,63.6
,6.325622,80.540589,634.3,63.6
,7.812368,80.75419,434.3,63.6
,6.579251,81.079259,204.3,63.6
,7.116456,80.551614,884.2,63.5
,7.280635,80.858005,824.2,63.5
,6.431377,80.446972,624.2,63.5
,6.903086,81.198635,504.2,63.5
,7.593855,80.443979,324.2,63.5
,7.137917,80.253382,224.2,63.5
,7.149602,80.270751,204.2,63.5
,6.827035,80.72411,1704.1,63.4
,6.918979,80.611706,1354.1,63.4
,6.957118,80.408881,494.1,63.4
,7.468088,80.895549,374.1,63.4
,6.224387,80.464183,204.1,63.4
,6.388591,80.610798,1224.0,63.3
,7.074631,80.471521,1204.0,63.3
,7.26082,80.904187,624.0,63.3
,7.51338,80.614753,614.0,63.3
,7.157936,80.501072,524.0,63.3
,7.326917,80.453419,354.0,63.3
,7.198657,80.229952,304.0,63.3
,7.260903,81.209555,274.0,63.3
,7.137599,80.517924,823.9,63.2
,6.662623,80.682884,613.9,63.2
,6.914277,80.440134,503.9,63.2
,6.517624,80.410026,313.9,63.2
,6.544038,80.588503,273.9,63.2
,7.046724,80.216826,243.9,63.2
,6.79061,81.044377,1543.8,63.1
,7.07473,80.739834,2113.7,63.0
,7.296851,80.527344,683.7,63.0
,7.5256,80.653079,473.7,63.0
,6.538365,80.669073,463.7,63.0
,6.495211,80.608322,443.7,63.0
,7.73308,80.526279,423.7,63.0
,7.608615,80.656318,393.7,63.0
,6.223809,80.40915,333.7,63.0
,7.380353,81.370815,293.7,63.0
,6.321426,80.344276,263.7,63.0
,6.809385,81.306303,233.7,63.0
,8.203545,80.876154,233.7,63.0
,6.355248,80.766734,223.7,63.0
,7.506156,80.357333,203.7,63.0
,6.915743,80.681478,1403.6,62.9
,6.909141,81.371836,913.6,62.9
,7.034204,81.08932,743.6,62.9
,7.333764,80.561289,613.6,62.9
,6.950438,81.320033,523.6,62.9
,7.358958,80.496059,433.6,62.9
,6.573895,81.317985,203.6,62.9
,7.169014,81.119018,1243.5,62.8
Maragala Kanda,6.872228,81.386448,1103.5,62.8
,6.946552,80.427894,583.5,62.8
,6.904314,81.324324,333.5,62.8
,6.054629,80.652911,213.5,62.8
,7.122618,80.165405,203.5,62.8
,7.303164,81.26774,773.4,62.7
,6.387161,80.454594,623.4,62.7
,6.587202,80.686697,593.4,62.7
,6.851266,81.202118,533.4,62.7
,6.866892,81.311523,303.4,62.7
,7.445685,80.384298,283.4,62.7
,7.456996,81.460064,233.4,62.7
,6.267888,80.766465,213.4,62.7
,7.284268,80.381179,213.4,62.7
,8.599351,80.757418,203.4,62.7
,6.868527,80.641584,1603.3,62.6
,7.437126,80.562326,773.3,62.6
,6.865946,81.166571,723.3,62.6
,7.305829,80.578691,713.3,62.6
,6.766127,81.146679,303.3,62.6
,6.522858,80.542397,303.3,62.6
,7.125948,80.22515,283.3,62.6
,7.255414,80.281501,223.3,62.6
,6.895122,80.673881,1513.2,62.5
,6.832907,80.466248,1353.2,62.5
,7.411672,80.719424,1333.2,62.5
,6.949809,80.430063,573.2,62.5
,6.461592,80.69784,543.2,62.5
,6.674599,80.288893,423.2,62.5
,7.349589,81.23301,383.2,62.5
,7.230083,81.077228,323.2,62.5
,6.380947,80.498801,693.1,62.4
,6.619224,80.780837,663.1,62.4
,7.08356,81.115152,593.1,62.4
,7.177734,80.491825,333.1,62.4
,7.630604,80.731087,313.1,62.4
,7.241084,81.225565,293.1,62.4
,7.375663,80.35012,263.1,62.4
,6.920091,80.817219,2123.0,62.3
,7.01501,80.592394,1103.0,62.3
,7.51937,80.694672,633.0,62.3
,6.906329,81.211668,583.0,62.3
,6.985727,81.300254,483.0,62.3
,7.156375,80.895738,393.0,62.3
,7.387677,81.111303,273.0,62.3
,7.463511,81.456813,253.0,62.3
,7.120473,80.461713,862.9,62.2
,6.618127,80.671226,732.9,62.2
,6.834735,80.371518,562.9,62.2
,7.704065,80.549684,362.9,62.2
,7.117624,81.466339,352.9,62.2
,6.344404,80.254775,272.9,62.2
,7.934153,80.909557,222.9,62.2
,6.838104,80.541432,1422.8,62.1
,7.491977,80.757469,1192.8,62.1
,6.690003,80.607171,1072.8,62.1
,6.672125,80.739051,632.8,62.1
,6.592361,80.712469,532.8,62.1
,6.169898,80.54608,432.8,62.1
,6.379393,80.7567,402.8,62.1
,6.54407,80.718715,392.8,62.1
,7.782436,80.498777,382.8,62.1
,7.694087,80.791182,232.8,62.1
,7.07631,80.23064,202.8,62.1
,6.648074,81.197056,202.8,62.1
,7.135358,81.139906,1322.7,62.0
,7.278742,80.739002,612.7,62.0
,7.220104,80.968015,382.7,62.0
,7.123886,81.228437,312.7,62.0
,8.135418,80.576945,202.7,62.0
,6.828058,81.027841,1422.6,61.9
,6.647439,80.787892,602.6,61.9
,7.220653,80.953618,532.6,61.9
,7.208318,81.405086,482.6,61.9
,7.525341,80.847448,392.6,61.9
,6.358231,80.744769,262.6,61.9
,6.231394,80.392607,262.6,61.9
,7.551963,81.235122,212.6,61.9
,6.990981,81.201157,862.5,61.8
,7.392869,80.496853,602.5,61.8
,7.372557,80.557737,572.5,61.8
,6.477978,80.361504,502.5,61.8
,6.577596,80.432499,322.5,61.8
,7.965097,80.720166,262.5,61.8
,6.576326,80.597715,222.5,61.8
,6.60912,81.031527,212.5,61.8
,7.271109,81.306283,442.4,61.7
,6.691977,80.305699,412.4,61.7
,6.889799,80.362242,322.4,61.7
,7.681337,80.792541,292.4,61.7
,6.869692,80.326971,292.4,61.7
,7.612422,80.861601,272.4,61.7
,7.7516,80.786016,212.4,61.7
,6.774366,80.579188,1922.3,61.6
,7.213072,80.646917,1162.3,61.6
,6.845313,80.368523,522.3,61.6
,6.873248,80.35927,452.3,61.6
,7.156193,80.350327,402.3,61.6
,7.114537,80.211041,252.3,61.6
,7.229339,80.252462,232.3,61.6
,6.870425,80.917924,1312.2,61.5
,7.212276,80.748516,742.2,61.5
,7.061396,80.973652,652.2,61.5
,7.233151,80.893856,592.2,61.5
,7.129839,81.624961,402.2,61.5
,6.442777,80.455102,372.2,61.5
,7.710812,80.490937,242.2,61.5
,8.284384,80.886796,232.2,61.5
,7.601455,81.103853,222.2,61.5
,7.489677,81.115729,552.1,61.4
,7.960744,80.658667,382.1,61.4
,7.263905,80.36218,332.1,61.4
,7.070312,81.347328,322.1,61.4
,6.644482,80.285124,312.1,61.4
,6.516668,80.708681,272.1,61.4
,7.049409,81.359251,242.1,61.4
,6.590736,80.813393,522.0,61.3
,6.2901,80.583987,342.0,61.3
,6.482264,80.299387,302.0,61.3
,6.305057,80.789783,262.0,61.3
,7.225793,80.236167,222.0,61.3
,6.763818,81.297569,212.0,61.3
,6.346837,80.769446,212.0,61.3
,7.289052,80.795244,741.9,61.2
,7.231655,81.151664,461.9,61.2
,7.33945,81.513954,421.9,61.2
,6.823343,80.374242,361.9,61.2
,6.934913,81.371597,321.9,61.2
,6.215105,80.37798,301.9,61.2
,7.975407,80.827658,221.9,61.2
,6.79974,80.372904,211.9,61.2
,7.903228,80.907914,211.9,61.2
,7.09309,80.488347,941.8,61.1
,7.335695,80.642263,541.8,61.1
,6.311784,80.536528,501.8,61.1
,7.81571,80.380425,431.8,61.1
,6.947105,81.383286,321.8,61.1
,6.190948,80.362817,211.8,61.1
,7.113396,80.429127,1031.7,61.0
Kella,6.382643,80.698665,631.7,61.0
,7.495453,80.562569,441.7,61.0
,7.623424,80.442325,361.7,61.0
,7.648779,80.723472,351.7,61.0
,7.865535,80.710658,281.7,61.0
,7.008483,81.52401,221.7,61.0
,6.207226,80.363618,211.7,61.0
,7.00677,80.416716,201.7,61.0
,6.927833,81.123999,1761.6,60.9
,6.91629,80.84491,1361.6,60.9
,7.459638,80.553889,631.6,60.9
,6.629258,80.715178,591.6,60.9
,7.1845,80.466559,301.6,60.9
,7.128643,81.343055,291.6,60.9
,6.153385,80.656955,221.6,60.9
,8.43599,80.981377,201.6,60.9
,6.81754,80.72954,1791.5,60.8
,7.026159,80.873981,1551.5,60.8
,7.334085,80.821875,1271.5,60.8
,7.204614,80.529839,661.5,60.8
,6.590842,80.369278,641.5,60.8
,7.132478,80.966078,561.5,60.8
,7.208632,80.447527,311.5,60.8
,7.162617,80.887319,311.5,60.8
,7.762425,80.625267,281.5,60.8
,7.307629,80.417568,241.5,60.8
,7.154189,80.248474,241.5,60.8
,6.804581,81.45964,201.5,60.8
,7.721215,80.742772,431.4,60.7
,7.218497,80.910152,371.4,60.7
,6.399741,80.748834,301.4,60.7
,6.253379,80.406418,271.4,60.7
,6.289314,80.687292,251.4,60.7
,7.443118,80.93305,231.4,60.7
,7.029491,81.215312,961.3,60.6
,6.775536,81.472083,291.3,60.6
,7.229393,80.301904,221.3,60.6
,7.786047,80.701694,551.2,60.5
,6.412221,80.751274,491.2,60.5
Vallikanda,6.395635,81.33949,321.2,60.5
,7.285525,80.280653,261.2,60.5
,6.671814,80.221334,201.2,60.5
Stentry Box,7.068135,80.495152,1431.1,60.4
,7.238049,80.753676,631.1,60.4
,6.708444,80.967537,621.1,60.4
,6.677552,80.740136,621.1,60.4
,6.821977,81.190692,611.1,60.4
,7.685123,80.673701,561.1,60.4
,6.529423,80.799825,211.1,60.4
,7.049334,81.17161,1441.0,60.3
,7.128664,80.551065,891.0,60.3
,6.70383,80.581116,741.0,60.3
,6.575289,80.271086,301.0,60.3
,7.836669,80.465009,231.0,60.3
,6.243197,80.833973,201.0,60.3
,7.605643,80.713145,1150.9,60.2
,7.334356,80.731661,730.9,60.2
,7.273036,80.871588,560.9,60.2
,7.327759,80.494176,290.9,60.2
,7.266532,80.277414,200.9,60.2
,6.347216,80.365134,200.9,60.2
,6.897575,80.790613,1940.8,60.1
,7.390787,80.785736,1390.8,60.1
,6.927635,80.549261,1270.8,60.1
,6.693245,80.571623,580.8,60.1
,7.40046,80.48788,560.8,60.1
,7.34572,80.605304,540.8,60.1
,7.366028,80.523501,360.8,60.1
,6.976711,81.354545,260.8,60.1
,7.169652,80.248457,250.8,60.1
,6.980551,80.579374,1680.7,60.0
,7.112526,80.360959,420.7,60.0
,7.135939,81.086672,400.7,60.0
,7.053341,80.314305,230.7,60.0
,7.21745,80.29594,230.7,60.0
,8.526262,81.076803,200.7,60.0
,6.277802,80.415348,200.7,60.0
,7.654929,80.492334,200.7,60.0
,6.664444,81.069,370.6,59.9
,6.184253,80.497008,330.6,59.9
,6.27337,80.30175,320.6,59.9
,7.257107,80.345614,280.6,59.9
,7.095015,80.218941,260.6,59.9
,7.344255,80.420799,250.6,59.9
,7.035768,81.173228,1450.5,59.8
,7.272462,80.58251,620.5,59.8
,7.281727,80.752044,590.5,59.8
,7.270555,80.563492,570.5,59.8
,6.667509,80.855457,480.5,59.8
,6.21522,80.582117,390.5,59.8
,6.913595,81.272213,350.5,59.8
,6.651502,80.253101,290.5,59.8
,6.815571,81.352721,220.5,59.8
,6.795025,80.76944,2330.4,59.7
,6.990303,81.004847,1010.4,59.7
,6.838261,80.369615,560.4,59.7
,6.844742,81.217584,490.4,59.7
,7.25646,80.961782,490.4,59.7
,6.915961,80.212638,280.4,59.7
,8.072861,80.14773,240.4,59.7
,7.704305,80.496381,240.4,59.7
,6.663155,80.915694,230.4,59.7
,6.348736,80.75643,210.4,59.7
,6.754329,80.81042,1980.3,59.6
,7.012596,80.867461,1570.3,59.6
,6.993502,81.100968,1110.3,59.6
,7.209564,80.758567,790.3,59.6
,7.199499,80.619213,680.3,59.6
,6.266489,80.565559,350.3,59.6
,6.725801,81.330906,320.3,59.6
,6.910657,80.327747,320.3,59.6
,7.116479,80.247431,310.3,59.6
,6.68017,80.468788,280.3,59.6
,8.085814,80.857342,250.3,59.6
,6.245036,80.519478,250.3,59.6
,6.366954,80.287835,220.3,59.6
,6.963544,80.312764,210.3,59.6
,7.731524,80.79907,200.3,59.6
,6.966213,80.776496,1960.2,59.5
,6.941245,80.684731,1430.2,59.5
,6.878791,81.026239,1250.2,59.5
,6.960198,80.987457,1020.2,59.5
,6.72882,80.864151,610.2,59.5
,7.522068,80.633235,430.2,59.5
,7.440642,81.320074,300.2,59.5
,6.295385,80.347823,240.2,59.5
,6.522912,80.767545,200.2,59.5
,7.867003,80.404317,200.2,59.5
,6.938457,80.494958,950.1,59.4
,6.214136,80.587268,390.1,59.4
,6.689976,80.208831,260.1,59.4
,7.275463,81.294606,210.1,59.4
,7.275788,80.30756,210.1,59.4
,7.356061,80.765627,950.0,59.3
,7.697324,80.650038,390.0,59.3
,6.206158,80.385577,340.0,59.3
,6.480925,80.319189,340.0,59.3
,6.387572,80.288086,270.0,59.3
,7.782255,80.798801,210.0,59.3
,6.360512,80.368107,200.0,59.3
,7.521547,80.738167,1319.9,59.2
,6.997738,81.454215,519.9,59.2
,7.870693,80.740584,519.9,59.2
,7.347031,81.522389,429.9,59.2
,6.794342,81.145343,349.9,59.2
,6.848241,81.246087,339.9,59.2
,6.917419,80.306566,279.9,59.2
,7.024319,80.319493,209.9,59.2
,6.392654,80.591814,1119.8,59.1
,6.490604,80.621615,489.8,59.1
,6.996445,81.408871,419.8,59.1
,7.349967,80.439816,319.8,59.1
,6.349821,80.8028,279.8,59.1
,6.428037,80.334152,219.8,59.1
,6.976995,81.033621,1059.7,59.0
,6.618636,80.987308,389.7,59.0
,6.275175,80.574774,379.7,59.0
,7.686755,80.69736,289.7,59.0
,7.472099,81.514718,219.7,59.0
,6.9143,80.474068,789.6,58.9
,7.750238,80.703876,749.6,58.9
,6.459338,80.474891,659.6,58.9
,6.502659,80.353346,429.6,58.9
,6.932147,80.393697,329.6,58.9
,7.160684,80.235158,299.6,58.9
,6.613641,80.382553,259.6,58.9
,6.643912,80.258536,209.6,58.9
,6.448002,80.598303,1299.5,58.8
,7.426582,80.66126,579.5,58.8
,7.552431,80.579397,549.5,58.8
,6.903746,80.20668,299.5,58.8
,7.467534,80.932786,229.5,58.8
,7.114514,80.476383,909.4,58.7
,7.080639,80.538596,809.4,58.7
,6.382106,80.752903,419.4,58.7
,7.844651,80.769967,379.4,58.7
,6.856299,80.230623,259.4,58.7
,6.711426,81.32899,239.4,58.7
,7.548118,80.89693,229.4,58.7
,6.873678,80.628552,1399.3,58.6
,7.589905,80.694659,999.3,58.6
,7.074139,80.99131,779.3,58.6
,7.282177,80.485239,669.3,58.6
,6.678909,80.788978,519.3,58.6
,7.076885,81.497779,369.3,58.6
,6.150042,80.448776,309.3,58.6
,7.552404,80.526112,309.3,58.6
,7.686483,80.690018,289.3,58.6
,7.051563,80.181248,249.3,58.6
,7.811826,80.774864,229.3,58.6
,6.936336,80.595139,1329.2,58.5
,6.397195,80.448079,649.2,58.5
,7.526422,80.687059,559.2,58.5
,6.277371,80.660451,559.2,58.5
,6.882763,80.382064,519.2,58.5
,7.593685,80.626143,429.2,58.5
Saptha Kanya 1,6.900198,80.483036,1149.1,58.4
,6.963466,80.956778,1029.1,58.4
,7.350069,80.6284,559.1,58.4
,7.688921,80.879293,389.1,58.4
,6.830052,81.259641,369.1,58.4
,7.122033,81.591272,299.1,58.4
,7.378717,81.377607,299.1,58.4
,6.245164,80.311535,269.1,58.4
,7.696258,80.770242,209.1,58.4
,6.894541,80.557421,1359.0,58.3
,6.623102,80.340764,759.0,58.3
,7.299598,80.5988,659.0,58.3
,7.195406,80.56054,629.0,58.3
,7.382364,80.669968,599.0,58.3
,6.363079,80.581248,569.0,58.3
,6.804148,81.088897,509.0,58.3
,7.354899,81.522131,409.0,58.3
,6.952729,80.35187,339.0,58.3
,6.24658,80.384463,329.0,58.3
,6.986619,80.329304,249.0,58.3
,8.310422,80.900149,239.0,58.3
,7.092781,80.168703,209.0,58.3
Trafalgar,6.95231,80.523728,1228.9,58.2
,7.099237,81.187676,968.9,58.2
,7.337836,80.565634,598.9,58.2
,6.825516,81.176038,468.9,58.2
,6.946227,80.36165,358.9,58.2
,7.711716,80.71041,328.9,58.2
,6.864011,80.34462,318.9,58.2
,7.042711,80.856333,1918.8,58.1
,7.184048,80.663223,988.8,58.1
,7.363372,80.888727,668.8,58.1
,7.347904,80.644976,568.8,58.1
,7.655543,80.640805,388.8,58.1
,6.909003,80.30033,288.8,58.1
,6.193672,80.377183,238.8,58.1
,6.862296,80.676874,1518.7,58.0
,6.818262,80.474129,1378.7,58.0
,7.438252,80.874069,738.7,58.0
,7.412478,80.673765,698.7,58.0
,6.619222,80.73607,628.7,58.0
,6.613798,80.782737,608.7,58.0
,7.274595,80.508881,588.7,58.0
,7.648767,80.660929,328.7,58.0
,7.210369,80.688209,1238.6,57.9
,6.478092,80.538891,1158.6,57.9
,6.783276,81.060929,1108.6,57.9
,7.116127,81.098337,588.6,57.9
,7.212242,80.597205,548.6,57.9
,6.510925,80.55271,308.6,57.9
,7.798785,80.651096,258.6,57.9
,6.682103,80.203414,248.6,57.9
,7.039821,81.19224,928.5,57.8
,7.223328,80.520049,638.5,57.8
,6.71681,80.494545,608.5,57.8
,6.359013,80.59291,558.5,57.8
,6.901161,81.226594,528.5,57.8
,6.488987,80.664743,318.5,57.8
,7.24228,80.459185,288.5,57.8
,7.256552,81.220147,278.5,57.8
,6.287041,80.437575,218.5,57.8
,6.99088,80.251647,218.5,57.8
,7.487363,80.728384,1618.4,57.7
,7.134402,80.663236,1138.4,57.7
,7.084595,80.374291,898.4,57.7
,7.615681,80.713959,888.4,57.7
,7.192448,80.627636,708.4,57.7
,7.398601,80.558268,668.4,57.7
,7.229324,80.57628,598.4,57.7
,7.188368,80.597757,568.4,57.7
,7.22278,80.511356,508.4,57.7
,7.214333,81.099765,458.4,57.7
,6.560061,80.638142,398.4,57.7
Amundara Udaha,6.453972,80.222931,318.4,57.7
,7.626521,80.657673,318.4,57.7
,7.135049,81.422639,268.4,57.7
,7.230197,80.29321,258.4,57.7
,6.847926,80.734151,1688.3,57.6
,6.875546,80.548472,1428.3,57.6
,7.090651,80.492694,938.3,57.6
,7.286874,80.861538,858.3,57.6
,7.276131,81.408984,788.3,57.6
,6.9221,80.382575,298.3,57.6
,6.584457,80.97617,208.3,57.6
,6.762992,80.636728,1658.2,57.5
,6.938757,80.546813,1058.2,57.5
,7.295021,80.786821,758.2,57.5
,7.387219,80.586265,658.2,57.5
,7.237783,81.268755,408.2,57.5
,6.876711,81.480372,398.2,57.5
,6.703042,80.889383,378.2,57.5
,6.941808,81.273328,318.2,57.5
,7.397199,80.480001,318.2,57.5
,8.093139,80.8519,298.2,57.5
,7.918983,80.776769,268.2,57.5
,6.603512,80.279739,238.2,57.5
,7.233436,80.733573,668.1,57.4
,6.656119,80.806886,608.1,57.4
,7.626808,80.786557,558.1,57.4
,6.520825,80.341667,438.1,57.4
,7.225152,80.410298,368.1,57.4
,6.200751,80.41269,278.1,57.4
,6.174945,80.367438,248.1,57.4
,6.195847,80.383145,228.1,57.4
,6.76973,80.525725,1678.0,57.3
,7.361451,80.595515,558.0,57.3
,6.718661,80.420189,518.0,57.3
,6.666945,80.940658,378.0,57.3
,6.590216,80.277039,288.0,57.3
,7.602592,80.527171,258.0,57.3
,6.958654,80.305439,238.0,57.3
,6.567357,80.211142,218.0,57.3
,7.046102,80.411255,1157.9,57.2
,7.282803,80.872677,577.9,57.2
,6.488018,80.36475,567.9,57.2
,6.597245,80.832385,487.9,57.2
,7.408288,81.376016,327.9,57.2
,6.929127,80.35162,317.9,57.2
,6.212685,80.408344,297.9,57.2
,7.392571,81.095816,227.9,57.2
,6.80815,80.372897,207.9,57.2
,6.881268,80.609005,1307.8,57.1
,6.736908,80.535782,847.8,57.1
,7.283534,81.350582,277.8,57.1
,7.905958,80.725072,247.8,57.1
,8.079281,80.61998,207.8,57.1
,7.358771,80.721604,847.7,57.0
,7.378577,80.737907,817.7,57.0
,6.875987,81.162779,767.7,57.0
,7.204409,80.777311,677.7,57.0
,6.385632,80.741242,437.7,57.0
,7.120933,80.357692,397.7,57.0
,7.188288,80.451616,337.7,57.0
,6.685121,80.233258,327.7,57.0
,7.196707,80.465192,287.7,57.0
,6.500161,80.291233,277.7,57.0
,7.356874,80.744159,697.6,56.9
,6.503528,80.426311,527.6,56.9
,7.749414,80.892363,407.6,56.9
,6.234923,80.396129,317.6,56.9
,7.195263,80.355723,307.6,56.9
,7.137098,80.248494,267.6,56.9
,7.67781,80.752294,227.6,56.9
,6.924677,80.938573,1167.5,56.8
,7.211288,81.414869,677.5,56.8
,7.761328,80.595621,297.5,56.8
,6.220777,80.346257,217.5,56.8
,7.098544,80.538043,737.4,56.7
,6.690841,80.852476,607.4,56.7
,6.708404,81.052202,547.4,56.7
,6.905238,80.334267,337.4,56.7
,7.777025,80.521357,287.4,56.7
,7.399141,80.999617,267.4,56.7
,6.403769,80.568215,1107.3,56.6
,7.319659,80.565371,647.3,56.6
,7.225027,80.748243,617.3,56.6
,7.254031,81.294853,337.3,56.6
,7.778729,80.785473,337.3,56.6
,7.299189,81.171554,287.3,56.6
,7.656912,80.864329,257.3,56.6
,6.238214,80.448451,247.3,56.6
,6.913571,80.675506,1417.2,56.5
,6.701413,80.657369,627.2,56.5
,6.696544,80.260651,477.2,56.5
,7.226365,80.909883,397.2,56.5
,7.806393,80.700874,377.2,56.5
,7.355536,81.462625,347.2,56.5
,7.198747,80.310628,267.2,56.5
,6.607732,80.171216,237.2,56.5
,6.096867,80.449622,217.2,56.5
,6.460719,80.5191,587.1,56.4
,6.708354,81.12954,447.1,56.4
,6.653899,81.001432,347.1,56.4
,6.711323,80.403099,267.1,56.4
,7.32454,80.561565,647.0,56.3
,7.216214,81.383909,287.0,56.3
,7.241811,80.247286,267.0,56.3
,7.694084,80.72401,257.0,56.3
,8.031835,80.733222,237.0,56.3
,6.798805,80.910575,1246.9,56.2
,7.442819,80.554441,876.9,56.2
,6.554048,80.524206,496.9,56.2
,7.706837,80.750388,446.9,56.2
,6.247457,80.480165,296.9,56.2
,7.59172,80.493192,216.9,56.2
,7.005859,80.306477,206.9,56.2
,7.161807,80.682786,1266.8,56.1
,6.957764,80.969536,946.8,56.1
,7.289051,80.813719,626.8,56.1
,6.375323,80.747209,406.8,56.1
,6.299342,80.641195,396.8,56.1
,7.03502,81.553649,306.8,56.1
,7.142755,80.214537,286.8,56.1
,6.372089,80.268034,236.8,56.1
,6.235016,80.559065,216.8,56.1
,7.594162,80.493734,216.8,56.1
,6.755936,81.311129,206.8,56.1
,7.015255,80.533741,766.7,56.0
,6.55697,80.420848,546.7,56.0
,6.557681,80.297146,356.7,56.0
,7.112488,80.320764,306.7,56.0
,7.786308,80.894821,236.7,56.0
,6.271585,80.451141,226.7,56.0
,7.396991,80.599577,666.6,55.9
,7.196743,80.522237,616.6,55.9
,6.727936,80.500508,606.6,55.9
,6.643539,80.459857,556.6,55.9
,7.43208,81.212711,406.6,55.9
,6.682087,81.053544,406.6,55.9
,6.955161,80.341551,316.6,55.9
,6.417376,80.758868,266.6,55.9
,6.846802,80.975192,1256.5,55.8
,6.406949,80.429631,586.5,55.8
,7.34816,81.495763,506.5,55.8
,7.440493,81.208642,456.5,55.8
,6.763583,81.263102,376.5,55.8
,6.309636,80.591572,366.5,55.8
,6.537406,80.379901,346.5,55.8
,6.447842,80.33522,326.5,55.8
,6.811649,80.340596,286.5,55.8
,6.837775,81.386675,246.5,55.8
,7.155822,80.623302,906.4,55.7
,6.359241,80.496101,456.4,55.7
,6.273719,80.396372,266.4,55.7
,7.096294,81.137431,1006.3,55.6
,7.180257,80.857172,696.3,55.6
,7.547278,80.582661,506.3,55.6
,7.668017,80.624757,446.3,55.6
,7.598866,80.770787,446.3,55.6
,6.742809,81.12875,436.3,55.6
,6.249125,80.563939,406.3,55.6
,7.672909,80.650317,326.3,55.6
,6.825751,81.217838,326.3,55.6
,6.581818,80.289527,306.3,55.6
,7.393322,80.378637,296.3,55.6
,6.693791,80.223208,286.3,55.6
,6.672415,81.278207,286.3,55.6
,7.221595,80.374443,276.3,55.6
,6.429049,80.256858,226.3,55.6
,6.866866,80.552819,1436.2,55.5
,6.696815,80.780838,596.2,55.5
,7.220293,81.110635,346.2,55.5
,7.380145,81.51076,316.2,55.5
,7.910796,80.574877,296.2,55.5
,6.224339,80.391257,236.2,55.5
,6.549266,80.292271,226.2,55.5
,6.85279,80.632087,1406.1,55.4
,7.058135,80.566307,906.1,55.4
,7.221434,80.528743,566.1,55.4
,7.353056,80.263731,246.1,55.4
,7.622732,80.853718,216.1,55.4
,6.60292,80.616154,206.1,55.4
,7.319708,80.792799,716.0,55.3
,7.252395,80.949283,716.0,55.3
,7.540342,80.361106,366.0,55.3
,7.225707,80.426326,366.0,55.3
,7.837597,80.745484,316.0,55.3
,6.663691,80.934416,296.0,55.3
,6.50178,80.281738,266.0,55.3
,7.882797,80.479394,256.0,55.3
,7.902943,80.605899,226.0,55.3
,6.647105,80.202098,216.0,55.3
,6.071612,80.411423,206.0,55.3
,7.07808,80.36968,955.9,55.2
,7.204894,80.545323,625.9,55.2
,6.890171,81.355254,555.9,55.2
,7.846007,80.780305,495.9,55.2
,6.864414,80.210256,295.9,55.2
,8.128949,80.849456,265.9,55.2
,6.616747,80.963974,265.9,55.2
,6.411022,80.147858,235.9,55.2
,6.833255,80.923885,1395.8,55.1
,7.103479,80.866664,885.8,55.1
,6.483188,80.436903,845.8,55.1
,7.600184,80.594057,575.8,55.1
,7.293109,80.666457,545.8,55.1
,7.708452,80.883377,385.8,55.1
,6.946117,80.25061,295.8,55.1
,7.642111,80.403427,265.8,55.1
,6.912913,80.161606,245.8,55.1
,6.767885,80.875014,1245.7,55.0
,7.147167,80.77541,1125.7,55.0
Tea Rosette,6.942801,81.053965,1115.7,55.0
,7.344392,80.719432,785.7,55.0
,7.132478,80.586372,665.7,55.0
,6.54425,80.467516,565.7,55.0
,6.646853,80.983521,485.7,55.0
,7.203385,80.337516,315.7,55.0
,7.163448,80.280786,235.7,55.0
,6.348754,80.26399,215.7,55.0
,6.833501,80.561792,1235.6,54.9
,7.418185,80.736273,1045.6,54.9
,7.182318,81.103273,885.6,54.9
,7.241021,80.885708,725.6,54.9
,7.283355,80.796874,625.6,54.9
,7.078185,81.342178,365.6,54.9
,7.077981,81.284607,285.6,54.9
,6.882697,80.309314,275.6,54.9
,7.670427,80.551334,265.6,54.9
,7.212728,81.064992,235.6,54.9
,7.250423,80.190499,215.6,54.9
,6.433568,80.172781,205.6,54.9
,6.82105,80.914924,1265.5,54.8
,6.929281,80.961108,1105.5,54.8
,6.784899,81.069615,885.5,54.8
,7.239404,80.815617,845.5,54.8
,6.445316,80.712759,595.5,54.8
,6.412092,80.413356,525.5,54.8
,7.659622,80.876295,445.5,54.8
,6.203553,80.581308,375.5,54.8
,7.314513,80.967784,375.5,54.8
,7.137308,81.35583,295.5,54.8
,7.566364,80.339876,295.5,54.8
,6.278161,80.579382,285.5,54.8
,6.709807,80.232416,275.5,54.8
,7.380662,81.52625,275.5,54.8
,6.487542,80.162139,215.5,54.8
,8.052725,80.797999,205.5,54.8
,6.855792,80.716778,1645.4,54.7
,6.903804,80.877213,1255.4,54.7
,7.040722,80.475073,885.4,54.7
,7.271136,80.674613,595.4,54.7
,7.573093,80.76834,555.4,54.7
,6.689745,80.901591,485.4,54.7
,7.582009,80.597871,475.4,54.7
,7.61836,80.595137,455.4,54.7
,6.54216,80.656593,435.4,54.7
,7.295194,81.354401,435.4,54.7
,7.224804,80.324456,315.4,54.7
,6.878628,80.30959,305.4,54.7
,7.789287,80.641035,275.4,54.7
,7.599845,80.472795,235.4,54.7
,6.180694,80.440896,235.4,54.7
,6.974046,80.957053,1105.3,54.6
,7.066788,81.041003,875.3,54.6
,6.476422,80.462404,505.3,54.6
,7.642788,80.626669,495.3,54.6
,6.83796,81.217306,445.3,54.6
,6.129118,80.397289,365.3,54.6
,7.618151,80.312906,315.3,54.6
,7.269561,80.320064,245.3,54.6
,6.662034,80.209406,245.3,54.6
,7.155281,80.254449,215.3,54.6
,6.133707,80.366656,215.3,54.6
,7.409126,81.357809,205.3,54.6
,6.960567,81.458777,205.3,54.6
,6.392396,80.633577,1235.2,54.5
,6.494338,80.478667,1025.2,54.5
,6.683226,80.622641,1025.2,54.5
,7.11126,80.479373,905.2,54.5
,6.852393,81.152174,855.2,54.5
,7.779,80.763984,495.2,54.5
,6.869433,81.213535,445.2,54.5
,7.360026,81.35693,395.2,54.5
,7.221942,81.079939,365.2,54.5
,7.212947,80.414383,345.2,54.5
,7.853058,80.827643,225.2,54.5
,6.670205,80.626986,1065.1,54.4
,7.179448,80.819958,935.1,54.4
,7.414082,80.59794,695.1,54.4
,7.252426,80.733571,555.1,54.4
,6.609999,80.7689,545.1,54.4
,6.541883,80.63462,465.1,54.4
,6.175336,80.575897,405.1,54.4
,6.684315,80.917056,335.1,54.4
,6.548063,80.493827,295.1,54.4
,6.82872,81.234397,295.1,54.4
,7.046029,80.326532,245.1,54.4
,7.202968,81.054664,205.1,54.4
,7.070182,81.216708,885.0,54.3
,7.531825,80.607135,885.0,54.3
,7.647684,80.882002,405.0,54.3
,6.545391,80.578737,375.0,54.3
,7.685948,80.805867,265.0,54.3
,6.354466,80.278898,255.0,54.3
,6.622434,80.564598,225.0,54.3
,7.499185,81.098612,215.0,54.3
,6.860444,81.473834,215.0,54.3
,6.369356,80.24797,205.0,54.3
,7.407869,80.688442,994.9,54.2
,7.548406,80.789002,654.9,54.2
,6.599685,80.849477,524.9,54.2
,6.607775,81.009551,294.9,54.2
,6.413465,80.437492,814.8,54.1
,7.005186,80.480527,774.8,54.1
,7.242662,80.775138,704.8,54.1
,7.223939,80.723251,624.8,54.1
,7.244696,81.128311,584.8,54.1
,6.672125,80.823982,504.8,54.1
,6.667719,81.034542,424.8,54.1
,7.073563,81.053499,374.8,54.1
,6.548,80.397796,344.8,54.1
,7.656649,80.749032,304.8,54.1
,7.387616,81.583326,254.8,54.1
,6.388777,80.148428,244.8,54.1
,6.876957,80.267517,234.8,54.1
,7.037588,80.295584,214.8,54.1
,7.730709,80.816205,204.8,54.1
,6.906523,80.710528,1474.7,54.0
,6.929821,80.585911,1404.7,54.0
,6.38746,80.502865,724.7,54.0
,7.505807,80.699296,704.7,54.0
,7.547837,80.624527,454.7,54.0
,7.472467,81.454109,414.7,54.0
,6.918215,81.264073,344.7,54.0
,7.733618,80.518935,344.7,54.0
,6.903869,80.321238,344.7,54.0
,7.6363,80.722657,314.7,54.0
,6.946761,80.352418,294.7,54.0
,7.212859,80.316046,284.7,54.0
,7.126745,80.211298,214.7,54.0
,6.855238,80.656788,1914.6,53.9
,6.84277,80.722751,1594.6,53.9
,6.844233,81.178225,564.6,53.9
,6.902225,81.248312,384.6,53.9
,7.141309,80.391624,374.6,53.9
,6.276289,80.67455,234.6,53.9
,7.357658,80.255302,214.6,53.9
,7.036425,81.000797,1294.5,53.8
,6.955067,80.629613,1244.5,53.8
,7.349516,80.600683,534.5,53.8
,7.081973,81.05459,414.5,53.8
,7.847635,80.794724,374.5,53.8
,6.440426,80.240303,334.5,53.8
,7.065819,81.46056,274.5,53.8
,7.299016,81.334844,274.5,53.8
,7.506063,80.91649,264.5,53.8
,7.18559,80.192483,254.5,53.8
,6.888617,80.704015,1504.4,53.7
,6.951114,81.186732,1244.4,53.7
,7.269704,80.496115,614.4,53.7
,7.574417,80.606846,504.4,53.7
,6.809279,81.123642,424.4,53.7
,7.555174,80.886873,384.4,53.7
,6.299871,80.595914,354.4,53.7
,6.528331,80.695117,314.4,53.7
,6.75204,81.119259,304.4,53.7
,7.566238,80.523658,274.4,53.7
,7.166405,80.256066,214.4,53.7
,6.826185,80.970026,1344.3,53.6
,7.891853,80.808874,494.3,53.6
,7.404865,80.936297,364.3,53.6
,6.582414,80.347853,294.3,53.6
,7.14672,80.373965,284.3,53.6
,7.674615,81.202349,284.3,53.6
,6.226322,80.530874,274.3,53.6
,6.601784,80.501122,264.3,53.6
,7.792186,80.474834,234.3,53.6
,7.740649,81.338401,224.3,53.6
,7.45298,80.351676,224.3,53.6
,6.843304,80.667649,1984.2,53.5
,6.9445,80.873421,1214.2,53.5
,6.356777,80.457596,664.2,53.5
,6.303615,80.479049,534.2,53.5
,7.522079,80.675915,424.2,53.5
,7.058501,81.455933,264.2,53.5
,6.571031,80.109953,254.2,53.5
,7.051279,80.440579,874.1,53.4
,7.149804,80.513572,724.1,53.4
,6.86353,80.418997,714.1,53.4
,6.695423,80.590888,654.1,53.4
,7.260294,80.743079,554.1,53.4
,7.275988,80.972114,434.1,53.4
,6.369623,80.711413,374.1,53.4
,6.365013,80.729582,344.1,53.4
,6.281686,80.574229,234.1,53.4
,6.701398,80.94474,604.0,53.3
,7.146953,80.332681,364.0,53.3
,6.529958,80.688063,334.0,53.3
,7.11496,80.352537,334.0,53.3
,7.517741,80.866747,324.0,53.3
,7.12432,81.008444,314.0,53.3
,6.352561,80.273205,274.0,53.3
,7.065972,80.205941,264.0,53.3
,6.111738,80.375076,244.0,53.3
,7.358496,80.276768,214.0,53.3
,8.015555,80.835828,214.0,53.3
,6.607128,80.379845,204.0,53.3
,6.822395,80.60414,1453.9,53.2
,7.214697,80.635779,1083.9,53.2
,7.142971,80.43508,1063.9,53.2
,6.881495,81.042528,1013.9,53.2
,6.702233,80.685319,613.9,53.2
,7.598023,80.617169,573.9,53.2
,7.500097,80.646834,463.9,53.2
,7.178361,80.839515,423.9,53.2
,6.191891,80.590258,383.9,53.2
,6.276941,80.352447,363.9,53.2
,7.500451,81.425884,233.9,53.2
,7.470582,81.60522,203.9,53.2
,6.720111,80.590607,1213.8,53.1
,7.627617,80.711782,683.8,53.1
,6.67646,80.692379,583.8,53.1
,7.22201,80.600732,553.8,53.1
,7.118783,80.380508,513.8,53.1
,6.947525,81.253515,373.8,53.1
,6.720837,81.125207,293.8,53.1
,6.259676,80.500221,203.8,53.1
,7.078798,80.728427,2073.7,53.0
,6.939056,80.938035,1183.7,53.0
,7.122947,80.514945,803.7,53.0
,7.418971,80.614244,673.7,53.0
,6.840406,81.211608,483.7,53.0
,6.33374,80.498826,413.7,53.0
,7.262872,80.424123,353.7,53.0
,6.195141,80.575076,343.7,53.0
,6.527794,80.743673,333.7,53.0
,6.79898,81.110064,303.7,53.0
,6.97465,80.296191,253.7,53.0
,6.789575,80.930657,1353.6,52.9
,7.132931,81.120077,1333.6,52.9
,7.158267,80.632265,903.6,52.9
,6.640112,80.733898,643.6,52.9
,7.346002,80.636825,543.6,52.9
,6.840159,81.184193,543.6,52.9
,7.48301,80.891747,433.6,52.9
,6.939983,80.356497,373.6,52.9
,7.179163,80.897917,313.6,52.9
,7.195626,80.470626,313.6,52.9
,6.951874,80.307889,293.6,52.9
,6.821951,81.220548,283.6,52.9
,6.720432,81.278798,213.6,52.9
,7.202204,80.247333,203.6,52.9
,6.995462,80.558461,1153.5,52.8
,6.3945,80.477912,703.5,52.8
,6.951602,81.245375,463.5,52.8
,7.323677,81.537294,453.5,52.8
,6.950963,81.334694,363.5,52.8
,7.538086,80.875723,353.5,52.8
,6.288749,80.599714,323.5,52.8
,7.220729,80.318755,313.5,52.8
,7.305757,81.367184,313.5,52.8
,6.808019,81.314715,233.5,52.8
,6.99097,80.34016,223.5,52.8
,6.537859,80.279533,223.5,52.8
,6.615914,80.543981,223.5,52.8
,6.376409,80.782463,213.5,52.8
,6.647694,80.651684,1373.4,52.7
,7.074957,80.570101,833.4,52.7
,7.562241,80.756922,813.4,52.7
Guruhela Summit,7.120443,81.391115,533.4,52.7
,6.664726,80.502172,303.4,52.7
,7.232277,81.338565,303.4,52.7
,8.29984,80.908043,293.4,52.7
,6.330677,80.37735,223.4,52.7
,6.675259,81.125174,213.4,52.7
,7.92086,80.911185,203.4,52.7
,6.901331,80.977929,1283.3,52.6
,7.04473,80.391705,1023.3,52.6
,7.853603,80.772416,383.3,52.6
,7.360058,80.52133,353.3,52.6
,7.263895,80.351856,343.3,52.6
,6.488725,80.718992,283.3,52.6
,6.284889,80.467672,273.3,52.6
,6.79433,81.41756,223.3,52.6
,6.425591,80.329273,213.3,52.6
,7.357844,81.365894,563.2,52.5
,7.274755,80.361355,353.2,52.5
,6.691608,80.212357,263.2,52.5
,7.562028,80.344774,263.2,52.5
,7.032859,80.192948,203.2,52.5
,7.28685,80.94658,1083.1,52.4
,6.586238,80.378777,613.1,52.4
,7.598051,80.799879,593.1,52.4
,7.226073,80.586333,583.1,52.4
,7.109338,81.377793,343.1,52.4
,7.890224,80.729155,263.1,52.4
,6.930879,80.210449,253.1,52.4
,6.795571,80.267603,243.1,52.4
,6.099036,80.446097,203.1,52.4
,7.319691,80.900672,1093.0,52.3
,6.850231,81.141586,993.0,52.3
,7.440422,80.678923,933.0,52.3
,7.223064,80.533632,563.0,52.3
,7.673983,80.617413,443.0,52.3
,6.701645,80.547197,363.0,52.3
,7.212617,80.345928,303.0,52.3
,7.220829,80.433392,303.0,52.3
,7.765164,80.777857,263.0,52.3
,7.161454,80.199304,243.0,52.3
,7.200551,81.012014,223.0,52.3
,6.54267,80.993787,213.0,52.3
,6.239784,80.365761,203.0,52.3
,7.012604,80.797405,2182.9,52.2
,7.031706,81.164264,1392.9,52.2
,6.843741,81.112538,1202.9,52.2
,7.223942,80.758567,692.9,52.2
,6.320786,80.69515,582.9,52.2
,6.697597,80.231073,372.9,52.2
,7.184567,81.308899,322.9,52.2
,6.260137,80.373066,292.9,52.2
,7.733311,81.348997,232.9,52.2
,6.353077,80.746939,202.9,52.2
,6.554222,80.118384,202.9,52.2
,6.906248,80.868798,1232.8,52.1
Yahangala,7.407588,80.904229,1192.8,52.1
,6.528865,80.652256,502.8,52.1
,7.638186,80.657669,402.8,52.1
,6.945714,80.397216,332.8,52.1
,7.760131,80.419099,262.8,52.1
,6.383775,80.288903,242.8,52.1
,6.236836,80.415105,232.8,52.1
,6.960448,80.523724,1032.7,52.0
,7.490054,80.628625,422.7,52.0
,6.556038,80.281414,292.7,52.0
,6.312651,80.725249,292.7,52.0
,7.263156,80.440696,262.7,52.0
,6.985289,81.43302,242.7,52.0
,6.240303,80.337295,222.7,52.0
,7.296018,80.493925,622.6,51.9
,6.816202,81.27374,312.6,51.9
,6.539598,80.408925,292.6,51.9
,6.447762,80.774327,292.6,51.9
,7.204098,80.968009,272.6,51.9
,6.466712,80.213424,242.6,51.9
,6.895339,80.526745,1282.5,51.8
,7.330008,80.681664,562.5,51.8
,6.55781,80.460454,482.5,51.8
,6.407605,80.711408,412.5,51.8
,6.223089,80.587536,382.5,51.8
,6.517261,80.299897,342.5,51.8
,6.199094,80.37257,282.5,51.8
,7.808242,80.556701,262.5,51.8
,7.004062,80.42405,252.5,51.8
,6.298865,80.294135,232.5,51.8
,7.632497,80.862693,232.5,51.8
,7.292373,81.208227,222.5,51.8
,6.292448,80.409915,202.5,51.8
,6.625735,80.776768,622.4,51.7
,7.1249,81.295793,492.4,51.7
,7.227652,80.491794,492.4,51.7
,6.961916,81.240769,472.4,51.7
,6.507957,80.593671,452.4,51.7
,7.187568,81.294234,352.4,51.7
,7.262749,81.261719,282.4,51.7
,7.624225,80.425738,222.4,51.7
,6.855977,80.483063,1692.3,51.6
,7.618936,80.713415,792.3,51.6
,7.202458,80.558635,622.3,51.6
,7.297703,80.608582,562.3,51.6
,6.636586,80.796574,562.3,51.6
,7.57361,80.626965,412.3,51.6
,7.153302,80.466852,292.3,51.6
,6.705055,81.434808,222.3,51.6
,6.782274,80.795495,2132.2,51.5
,7.421709,80.708279,1352.2,51.5
,6.933028,81.064276,1162.2,51.5
,6.619223,80.766729,622.2,51.5
,7.248082,80.703416,622.2,51.5
,7.228279,80.717002,602.2,51.5
,7.315368,81.475605,272.2,51.5
,6.922781,80.9307,1172.1,51.4
,6.757851,80.854657,802.1,51.4
,6.418879,80.419046,572.1,51.4
,7.338314,81.36451,552.1,51.4
,6.815782,80.417947,512.1,51.4
,6.728732,80.470114,442.1,51.4
,6.626835,80.271848,292.1,51.4
,7.958037,80.680438,272.1,51.4
,7.850515,80.479689,272.1,51.4
,6.730876,81.123314,242.1,51.4
,7.573364,80.780575,622.0,51.3
,7.847906,80.772144,392.0,51.3
,6.689192,80.940394,362.0,51.3
,7.760192,80.500696,322.0,51.3
,7.190193,80.460307,292.0,51.3
,7.462262,80.418258,232.0,51.3
,6.199633,80.366877,222.0,51.3
,7.199031,80.324209,222.0,51.3
,6.666841,81.136022,212.0,51.3
,6.668978,81.179437,212.0,51.3
,8.257542,80.772685,202.0,51.3
,6.859512,80.496905,1501.9,51.2
,7.156781,81.150516,441.9,51.2
,7.500106,80.874355,401.9,51.2
,7.357615,80.517527,371.9,51.2
,7.516205,80.368741,351.9,51.2
,8.07497,80.797456,241.9,51.2
,7.082761,80.182023,231.9,51.2
,7.667214,80.892612,221.9,51.2
,6.835176,80.808254,2241.8,51.1
,7.006528,81.095546,1051.8,51.1
,6.646625,80.768899,581.8,51.1
,7.307739,80.604775,561.8,51.1
,7.083679,81.490186,491.8,51.1
,6.716803,81.071202,441.8,51.1
,7.789572,80.694077,421.8,51.1
,7.356519,81.526481,401.8,51.1
,7.29547,80.484959,651.7,51.0
,6.672931,80.680712,611.7,51.0
,7.615414,80.770243,381.7,51.0
,7.313918,81.533473,371.7,51.0
,6.548916,80.573039,351.7,51.0
,7.557892,80.864853,251.7,51.0
,6.814543,80.250755,251.7,51.0
,6.730162,81.313,201.7,51.0
,6.989209,81.021953,1031.6,50.9
,6.902645,81.061271,941.6,50.9
,7.289552,80.579785,661.6,50.9
,7.701111,80.617131,471.6,50.9
,6.937768,81.244004,451.6,50.9
,6.204363,80.570464,371.6,50.9
,7.59474,80.55518,281.6,50.9
,6.473263,80.738523,221.6,50.9
,8.099647,80.684488,221.6,50.9
,7.278858,80.399659,201.6,50.9
,6.726363,81.314082,201.6,50.9
Kuraththa,6.981399,80.854422,2041.5,50.8
,6.759745,80.672824,1931.5,50.8
,7.161261,80.667575,1001.5,50.8
,7.110495,80.568456,671.5,50.8
,6.664799,80.256343,421.5,50.8
,6.524034,80.290125,291.5,50.8
,7.404835,81.508083,261.5,50.8
,7.794444,80.647561,251.5,50.8
,6.358255,80.269946,251.5,50.8
,7.429997,81.371154,241.5,50.8
,6.349133,80.387911,201.5,50.8
,6.925225,80.629351,1461.4,50.7
,6.919754,80.522931,1071.4,50.7
,6.45202,80.486557,721.4,50.7
,7.264594,80.580883,571.4,50.7
,6.62899,80.794946,561.4,50.7
,6.540546,80.749912,521.4,50.7
,7.458674,81.426094,461.4,50.7
,7.101828,81.307445,331.4,50.7
,6.955761,81.402573,331.4,50.7
,7.414646,81.479837,331.4,50.7
,7.167978,80.508129,301.4,50.7
,6.275183,80.59782,291.4,50.7
,6.151621,80.376943,281.4,50.7
,7.501133,81.509602,251.4,50.7
,6.957542,80.279919,201.4,50.7
,6.764054,80.57105,1851.3,50.6
,7.109995,80.842222,1291.3,50.6
,6.849404,81.158686,721.3,50.6
,6.42461,80.471385,501.3,50.6
,7.621925,80.794442,471.3,50.6
,7.386243,80.350653,271.3,50.6
,7.066393,80.34525,211.3,50.6
,7.403263,80.827317,1581.2,50.5
,6.869354,80.699675,1461.2,50.5
,7.107499,80.542384,781.2,50.5
,7.269454,80.531706,571.2,50.5
,6.71927,81.025071,491.2,50.5
,7.209081,80.336695,341.2,50.5
,7.244648,80.366816,261.2,50.5
,6.611642,80.271592,241.2,50.5
,7.383562,81.167824,221.2,50.5
,7.028603,80.690145,1711.1,50.4
,7.114061,80.859876,941.1,50.4
,6.748356,80.853299,781.1,50.4
,7.453441,80.667504,731.1,50.4
,6.298736,80.486101,551.1,50.4
,6.672398,80.802545,541.1,50.4
,6.858864,80.352225,371.1,50.4
,7.373052,80.476756,341.1,50.4
,7.997108,80.838002,281.1,50.4
Textile Hill,6.949935,80.783284,1951.0,50.3
,6.962373,80.577481,1621.0,50.3
,7.108628,80.658082,1301.0,50.3
,7.044434,80.361834,711.0,50.3
,7.408145,81.47412,431.0,50.3
,6.820611,81.201819,411.0,50.3
,7.21938,81.22663,371.0,50.3
,7.220318,81.075592,331.0,50.3
,7.226688,80.309513,241.0,50.3
,6.32486,80.734738,231.0,50.3
,6.340339,80.259388,221.0,50.3
,7.755796,81.371058,221.0,50.3
,7.86445,80.838527,211.0,50.3
,7.157197,80.696911,1370.9,50.2
,6.758666,80.850315,830.9,50.2
,6.495871,80.347113,390.9,50.2
,6.271934,80.619241,390.9,50.2
,6.249131,80.577224,290.9,50.2
,7.698154,80.728361,250.9,50.2
,7.185848,80.182433,220.9,50.2
,7.170759,80.26774,200.9,50.2
,6.793126,80.76374,2330.8,50.1
,6.828364,80.948584,1340.8,50.1
,6.453705,80.615388,1070.8,50.1
,7.076578,80.557065,670.8,50.1
,7.046322,81.436636,450.8,50.1
,6.99717,81.253837,410.8,50.1
,7.147516,80.354137,390.8,50.1
,6.869412,81.235793,380.8,50.1
,6.689466,80.931711,290.8,50.1
,7.208519,80.317137,280.8,50.1
,6.669398,80.903756,280.8,50.1
,6.52155,80.703255,260.8,50.1
,8.079284,80.62733,210.8,50.1
,6.942565,80.984734,1230.7,50.0
Walaboda Pathana,6.722572,80.65058,1080.7,50.0
,7.293595,80.525987,680.7,50.0
,6.727953,81.022362,610.7,50.0
,6.352204,80.529188,570.7,50.0
,7.011312,81.447447,500.7,50.0
,6.693697,81.13984,460.7,50.0
,6.690765,81.059247,440.7,50.0
,7.221289,80.336412,310.7,50.0
,7.145065,81.208359,300.7,50.0
,6.247744,80.509174,280.7,50.0
,7.621911,80.887162,230.7,50.0
,7.247714,80.193762,220.7,50.0
,6.646864,81.325119,200.7,50.0
,6.200169,80.359015,200.7,50.0
